iteration,total,bc,pde,supervised
1,3.3201543e14,7.9389834,14.164478,3.3201543e14
2,3.3201543e14,7.9600067,10.266991,3.3201543e14
3,3.3201543e14,7.9818583,7.2239943,3.3201543e14
4,3.3201543e14,8.003001,4.9896584,3.3201543e14
5,3.3201543e14,8.023037,3.488323,3.3201543e14
6,3.3201543e14,8.0412855,2.6008673,3.3201543e14
7,3.3201543e14,8.058303,2.17493,3.3201543e14
8,3.3201543e14,8.07403,2.0465055,3.3201543e14
9,3.3201543e14,8.088046,2.0616505,3.3201543e14
10,3.3201543e14,8.100358,2.1004434,3.3201543e14
11,3.3201543e14,8.111045,2.0891871,3.3201543e14
12,3.3201543e14,8.1202545,1.997561,3.3201543e14
13,3.3201543e14,8.128205,1.827758,3.3201543e14
14,3.3201543e14,8.1351595,1.6019721,3.3201543e14
15,3.3201543e14,8.141432,1.3513675,3.3201543e14
16,3.3201543e14,8.147359,1.1075565,3.3201543e14
17,3.3201543e14,8.153291,0.89663935,3.3201543e14
18,3.3201543e14,8.159564,0.7355045,3.3201543e14
19,3.3201543e14,8.166492,0.6301318,3.3201543e14
20,3.3201543e14,8.174335,0.5758111,3.3201543e14
21,3.3201543e14,8.183309,0.55925703,3.3201543e14
22,3.3201543e14,8.193539,0.562397,3.3201543e14
23,3.3201543e14,8.205071,0.56712013,3.3201543e14
24,3.3201543e14,8.217865,0.5597651,3.3201543e14
25,3.3201543e14,8.2317705,0.534094,3.3201543e14
26,3.3201543e14,8.246554,0.4919916,3.3201543e14
27,3.3201543e14,8.261871,0.44190627,3.3201543e14
28,3.3201543e14,8.27729,0.39566004,3.3201543e14
29,3.3201543e14,8.292302,0.36458004,3.3201543e14
30,3.3201543e14,8.306348,0.35597613,3.3201543e14
31,3.3201543e14,8.318853,0.37090236,3.3201543e14
32,3.3201543e14,8.329296,0.40386808,3.3201543e14
33,3.3201543e14,8.337244,0.44463268,3.3201543e14
34,3.3201543e14,8.342422,0.48150212,3.3201543e14
35,3.3201543e14,8.344716,0.50494635,3.3201543e14
36,3.3201543e14,8.344183,0.51024073,3.3201543e14
37,3.3201543e14,8.341004,0.49829417,3.3201543e14
38,3.3201543e14,8.335492,0.47459194,3.3201543e14
39,3.3201543e14,8.328019,0.4468316,3.3201543e14
40,3.3201543e14,8.319022,0.4221744,3.3201543e14
41,3.3201543e14,8.308949,0.40502673,3.3201543e14
42,3.3201543e14,8.298261,0.39603356,3.3201543e14
43,3.3201543e14,8.2873955,0.3925208,3.3201543e14
44,3.3201543e14,8.276749,0.39012685,3.3201543e14
45,3.3201543e14,8.266643,0.3849057,3.3201543e14
46,3.3201543e14,8.257326,0.37503433,3.3201543e14
47,3.3201543e14,8.248946,0.36146602,3.3201543e14
48,3.3201543e14,8.241559,0.34736454,3.3201543e14
49,3.3201543e14,8.235347,0.3366674,3.3201543e14
50,3.3201543e14,8.230031,0.33245382,3.3201543e14
51,3.3201543e14,8.225443,0.33577192,3.3201543e14
52,3.3201543e14,8.221444,0.34552288,3.3201543e14
53,3.3201543e14,8.217898,0.35925403,3.3201543e14
54,3.3201543e14,8.21471,0.3744414,3.3201543e14
55,3.3201543e14,8.211851,0.3896039,3.3201543e14
56,3.3201543e14,8.209324,0.40473047,3.3201543e14
57,3.3201543e14,8.207193,0.42089397,3.3201543e14
58,3.3201543e14,8.205552,0.4393482,3.3201543e14
59,3.3201543e14,8.204503,0.4606157,3.3201543e14
60,3.3201543e14,8.204123,0.48403764,3.3201543e14
61,3.3201543e14,8.204462,0.50798106,3.3201543e14
62,3.3201543e14,8.205501,0.5305619,3.3201543e14
63,3.3201543e14,8.207145,0.5504803,3.3201543e14
64,3.3201543e14,8.209251,0.5675416,3.3201543e14
65,3.3201543e14,8.21161,0.5826271,3.3201543e14
66,3.3201543e14,8.213969,0.5971964,3.3201543e14
67,3.3201543e14,8.216079,0.61262524,3.3201543e14
68,3.3201543e14,8.217705,0.6297286,3.3201543e14
69,3.3201543e14,8.218661,0.64866906,3.3201543e14
70,3.3201543e14,8.218836,0.6691971,3.3201543e14
71,3.3201543e14,8.218195,0.6910066,3.3201543e14
72,3.3201543e14,8.216789,0.71395516,3.3201543e14
73,3.3201543e14,8.214749,0.73803324,3.3201543e14
74,3.3201543e14,8.212255,0.7631445,3.3201543e14
75,3.3201543e14,8.209527,0.7888923,3.3201543e14
76,3.3201543e14,8.206788,0.81452936,3.3201543e14
77,3.3201543e14,8.204243,0.83912796,3.3201543e14
78,3.3201543e14,8.202064,0.8618698,3.3201543e14
79,3.3201543e14,8.200374,0.8822964,3.3201543e14
80,3.3201543e14,8.19924,0.9003759,3.3201543e14
81,3.3201543e14,8.198681,0.9163838,3.3201543e14
82,3.3201543e14,8.198684,0.9306817,3.3201543e14
83,3.3201543e14,8.1992035,0.94352347,3.3201543e14
84,3.3201543e14,8.20019,0.9549745,3.3201543e14
85,3.3201543e14,8.201583,0.96495384,3.3201543e14
86,3.3201543e14,8.203344,0.9733138,3.3201543e14
87,3.3201543e14,8.205441,0.97989845,3.3201543e14
88,3.3201543e14,8.207851,0.9845358,3.3201543e14
89,3.3201543e14,8.2105465,0.9869962,3.3201543e14
90,3.3201543e14,8.213507,0.9869739,3.3201543e14
91,3.3201543e14,8.216694,0.9841285,3.3201543e14
92,3.3201543e14,8.220048,0.97818136,3.3201543e14
93,3.3201543e14,8.223494,0.96902424,3.3201543e14
94,3.3201543e14,8.226932,0.9567687,3.3201543e14
95,3.3201543e14,8.230257,0.94173455,3.3201543e14
96,3.3201543e14,8.233355,0.92437446,3.3201543e14
97,3.3201543e14,8.236121,0.90519094,3.3201543e14
98,3.3201543e14,8.238463,0.8846746,3.3201543e14
99,3.3201543e14,8.240313,0.86327964,3.3201543e14
100,3.3201543e14,8.2416315,0.84141994,3.3201543e14
101,3.3201543e14,8.242406,0.819474,3.3201543e14
102,3.3201543e14,8.242655,0.7977756,3.3201543e14
103,3.3201543e14,8.242409,0.77661467,3.3201543e14
104,3.3201543e14,8.2417145,0.7562524,3.3201543e14
105,3.3201543e14,8.240648,0.7369543,3.3201543e14
106,3.3201543e14,8.239257,0.7190344,3.3201543e14
107,3.3201543e14,8.237611,0.7028802,3.3201543e14
108,3.3201543e14,8.235773,0.6889374,3.3201543e14
109,3.3201543e14,8.233797,0.6776552,3.3201543e14
110,3.3201543e14,8.231734,0.66941583,3.3201543e14
111,3.3201543e14,8.229637,0.66447645,3.3201543e14
112,3.3201543e14,8.2275505,0.6629383,3.3201543e14
113,3.3201543e14,8.225519,0.6647543,3.3201543e14
114,3.3201543e14,8.223588,0.6697447,3.3201543e14
115,3.3201543e14,8.221796,0.67761534,3.3201543e14
116,3.3201543e14,8.220184,0.68796515,3.3201543e14
117,3.3201543e14,8.218775,0.700294,3.3201543e14
118,3.3201543e14,8.217596,0.714029,3.3201543e14
119,3.3201543e14,8.216649,0.7285708,3.3201543e14
120,3.3201543e14,8.2159395,0.7433628,3.3201543e14
121,3.3201543e14,8.215452,0.7579533,3.3201543e14
122,3.3201543e14,8.215162,0.7720342,3.3201543e14
123,3.3201543e14,8.215072,0.78544104,3.3201543e14
124,3.3201543e14,8.215137,0.7981252,3.3201543e14
125,3.3201543e14,8.2153015,0.81009054,3.3201543e14
126,3.3201543e14,8.215541,0.82136285,3.3201543e14
127,3.3201543e14,8.215846,0.83196753,3.3201543e14
128,3.3201543e14,8.216195,0.841919,3.3201543e14
129,3.3201543e14,8.216605,0.85121834,3.3201543e14
130,3.3201543e14,8.217074,0.8598576,3.3201543e14
131,3.3201543e14,8.217611,0.86783445,3.3201543e14
132,3.3201543e14,8.218222,0.8751622,3.3201543e14
133,3.3201543e14,8.218904,0.88188875,3.3201543e14
134,3.3201543e14,8.21965,0.8881055,3.3201543e14
135,3.3201543e14,8.220437,0.893944,3.3201543e14
136,3.3201543e14,8.221242,0.8995649,3.3201543e14
137,3.3201543e14,8.222029,0.9051441,3.3201543e14
138,3.3201543e14,8.222751,0.9108465,3.3201543e14
139,3.3201543e14,8.223377,0.91681296,3.3201543e14
140,3.3201543e14,8.223856,0.9231503,3.3201543e14
141,3.3201543e14,8.224151,0.9299171,3.3201543e14
142,3.3201543e14,8.22422,0.93712425,3.3201543e14
143,3.3201543e14,8.2240305,0.94473034,3.3201543e14
144,3.3201543e14,8.22357,0.9526469,3.3201543e14
145,3.3201543e14,8.222827,0.9607503,3.3201543e14
146,3.3201543e14,8.221832,0.96889925,3.3201543e14
147,3.3201543e14,8.220619,0.9769622,3.3201543e14
148,3.3201543e14,8.219242,0.98484015,3.3201543e14
149,3.3201543e14,8.217777,0.99248666,3.3201543e14
150,3.3201543e14,8.216309,0.99991703,3.3201543e14
151,3.3201543e14,8.214915,1.0072061,3.3201543e14
152,3.3201543e14,8.213674,1.0144697,3.3201543e14
153,3.3201543e14,8.21265,1.0218467,3.3201543e14
154,3.3201543e14,8.21194,1.0294716,3.3201543e14
155,3.3201543e14,8.21153,1.0374583,3.3201543e14
156,3.3201543e14,8.211422,1.0458702,3.3201543e14
157,3.3201543e14,8.211621,1.0547265,3.3201543e14
158,3.3201543e14,8.2121105,1.0640129,3.3201543e14
159,3.3201543e14,8.2128525,1.0736908,3.3201543e14
160,3.3201543e14,8.213805,1.083708,3.3201543e14
161,3.3201543e14,8.214914,1.0940068,3.3201543e14
162,3.3201543e14,8.216114,1.1045346,3.3201543e14
163,3.3201543e14,8.217335,1.1152458,3.3201543e14
164,3.3201543e14,8.218507,1.1261024,3.3201543e14
165,3.3201543e14,8.219577,1.137069,3.3201543e14
166,3.3201543e14,8.220484,1.1481062,3.3201543e14
167,3.3201543e14,8.221197,1.1591659,3.3201543e14
168,3.3201543e14,8.221703,1.1701896,3.3201543e14
169,3.3201543e14,8.221998,1.1811078,3.3201543e14
170,3.3201543e14,8.222111,1.1918476,3.3201543e14
171,3.3201543e14,8.222063,1.2023348,3.3201543e14
172,3.3201543e14,8.221893,1.212507,3.3201543e14
173,3.3201543e14,8.221649,1.2223153,3.3201543e14
174,3.3201543e14,8.221363,1.2317373,3.3201543e14
175,3.3201543e14,8.221071,1.2407762,3.3201543e14
176,3.3201543e14,8.220785,1.2494618,3.3201543e14
177,3.3201543e14,8.220522,1.257845,3.3201543e14
178,3.3201543e14,8.220268,1.2659917,3.3201543e14
179,3.3201543e14,8.220011,1.2739756,3.3201543e14
180,3.3201543e14,8.219715,1.2818677,3.3201543e14
181,3.3201543e14,8.219356,1.2897317,3.3201543e14
182,3.3201543e14,8.218893,1.2976187,3.3201543e14
183,3.3201543e14,8.218309,1.3055693,3.3201543e14
184,3.3201543e14,8.217594,1.3136139,3.3201543e14
185,3.3201543e14,8.216754,1.3217812,3.3201543e14
186,3.3201543e14,8.215823,1.3300998,3.3201543e14
187,3.3201543e14,8.214845,1.3385994,3.3201543e14
188,3.3201543e14,8.213866,1.3473091,3.3201543e14
189,3.3201543e14,8.212925,1.3562485,3.3201543e14
190,3.3201543e14,8.212054,1.3654064,3.3201543e14
191,3.3201543e14,8.211258,1.3747213,3.3201543e14
192,3.3201543e14,8.210524,1.3840568,3.3201543e14
193,3.3201543e14,8.209836,1.3931841,3.3201543e14
194,3.3201543e14,8.209179,1.4017879,3.3201543e14
195,3.3201543e14,8.208548,1.409484,3.3201543e14
196,3.3201543e14,8.207956,1.4158734,3.3201543e14
197,3.3201543e14,8.207419,1.4206116,3.3201543e14
198,3.3201543e14,8.206975,1.423498,3.3201543e14
199,3.3201543e14,8.206644,1.4245402,3.3201543e14
200,3.3201543e14,8.206444,1.4239627,3.3201543e14
201,3.3201543e14,8.206385,1.4221656,3.3201543e14
202,3.3201543e14,8.206461,1.419625,3.3201543e14
203,3.3201543e14,8.206675,1.4168065,3.3201543e14
204,3.3201543e14,8.207021,1.4140958,3.3201543e14
205,3.3201543e14,8.207501,1.4117677,3.3201543e14
206,3.3201543e14,8.208118,1.4099891,3.3201543e14
207,3.3201543e14,8.208876,1.4088378,3.3201543e14
208,3.3201543e14,8.209765,1.4083409,3.3201543e14
209,3.3201543e14,8.210763,1.4085178,3.3201543e14
210,3.3201543e14,8.211837,1.4094211,3.3201543e14
211,3.3201543e14,8.212924,1.4111499,3.3201543e14
212,3.320154e14,8.21397,1.4138398,3.320154e14
213,3.320154e14,8.214904,1.417625,3.320154e14
214,3.320154e14,8.215669,1.4226063,3.320154e14
215,3.320154e14,8.216229,1.4288219,3.320154e14
216,3.320154e14,8.216559,1.436241,3.320154e14
217,3.320154e14,8.216665,1.4447728,3.320154e14
218,3.320154e14,8.2165575,1.4542851,3.320154e14
219,3.320154e14,8.21627,1.4646364,3.320154e14
220,3.320154e14,8.215832,1.4757026,3.320154e14
221,3.320154e14,8.215267,1.4873918,3.320154e14
222,3.320154e14,8.214614,1.4996499,3.320154e14
223,3.320154e14,8.213894,1.5124382,3.320154e14
224,3.320154e14,8.213143,1.5257055,3.320154e14
225,3.320154e14,8.212397,1.5393566,3.320154e14
226,3.320154e14,8.2117,1.5532329,3.320154e14
227,3.320154e14,8.211115,1.5671054,3.320154e14
228,3.320154e14,8.210686,1.5806909,3.320154e14
229,3.320154e14,8.210468,1.5936753,3.320154e14
230,3.320154e14,8.210498,1.6057625,3.320154e14
231,3.320154e14,8.21078,1.6167082,3.320154e14
232,3.320154e14,8.2112875,1.6263572,3.320154e14
233,3.320154e14,8.211981,1.6346506,3.320154e14
234,3.320154e14,8.212784,1.6416216,3.320154e14
235,3.320154e14,8.213622,1.6473682,3.320154e14
236,3.320154e14,8.21441,1.6520265,3.320154e14
237,3.3201537e14,8.215087,1.6557487,3.3201537e14
238,3.3201537e14,8.215601,1.6586883,3.3201537e14
239,3.3201537e14,8.215926,1.6609907,3.3201537e14
240,3.3201537e14,8.216065,1.6627967,3.3201537e14
241,3.3201537e14,8.2160425,1.6642464,3.3201537e14
242,3.3201537e14,8.215888,1.6654766,3.3201537e14
243,3.3201537e14,8.21565,1.6666185,3.3201537e14
244,3.3201537e14,8.21538,1.6678021,3.3201537e14
245,3.3201537e14,8.215123,1.6691383,3.3201537e14
246,3.3201537e14,8.214928,1.6707169,3.3201537e14
247,3.3201537e14,8.214821,1.6726036,3.3201537e14
248,3.3201537e14,8.214837,1.6748326,3.3201537e14
249,3.3201537e14,8.214982,1.6774158,3.3201537e14
250,3.3201537e14,8.215262,1.6803409,3.3201537e14
251,3.3201537e14,8.215668,1.6835804,3.3201537e14
252,3.3201537e14,8.2161875,1.687097,3.3201537e14
253,3.3201537e14,8.216785,1.6908405,3.3201537e14
254,3.3201537e14,8.217446,1.6947535,3.3201537e14
255,3.3201537e14,8.218132,1.698763,3.3201537e14
256,3.3201537e14,8.218827,1.7027794,3.3201537e14
257,3.3201537e14,8.219513,1.7066885,3.3201537e14
258,3.3201537e14,8.220183,1.710358,3.3201537e14
259,3.3201537e14,8.22084,1.713643,3.3201537e14
260,3.3201537e14,8.221488,1.7164049,3.3201537e14
261,3.3201537e14,8.222122,1.7185386,3.3201537e14
262,3.3201537e14,8.222729,1.7199996,3.3201537e14
263,3.3201537e14,8.22327,1.7208343,3.3201537e14
264,3.3201537e14,8.223676,1.7211894,3.3201537e14
265,3.3201537e14,8.223845,1.7213053,3.3201537e14
266,3.3201537e14,8.22366,1.7214904,3.3201537e14
267,3.3201537e14,8.223011,1.7220896,3.3201537e14
268,3.3201537e14,8.221825,1.7234709,3.3201537e14
269,3.3201537e14,8.220085,1.7260066,3.3201537e14
270,3.3201537e14,8.217844,1.7300447,3.3201537e14
271,3.3201537e14,8.215231,1.7358587,3.3201537e14
272,3.3201537e14,8.212433,1.7435746,3.3201537e14
273,3.3201537e14,8.209674,1.7531209,3.3201537e14
274,3.3201537e14,8.207165,1.7642322,3.3201537e14
275,3.3201537e14,8.205104,1.7765073,3.3201537e14
276,3.3201537e14,8.203627,1.7894984,3.3201537e14
277,3.3201537e14,8.202804,1.8028185,3.3201537e14
278,3.3201537e14,8.202623,1.8161943,3.3201537e14
279,3.3201537e14,8.203023,1.8294858,3.3201537e14
280,3.3201537e14,8.203872,1.8426478,3.3201537e14
281,3.3201537e14,8.205008,1.8556743,3.3201537e14
282,3.3201537e14,8.206256,1.8685327,3.3201537e14
283,3.3201537e14,8.207455,1.8811371,3.3201537e14
284,3.3201537e14,8.20846,1.8933449,3.3201537e14
285,3.3201537e14,8.209162,1.9049875,3.3201537e14
286,3.3201537e14,8.209504,1.9159081,3.3201537e14
287,3.3201537e14,8.209469,1.9259999,3.3201537e14
288,3.3201537e14,8.209079,1.9352288,3.3201537e14
289,3.3201537e14,8.20839,1.9436253,3.3201537e14
290,3.3201537e14,8.207492,1.9512649,3.3201537e14
291,3.3201537e14,8.206477,1.9582353,3.3201537e14
292,3.3201537e14,8.205458,1.9646142,3.3201537e14
293,3.3201537e14,8.204524,1.9704521,3.3201537e14
294,3.3201537e14,8.20377,1.9757777,3.3201537e14
295,3.3201537e14,8.203246,1.9806104,3.3201537e14
296,3.3201537e14,8.202985,1.9849756,3.3201537e14
297,3.3201537e14,8.202987,1.9889247,3.3201537e14
298,3.3201537e14,8.203227,1.9925292,3.3201537e14
299,3.3201537e14,8.203653,1.9958829,3.3201537e14
300,3.3201537e14,8.204196,1.9990853,3.3201537e14
301,3.3201537e14,8.2047825,2.0022216,3.3201537e14
302,3.3201537e14,8.205344,2.0053623,3.3201537e14
303,3.3201537e14,8.205814,2.0085487,3.3201537e14
304,3.3201537e14,8.206146,2.0118043,3.3201537e14
305,3.3201537e14,8.206309,2.0151389,3.3201537e14
306,3.3201537e14,8.206296,2.0185592,3.3201537e14
307,3.3201537e14,8.206103,2.0220783,3.3201537e14
308,3.3201537e14,8.205762,2.0257096,3.3201537e14
309,3.3201537e14,8.2052965,2.0294702,3.3201537e14
310,3.3201537e14,8.204748,2.0333707,3.3201537e14
311,3.3201537e14,8.204163,2.037411,3.3201537e14
312,3.3201537e14,8.203579,2.041582,3.3201537e14
313,3.3201537e14,8.203038,2.0458589,3.3201537e14
314,3.3201537e14,8.202561,2.0502152,3.3201537e14
315,3.3201537e14,8.202172,2.0546234,3.3201537e14
316,3.3201537e14,8.201869,2.0590591,3.3201537e14
317,3.3201537e14,8.201648,2.0635056,3.3201537e14
318,3.3201537e14,8.2014885,2.0679514,3.3201537e14
319,3.3201537e14,8.201373,2.0723867,3.3201537e14
320,3.3201537e14,8.201275,2.076804,3.3201537e14
321,3.3201537e14,8.201161,2.0811899,3.3201537e14
322,3.3201537e14,8.201021,2.0855286,3.3201537e14
323,3.3201537e14,8.200832,2.0898027,3.3201537e14
324,3.3201537e14,8.200588,2.0939982,3.3201537e14
325,3.3201537e14,8.200284,2.0980997,3.3201537e14
326,3.3201537e14,8.1999235,2.1021023,3.3201537e14
327,3.3201537e14,8.199518,2.1060026,3.3201537e14
328,3.3201537e14,8.199074,2.1098025,3.3201537e14
329,3.3201537e14,8.198619,2.113507,3.3201537e14
330,3.3201537e14,8.198157,2.1171157,3.3201537e14
331,3.3201537e14,8.197713,2.1206338,3.3201537e14
332,3.3201537e14,8.197295,2.1240623,3.3201537e14
333,3.3201537e14,8.196913,2.127403,3.3201537e14
334,3.3201537e14,8.196571,2.1306612,3.3201537e14
335,3.3201537e14,8.196268,2.1338458,3.3201537e14
336,3.3201537e14,8.195992,2.1369681,3.3201537e14
337,3.3201537e14,8.195748,2.1400387,3.3201537e14
338,3.3201537e14,8.195515,2.1430738,3.3201537e14
339,3.3201537e14,8.195284,2.14608,3.3201537e14
340,3.3201537e14,8.1950445,2.14907,3.3201537e14
341,3.3201537e14,8.194785,2.152048,3.3201537e14
342,3.3201537e14,8.194503,2.1550233,3.3201537e14
343,3.3201537e14,8.194191,2.1579983,3.3201537e14
344,3.3201537e14,8.1938505,2.1609783,3.3201537e14
345,3.3201537e14,8.193484,2.1639688,3.3201537e14
346,3.3201537e14,8.193094,2.166974,3.3201537e14
347,3.3201537e14,8.192687,2.1699991,3.3201537e14
348,3.3201537e14,8.192268,2.1730444,3.3201537e14
349,3.3201537e14,8.191844,2.1761115,3.3201537e14
350,3.3201537e14,8.191423,2.179197,3.3201537e14
351,3.3201537e14,8.191007,2.1822991,3.3201537e14
352,3.3201537e14,8.190597,2.1854153,3.3201537e14
353,3.3201537e14,8.190198,2.1885428,3.3201537e14
354,3.3201537e14,8.189806,2.1916804,3.3201537e14
355,3.3201537e14,8.189421,2.1948252,3.3201537e14
356,3.3201537e14,8.189038,2.197976,3.3201537e14
357,3.3201537e14,8.188649,2.2011297,3.3201537e14
358,3.3201537e14,8.188253,2.2042844,3.3201537e14
359,3.3201537e14,8.187849,2.207435,3.3201537e14
360,3.3201537e14,8.187434,2.2105782,3.3201537e14
361,3.3201537e14,8.187003,2.2137098,3.3201537e14
362,3.3201537e14,8.186559,2.2168288,3.3201537e14
363,3.3201537e14,8.1861,2.2199333,3.3201537e14
364,3.3201537e14,8.185629,2.223021,3.3201537e14
365,3.3201537e14,8.18515,2.2260919,3.3201537e14
366,3.3201537e14,8.184663,2.229144,3.3201537e14
367,3.3201537e14,8.184171,2.232178,3.3201537e14
368,3.3201537e14,8.183678,2.2351918,3.3201537e14
369,3.3201537e14,8.183187,2.2381856,3.3201537e14
370,3.3201537e14,8.182694,2.241161,3.3201537e14
371,3.3201537e14,8.182206,2.244119,3.3201537e14
372,3.3201537e14,8.181713,2.2470613,3.3201537e14
373,3.3201537e14,8.181224,2.2499897,3.3201537e14
374,3.3201537e14,8.180733,2.25291,3.3201537e14
375,3.3201537e14,8.180236,2.2558224,3.3201537e14
376,3.3201537e14,8.179735,2.2587304,3.3201537e14
377,3.3201537e14,8.179227,2.2616372,3.3201537e14
378,3.3201537e14,8.17871,2.2645462,3.3201537e14
379,3.3201537e14,8.178179,2.2674606,3.3201537e14
380,3.3201537e14,8.177642,2.2703846,3.3201537e14
381,3.3201537e14,8.1770935,2.2733238,3.3201537e14
382,3.3201537e14,8.176536,2.27628,3.3201537e14
383,3.3201537e14,8.175969,2.2792585,3.3201537e14
384,3.3201537e14,8.175391,2.282264,3.3201537e14
385,3.3201537e14,8.174808,2.2853,3.3201537e14
386,3.3201537e14,8.174219,2.2883704,3.3201537e14
387,3.3201537e14,8.173623,2.2914817,3.3201537e14
388,3.3201537e14,8.173021,2.2946343,3.3201537e14
389,3.3201537e14,8.172411,2.2978365,3.3201537e14
390,3.3201537e14,8.171796,2.3010917,3.3201537e14
391,3.3201537e14,8.171176,2.3044045,3.3201537e14
392,3.3201537e14,8.170547,2.3077822,3.3201537e14
393,3.3201537e14,8.169909,2.3112283,3.3201537e14
394,3.3201537e14,8.169259,2.3147473,3.3201537e14
395,3.3201537e14,8.168601,2.3183463,3.3201537e14
396,3.3201537e14,8.1679325,2.3220317,3.3201537e14
397,3.3201537e14,8.1672535,2.3258066,3.3201537e14
398,3.3201537e14,8.16656,2.3296814,3.3201537e14
399,3.3201537e14,8.165856,2.3336601,3.3201537e14
400,3.3201537e14,8.16514,2.3377502,3.3201537e14
401,3.3201537e14,8.16442,2.3419611,3.3201537e14
402,3.3201537e14,8.163683,2.3462996,3.3201537e14
403,3.3201537e14,8.162935,2.3507757,3.3201537e14
404,3.3201537e14,8.162181,2.3553977,3.3201537e14
405,3.3201537e14,8.16142,2.3601768,3.3201537e14
406,3.3201537e14,8.160642,2.3651237,3.3201537e14
407,3.3201537e14,8.159859,2.3702526,3.3201537e14
408,3.3201537e14,8.159066,2.3755746,3.3201537e14
409,3.3201537e14,8.158264,2.3811066,3.3201537e14
410,3.3201537e14,8.157452,2.3868625,3.3201537e14
411,3.3201537e14,8.156633,2.3928616,3.3201537e14
412,3.3201537e14,8.155802,2.3991222,3.3201537e14
413,3.3201537e14,8.154956,2.405663,3.3201537e14
414,3.3201537e14,8.154105,2.4125059,3.3201537e14
415,3.3201537e14,8.153245,2.419674,3.3201537e14
416,3.3201537e14,8.152371,2.427189,3.3201537e14
417,3.3201537e14,8.151489,2.4350748,3.3201537e14
418,3.3201537e14,8.150601,2.4433548,3.3201537e14
419,3.3201537e14,8.149705,2.4520514,3.3201537e14
420,3.3201537e14,8.1488,2.4611871,3.3201537e14
421,3.3201537e14,8.147891,2.4707806,3.3201537e14
422,3.3201537e14,8.146975,2.4808505,3.3201537e14
423,3.3201537e14,8.146077,2.4914095,3.3201537e14
424,3.3201537e14,8.145185,2.5024784,3.3201537e14
425,3.3201537e14,8.144289,2.5141172,3.3201537e14
426,3.3201537e14,8.1433735,2.5263908,3.3201537e14
427,3.3201537e14,8.142439,2.5393338,3.3201537e14
428,3.3201537e14,8.141499,2.552925,3.3201537e14
429,3.3201537e14,8.140558,2.5670934,3.3201537e14
430,3.3201537e14,8.139637,2.5817595,3.3201537e14
431,3.3201537e14,8.138744,2.5968628,3.3201537e14
432,3.3201537e14,8.137883,2.6123874,3.3201537e14
433,3.3201537e14,8.137046,2.6283572,3.3201537e14
434,3.3201537e14,8.13623,2.6448057,3.3201537e14
435,3.3201537e14,8.135455,2.66173,3.3201537e14
436,3.3201537e14,8.134728,2.679038,3.3201537e14
437,3.3201537e14,8.134053,2.6965282,3.3201537e14
438,3.3201537e14,8.133461,2.7140121,3.3201537e14
439,3.3201537e14,8.132953,2.7314334,3.3201537e14
440,3.3201537e14,8.132499,2.7489042,3.3201537e14
441,3.3201537e14,8.132068,2.7666311,3.3201537e14
442,3.3201537e14,8.131627,2.7847981,3.3201537e14
443,3.3201537e14,8.131161,2.8034775,3.3201537e14
444,3.3201537e14,8.130693,2.822606,3.3201537e14
445,3.3201537e14,8.13026,2.8420365,3.3201537e14
446,3.3201537e14,8.129949,2.8616266,3.3201537e14
447,3.3201537e14,8.129699,2.881361,3.3201537e14
448,3.3201537e14,8.129498,2.9013479,3.3201537e14
449,3.3201537e14,8.129323,2.9217083,3.3201537e14
450,3.3201537e14,8.129181,2.942487,3.3201537e14
451,3.3201537e14,8.129064,2.9636106,3.3201537e14
452,3.3201537e14,8.128995,2.984912,3.3201537e14
453,3.3201537e14,8.129,3.006191,3.3201537e14
454,3.3201537e14,8.129086,3.027307,3.3201537e14
455,3.3201537e14,8.129245,3.0482123,3.3201537e14
456,3.3201537e14,8.129455,3.068944,3.3201537e14
457,3.3201537e14,8.129693,3.0895526,3.3201537e14
458,3.3201537e14,8.129943,3.1100504,3.3201537e14
459,3.3201537e14,8.130208,3.1303794,3.3201537e14
460,3.3201537e14,8.130492,3.150424,3.3201537e14
461,3.3201537e14,8.130818,3.1700652,3.3201537e14
462,3.3201537e14,8.13119,3.189227,3.3201537e14
463,3.3201537e14,8.131611,3.2079022,3.3201537e14
464,3.3201537e14,8.132071,3.2261455,3.3201537e14
465,3.3201537e14,8.132559,3.2440264,3.3201537e14
466,3.3201537e14,8.133069,3.2615898,3.3201537e14
467,3.3201537e14,8.133602,3.2788408,3.3201537e14
468,3.3201537e14,8.134166,3.2957537,3.3201537e14
469,3.3201537e14,8.134762,3.312297,3.3201537e14
470,3.3201537e14,8.135389,3.328471,3.3201537e14
471,3.3201537e14,8.136047,3.344319,3.3201537e14
472,3.3201537e14,8.136717,3.3599246,3.3201537e14
473,3.3201537e14,8.137385,3.375371,3.3201537e14
474,3.3201537e14,8.1380415,3.39074,3.3201537e14
475,3.3201537e14,8.13868,3.4060662,3.3201537e14
476,3.3201537e14,8.139305,3.4213693,3.3201537e14
477,3.3201537e14,8.139919,3.4366581,3.3201537e14
478,3.3201537e14,8.140517,3.4519544,3.3201537e14
479,3.3201537e14,8.141106,3.4673078,3.3201537e14
480,3.3201537e14,8.141672,3.4827778,3.3201537e14
481,3.3201537e14,8.142212,3.4984317,3.3201537e14
482,3.3201537e14,8.142727,3.5143204,3.3201537e14
483,3.3201537e14,8.143208,3.530472,3.3201537e14
484,3.3201537e14,8.143664,3.546889,3.3201537e14
485,3.3201537e14,8.144095,3.563566,3.3201537e14
486,3.3201537e14,8.144499,3.5805044,3.3201537e14
487,3.3201537e14,8.14488,3.5977108,3.3201537e14
488,3.3201537e14,8.145235,3.615208,3.3201537e14
489,3.3201537e14,8.14555,3.6330173,3.3201537e14
490,3.3201537e14,8.14583,3.6511447,3.3201537e14
491,3.3201537e14,8.146069,3.669589,3.3201537e14
492,3.3201537e14,8.1462755,3.688331,3.3201537e14
493,3.3201537e14,8.146444,3.7073395,3.3201537e14
494,3.3201537e14,8.146587,3.7265928,3.3201537e14
495,3.3201537e14,8.146696,3.7460752,3.3201537e14
496,3.3201537e14,8.146781,3.7657745,3.3201537e14
497,3.3201537e14,8.146833,3.7856884,3.3201537e14
498,3.3201537e14,8.146859,3.8058078,3.3201537e14
499,3.3201537e14,8.146862,3.8261166,3.3201537e14
500,3.3201537e14,8.146837,3.8465934,3.3201537e14
501,3.3201537e14,8.146796,3.8672078,3.3201537e14
502,3.3201537e14,8.146742,3.8879354,3.3201537e14
503,3.3201537e14,8.146669,3.9087565,3.3201537e14
504,3.3201537e14,8.146583,3.9296603,3.3201537e14
505,3.3201537e14,8.146483,3.9506404,3.3201537e14
506,3.3201537e14,8.146372,3.9716914,3.3201537e14
507,3.3201537e14,8.146246,3.9928,3.3201537e14
508,3.3201537e14,8.1461115,4.01395,3.3201537e14
509,3.3201537e14,8.1459675,4.03513,3.3201537e14
510,3.3201537e14,8.145904,4.0563188,3.3201537e14
511,3.3201537e14,8.145856,4.0775175,3.3201537e14
512,3.3201537e14,8.145804,4.0987577,3.3201537e14
513,3.3201537e14,8.145734,4.1200867,3.3201537e14
514,3.3201537e14,8.145651,4.14153,3.3201537e14
515,3.3201537e14,8.1455555,4.163073,3.3201537e14
516,3.3201537e14,8.145456,4.1846614,3.3201537e14
517,3.3201537e14,8.145385,4.206235,3.3201537e14
518,3.3201537e14,8.145366,4.227736,3.3201537e14
519,3.3201537e14,8.145378,4.2490797,3.3201537e14
520,3.3201537e14,8.14543,4.270203,3.3201537e14
521,3.3201537e14,8.145517,4.291099,3.3201537e14
522,3.3201537e14,8.145623,4.311825,3.3201537e14
523,3.3201537e14,8.14573,4.332479,3.3201537e14
524,3.3201537e14,8.145818,4.3531575,3.3201537e14
525,3.3201537e14,8.145875,4.373916,3.3201537e14
526,3.3201537e14,8.145913,4.3947616,3.3201537e14
527,3.3201537e14,8.145931,4.415659,3.3201537e14
528,3.3201537e14,8.145954,4.4365773,3.3201537e14
529,3.3201537e14,8.145985,4.4575047,3.3201537e14
530,3.3201537e14,8.146025,4.4784675,3.3201537e14
531,3.3201537e14,8.146075,4.499522,3.3201537e14
532,3.3201537e14,8.14613,4.520733,3.3201537e14
533,3.3201537e14,8.146189,4.54214,3.3201537e14
534,3.3201537e14,8.146287,4.563747,3.3201537e14
535,3.3201537e14,8.146398,4.5854607,3.3201537e14
536,3.3201537e14,8.146542,4.607159,3.3201537e14
537,3.3201537e14,8.146723,4.6287637,3.3201537e14
538,3.3201537e14,8.1469345,4.65029,3.3201537e14
539,3.3201537e14,8.147154,4.6718445,3.3201537e14
540,3.3201537e14,8.14735,4.6935644,3.3201537e14
541,3.3201537e14,8.147506,4.715557,3.3201537e14
542,3.3201537e14,8.147621,4.73785,3.3201537e14
543,3.3201537e14,8.147704,4.760401,3.3201537e14
544,3.3201537e14,8.147775,4.7831187,3.3201537e14
545,3.3201537e14,8.147856,4.8059254,3.3201537e14
546,3.3201537e14,8.147963,4.8287926,3.3201537e14
547,3.3201537e14,8.148085,4.851751,3.3201537e14
548,3.3201537e14,8.148219,4.8748665,3.3201537e14
549,3.3201537e14,8.148355,4.898212,3.3201537e14
550,3.3201537e14,8.148487,4.921807,3.3201537e14
551,3.3201537e14,8.148615,4.9456334,3.3201537e14
552,3.3201537e14,8.148747,4.969628,3.3201537e14
553,3.3201537e14,8.14889,4.9937234,3.3201537e14
554,3.3201537e14,8.149045,5.0178766,3.3201537e14
555,3.3201537e14,8.149213,5.042086,3.3201537e14
556,3.3201537e14,8.149416,5.0663824,3.3201537e14
557,3.3201537e14,8.149664,5.0908065,3.3201537e14
558,3.3201537e14,8.149906,5.115245,3.3201537e14
559,3.3201537e14,8.150176,5.1395183,3.3201537e14
560,3.3201537e14,8.150492,5.1634893,3.3201537e14
561,3.3201537e14,8.150862,5.1871476,3.3201537e14
562,3.3201537e14,8.151249,5.2106376,3.3201537e14
563,3.3201537e14,8.15162,5.2341805,3.3201537e14
564,3.3201537e14,8.151942,5.2579727,3.3201537e14
565,3.3201537e14,8.152207,5.2821074,3.3201537e14
566,3.3201537e14,8.152426,5.3065686,3.3201537e14
567,3.3201537e14,8.152628,5.3312526,3.3201537e14
568,3.3201537e14,8.15285,5.3560452,3.3201537e14
569,3.3201537e14,8.153102,5.380895,3.3201537e14
570,3.3201537e14,8.153396,5.405831,3.3201537e14
571,3.3201537e14,8.153703,5.430962,3.3201537e14
572,3.3201537e14,8.154013,5.456401,3.3201537e14
573,3.3201537e14,8.154299,5.482221,3.3201537e14
574,3.3201537e14,8.154567,5.5084143,3.3201537e14
575,3.3201537e14,8.154823,5.5349054,3.3201537e14
576,3.3201537e14,8.155079,5.5615926,3.3201537e14
577,3.3201537e14,8.155349,5.5883894,3.3201537e14
578,3.3201537e14,8.155627,5.615273,3.3201537e14
579,3.3201537e14,8.15591,5.642264,3.3201537e14
580,3.3201537e14,8.15618,5.6694217,3.3201537e14
581,3.3201537e14,8.156427,5.6967897,3.3201537e14
582,3.3201537e14,8.1566515,5.7243695,3.3201537e14
583,3.3201537e14,8.156859,5.7521234,3.3201537e14
584,3.3201537e14,8.157064,5.779979,3.3201537e14
585,3.3201537e14,8.157282,5.807867,3.3201537e14
586,3.3201537e14,8.157519,5.8357515,3.3201537e14
587,3.3201537e14,8.157772,5.863631,3.3201537e14
588,3.3201537e14,8.158036,5.8915462,3.3201537e14
589,3.3201537e14,8.158303,5.9195294,3.3201537e14
590,3.3201537e14,8.158563,5.9476085,3.3201537e14
591,3.3201537e14,8.158818,5.975777,3.3201537e14
592,3.3201537e14,8.159071,6.004008,3.3201537e14
593,3.3201537e14,8.159326,6.032265,3.3201537e14
594,3.3201537e14,8.159584,6.0605235,3.3201537e14
595,3.3201537e14,8.159851,6.088776,3.3201537e14
596,3.3201537e14,8.160118,6.1170564,3.3201537e14
597,3.3201537e14,8.160382,6.145394,3.3201537e14
598,3.3201537e14,8.160632,6.17382,3.3201537e14
599,3.3201537e14,8.160878,6.2023425,3.3201537e14
600,3.3201537e14,8.161119,6.23096,3.3201537e14
601,3.3201537e14,8.16136,6.259651,3.3201537e14
602,3.3201537e14,8.1616,6.288399,3.3201537e14
603,3.3201537e14,8.161854,6.317195,3.3201537e14
604,3.3201537e14,8.16211,6.346048,3.3201537e14
605,3.3201537e14,8.162367,6.3749795,3.3201537e14
606,3.3201537e14,8.162624,6.404009,3.3201537e14
607,3.3201537e14,8.162875,6.4331474,3.3201537e14
608,3.3201537e14,8.16312,6.4623914,3.3201537e14
609,3.3201537e14,8.163361,6.4917307,3.3201537e14
610,3.3201537e14,8.163604,6.5211477,3.3201537e14
611,3.3201537e14,8.163839,6.5506296,3.3201537e14
612,3.3201537e14,8.164079,6.580172,3.3201537e14
613,3.3201537e14,8.164318,6.609782,3.3201537e14
614,3.3201537e14,8.164552,6.639468,3.3201537e14
615,3.3201537e14,8.16478,6.669238,3.3201537e14
616,3.3201537e14,8.165003,6.699092,3.3201537e14
617,3.3201537e14,8.165224,6.729017,3.3201537e14
618,3.3201537e14,8.165443,6.7590046,3.3201537e14
619,3.3201537e14,8.165666,6.7890406,3.3201537e14
620,3.3201537e14,8.165888,6.819115,3.3201537e14
621,3.3201537e14,8.166114,6.8492355,3.3201537e14
622,3.3201537e14,8.166334,6.8794003,3.3201537e14
623,3.3201537e14,8.166559,6.909618,3.3201537e14
624,3.3201537e14,8.166832,6.9398913,3.3201537e14
625,3.3201537e14,8.167128,6.9702115,3.3201537e14
626,3.3201537e14,8.1674185,7.000615,3.3201537e14
627,3.3201537e14,8.167696,7.0311418,3.3201537e14
628,3.3201537e14,8.167958,7.06181,3.3201537e14
629,3.3201537e14,8.168208,7.0926104,3.3201537e14
630,3.3201537e14,8.168453,7.1235075,3.3201537e14
631,3.3201537e14,8.168697,7.1544538,3.3201537e14
632,3.3201537e14,8.168959,7.185407,3.3201537e14
633,3.3201537e14,8.169229,7.2163553,3.3201537e14
634,3.3201537e14,8.169507,7.247305,3.3201537e14
635,3.3201537e14,8.169786,7.278286,3.3201537e14
636,3.3201537e14,8.170063,7.309315,3.3201537e14
637,3.3201537e14,8.170331,7.3403997,3.3201537e14
638,3.3201537e14,8.17059,7.371524,3.3201537e14
639,3.3201537e14,8.170845,7.402664,3.3201537e14
640,3.3201537e14,8.1711,7.433792,3.3201537e14
641,3.3201537e14,8.171356,7.464894,3.3201537e14
642,3.3201537e14,8.171618,7.4959717,3.3201537e14
643,3.3201537e14,8.171876,7.5270443,3.3201537e14
644,3.3201537e14,8.1721325,7.558132,3.3201537e14
645,3.3201537e14,8.172384,7.5892487,3.3201537e14
646,3.3201537e14,8.172631,7.6203923,3.3201537e14
647,3.3201537e14,8.172878,7.651549,3.3201537e14
648,3.3201537e14,8.173127,7.6827145,3.3201537e14
649,3.3201537e14,8.173377,7.7138667,3.3201537e14
650,3.3201537e14,8.173633,7.7450185,3.3201537e14
651,3.3201537e14,8.173888,7.776171,3.3201537e14
652,3.3201537e14,8.174145,7.8073454,3.3201537e14
653,3.3201537e14,8.174394,7.8385515,3.3201537e14
654,3.3201537e14,8.174636,7.8697968,3.3201537e14
655,3.3201537e14,8.174871,7.901076,3.3201537e14
656,3.3201537e14,8.175108,7.9323797,3.3201537e14
657,3.3201537e14,8.175336,7.9636993,3.3201537e14
658,3.3201537e14,8.175568,7.995034,3.3201537e14
659,3.3201537e14,8.175797,8.026379,3.3201537e14
660,3.3201537e14,8.176024,8.057749,3.3201537e14
661,3.3201537e14,8.1762495,8.089144,3.3201537e14
662,3.3201537e14,8.176474,8.120568,3.3201537e14
663,3.3201537e14,8.17669,8.152019,3.3201537e14
664,3.3201537e14,8.176906,8.183489,3.3201537e14
665,3.3201537e14,8.177123,8.214972,3.3201537e14
666,3.3201537e14,8.17734,8.246451,3.3201537e14
667,3.3201537e14,8.177557,8.277933,3.3201537e14
668,3.3201537e14,8.1777725,8.309418,3.3201537e14
669,3.3201537e14,8.177985,8.340904,3.3201537e14
670,3.3201537e14,8.178194,8.372394,3.3201537e14
671,3.3201537e14,8.178401,8.403894,3.3201537e14
672,3.3201537e14,8.178605,8.435392,3.3201537e14
673,3.3201537e14,8.178804,8.466886,3.3201537e14
674,3.3201537e14,8.179007,8.498367,3.3201537e14
675,3.3201537e14,8.179205,8.529837,3.3201537e14
676,3.3201537e14,8.179401,8.5612955,3.3201537e14
677,3.3201537e14,8.1796,8.592745,3.3201537e14
678,3.3201537e14,8.179793,8.62419,3.3201537e14
679,3.3201537e14,8.179989,8.655634,3.3201537e14
680,3.3201537e14,8.180175,8.687071,3.3201537e14
681,3.3201537e14,8.180367,8.718505,3.3201537e14
682,3.3201537e14,8.180556,8.749926,3.3201537e14
683,3.3201537e14,8.180744,8.781342,3.3201537e14
684,3.3201537e14,8.180932,8.812748,3.3201537e14
685,3.3201537e14,8.181115,8.844142,3.3201537e14
686,3.3201537e14,8.181299,8.875536,3.3201537e14
687,3.3201537e14,8.1814785,8.906929,3.3201537e14
688,3.3201537e14,8.181657,8.938314,3.3201537e14
689,3.3201537e14,8.181835,8.969704,3.3201537e14
690,3.3201537e14,8.182009,9.001083,3.3201537e14
691,3.3201537e14,8.182181,9.032458,3.3201537e14
692,3.3201537e14,8.182351,9.063825,3.3201537e14
693,3.3201537e14,8.182521,9.0951805,3.3201537e14
694,3.3201537e14,8.18269,9.12653,3.3201537e14
695,3.3201537e14,8.182856,9.157873,3.3201537e14
696,3.3201537e14,8.183021,9.18921,3.3201537e14
697,3.3201537e14,8.183182,9.220543,3.3201537e14
698,3.3201537e14,8.183347,9.251864,3.3201537e14
699,3.3201537e14,8.183507,9.283172,3.3201537e14
700,3.3201537e14,8.1836605,9.314471,3.3201537e14
701,3.3201537e14,8.183817,9.345755,3.3201537e14
702,3.3201537e14,8.183972,9.377028,3.3201537e14
703,3.3201537e14,8.184127,9.40829,3.3201537e14
704,3.3201537e14,8.1842785,9.439539,3.3201537e14
705,3.3201537e14,8.184427,9.4707775,3.3201537e14
706,3.3201537e14,8.184573,9.501998,3.3201537e14
707,3.3201537e14,8.184717,9.533207,3.3201537e14
708,3.3201537e14,8.184861,9.564398,3.3201537e14
709,3.3201537e14,8.185003,9.595573,3.3201537e14
710,3.3201537e14,8.185145,9.626734,3.3201537e14
711,3.3201537e14,8.185283,9.657878,3.3201537e14
712,3.3201537e14,8.18542,9.68901,3.3201537e14
713,3.3201537e14,8.185555,9.720121,3.3201537e14
714,3.3201537e14,8.185692,9.751219,3.3201537e14
715,3.3201537e14,8.185822,9.782299,3.3201537e14
716,3.3201537e14,8.185952,9.81336,3.3201537e14
717,3.3201537e14,8.186078,9.844402,3.3201537e14
718,3.3201537e14,8.186208,9.875428,3.3201537e14
719,3.3201537e14,8.186335,9.906434,3.3201537e14
720,3.3201537e14,8.186459,9.937424,3.3201537e14
721,3.3201537e14,8.186579,9.968392,3.3201537e14
722,3.3201537e14,8.1867,9.999347,3.3201537e14
723,3.3201537e14,8.186818,10.030281,3.3201537e14
724,3.3201537e14,8.186934,10.0611925,3.3201537e14
725,3.3201537e14,8.187052,10.092087,3.3201537e14
726,3.3201537e14,8.187164,10.122961,3.3201537e14
727,3.3201537e14,8.187277,10.153814,3.3201537e14
728,3.3201537e14,8.1873865,10.184645,3.3201537e14
729,3.3201537e14,8.187497,10.215463,3.3201537e14
730,3.3201537e14,8.187604,10.246257,3.3201537e14
731,3.3201537e14,8.187711,10.277028,3.3201537e14
732,3.3201537e14,8.187814,10.307783,3.3201537e14
733,3.3201537e14,8.187916,10.338513,3.3201537e14
734,3.3201537e14,8.188017,10.369222,3.3201537e14
735,3.3201537e14,8.188116,10.399911,3.3201537e14
736,3.3201537e14,8.188215,10.43058,3.3201537e14
737,3.3201537e14,8.18831,10.461224,3.3201537e14
738,3.3201537e14,8.188406,10.491846,3.3201537e14
739,3.3201537e14,8.188498,10.522445,3.3201537e14
740,3.3201537e14,8.188587,10.553019,3.3201537e14
741,3.3201537e14,8.18868,10.583571,3.3201537e14
742,3.3201537e14,8.188768,10.6141,3.3201537e14
743,3.3201537e14,8.188853,10.6446085,3.3201537e14
744,3.3201537e14,8.188939,10.675091,3.3201537e14
745,3.3201537e14,8.189024,10.705547,3.3201537e14
746,3.3201537e14,8.189106,10.73598,3.3201537e14
747,3.3201537e14,8.189187,10.766387,3.3201537e14
748,3.3201537e14,8.189264,10.796771,3.3201537e14
749,3.3201537e14,8.1893425,10.827126,3.3201537e14
750,3.3201537e14,8.189419,10.85746,3.3201537e14
751,3.3201537e14,8.189492,10.887768,3.3201537e14
752,3.3201537e14,8.189567,10.918046,3.3201537e14
753,3.3201537e14,8.189637,10.948302,3.3201537e14
754,3.3201537e14,8.189707,10.978532,3.3201537e14
755,3.3201537e14,8.189776,11.008734,3.3201537e14
756,3.3201537e14,8.189841,11.03891,3.3201537e14
757,3.3201537e14,8.189906,11.069056,3.3201537e14
758,3.3201537e14,8.189971,11.099178,3.3201537e14
759,3.3201537e14,8.190032,11.129273,3.3201537e14
760,3.3201537e14,8.190096,11.159342,3.3201537e14
761,3.3201537e14,8.190153,11.189378,3.3201537e14
762,3.3201537e14,8.190211,11.219384,3.3201537e14
763,3.3201537e14,8.190268,11.249372,3.3201537e14
764,3.3201537e14,8.190324,11.279326,3.3201537e14
765,3.3201537e14,8.190377,11.309252,3.3201537e14
766,3.3201537e14,8.190429,11.339148,3.3201537e14
767,3.3201537e14,8.190479,11.369013,3.3201537e14
768,3.3201537e14,8.190529,11.398849,3.3201537e14
769,3.3201537e14,8.190576,11.428654,3.3201537e14
770,3.3201537e14,8.190621,11.458436,3.3201537e14
771,3.3201537e14,8.190668,11.488184,3.3201537e14
772,3.3201537e14,8.190711,11.517897,3.3201537e14
773,3.3201537e14,8.190755,11.547583,3.3201537e14
774,3.3201537e14,8.190792,11.577239,3.3201537e14
775,3.3201537e14,8.190831,11.606861,3.3201537e14
776,3.3201537e14,8.190873,11.636452,3.3201537e14
777,3.3201537e14,8.190907,11.666012,3.3201537e14
778,3.3201537e14,8.190941,11.695536,3.3201537e14
779,3.3201537e14,8.190975,11.725031,3.3201537e14
780,3.3201537e14,8.191007,11.754485,3.3201537e14
781,3.3201537e14,8.191036,11.78392,3.3201537e14
782,3.3201537e14,8.191066,11.8133135,3.3201537e14
783,3.3201537e14,8.191091,11.842674,3.3201537e14
784,3.3201537e14,8.191119,11.872001,3.3201537e14
785,3.3201537e14,8.191144,11.90129,3.3201537e14
786,3.3201537e14,8.191169,11.930551,3.3201537e14
787,3.3201537e14,8.191193,11.959772,3.3201537e14
788,3.3201537e14,8.191212,11.988958,3.3201537e14
789,3.3201537e14,8.19123,12.018113,3.3201537e14
790,3.3201537e14,8.19125,12.047228,3.3201537e14
791,3.3201537e14,8.191263,12.07631,3.3201537e14
792,3.3201537e14,8.191278,12.105352,3.3201537e14
793,3.3201537e14,8.191294,12.134359,3.3201537e14
794,3.3201537e14,8.191305,12.163331,3.3201537e14
795,3.3201537e14,8.191313,12.192266,3.3201537e14
796,3.3201537e14,8.191322,12.221161,3.3201537e14
797,3.3201537e14,8.191332,12.250019,3.3201537e14
798,3.3201537e14,8.191338,12.278837,3.3201537e14
799,3.3201537e14,8.191341,12.307623,3.3201537e14
800,3.3201537e14,8.191346,12.336364,3.3201537e14
801,3.3201537e14,8.191349,12.365066,3.3201537e14
802,3.3201537e14,8.191349,12.393727,3.3201537e14
803,3.3201537e14,8.191349,12.422357,3.3201537e14
804,3.3201537e14,8.191344,12.45094,3.3201537e14
805,3.3201537e14,8.191341,12.479489,3.3201537e14
806,3.3201537e14,8.191337,12.507999,3.3201537e14
807,3.3201537e14,8.191332,12.536461,3.3201537e14
808,3.3201537e14,8.191325,12.564885,3.3201537e14
809,3.3201537e14,8.191313,12.593271,3.3201537e14
810,3.3201537e14,8.191302,12.621607,3.3201537e14
811,3.3201537e14,8.191288,12.649915,3.3201537e14
812,3.3201537e14,8.1912775,12.678178,3.3201537e14
813,3.3201537e14,8.191261,12.70639,3.3201537e14
814,3.3201537e14,8.191244,12.73457,3.3201537e14
815,3.3201537e14,8.191229,12.762705,3.3201537e14
816,3.3201537e14,8.191207,12.790794,3.3201537e14
817,3.3201537e14,8.191186,12.818842,3.3201537e14
818,3.3201537e14,8.191164,12.846855,3.3201537e14
819,3.3201537e14,8.191144,12.874813,3.3201537e14
820,3.3201537e14,8.1911125,12.902733,3.3201537e14
821,3.3201537e14,8.191092,12.930609,3.3201537e14
822,3.3201537e14,8.191059,12.958443,3.3201537e14
823,3.3201537e14,8.191031,12.986232,3.3201537e14
824,3.3201537e14,8.191002,13.013985,3.3201537e14
825,3.3201537e14,8.19097,13.041683,3.3201537e14
826,3.3201537e14,8.190936,13.069342,3.3201537e14
827,3.3201537e14,8.190901,13.096952,3.3201537e14
828,3.3201537e14,8.190866,13.124524,3.3201537e14
829,3.3201537e14,8.190827,13.15205,3.3201537e14
830,3.3201537e14,8.190789,13.179532,3.3201537e14
831,3.3201537e14,8.190746,13.206969,3.3201537e14
832,3.3201537e14,8.190703,13.23436,3.3201537e14
833,3.3201537e14,8.190661,13.261709,3.3201537e14
834,3.3201537e14,8.190617,13.28901,3.3201537e14
835,3.3201537e14,8.190569,13.316266,3.3201537e14
836,3.3201537e14,8.190557,13.343481,3.3201537e14
837,3.3201537e14,8.190556,13.370646,3.3201537e14
838,3.3201537e14,8.190548,13.39782,3.3201537e14
839,3.3201537e14,8.190528,13.425024,3.3201537e14
840,3.3201537e14,8.19049,13.452301,3.3201537e14
841,3.3201537e14,8.190438,13.479639,3.3201537e14
842,3.3201537e14,8.190387,13.506993,3.3201537e14
843,3.3201537e14,8.190338,13.5343075,3.3201537e14
844,3.3201537e14,8.1903,13.561548,3.3201537e14
845,3.3201537e14,8.190275,13.588717,3.3201537e14
846,3.3201537e14,8.190256,13.615832,3.3201537e14
847,3.3201537e14,8.190232,13.642919,3.3201537e14
848,3.3201537e14,8.190199,13.669997,3.3201537e14
849,3.3201537e14,8.19016,13.697042,3.3201537e14
850,3.3201537e14,8.190117,13.7240305,3.3201537e14
851,3.3201537e14,8.190074,13.750926,3.3201537e14
852,3.3201537e14,8.190035,13.777701,3.3201537e14
853,3.3201537e14,8.190003,13.804364,3.3201537e14
854,3.3201537e14,8.189971,13.830921,3.3201537e14
855,3.3201537e14,8.189936,13.85741,3.3201537e14
856,3.3201537e14,8.189896,13.883852,3.3201537e14
857,3.3201537e14,8.189851,13.910235,3.3201537e14
858,3.3201537e14,8.189808,13.936555,3.3201537e14
859,3.3201537e14,8.189767,13.9628,3.3201537e14
860,3.3201537e14,8.189733,13.988958,3.3201537e14
861,3.3201537e14,8.189698,14.015045,3.3201537e14
862,3.3201537e14,8.189664,14.041079,3.3201537e14
863,3.3201537e14,8.189629,14.067086,3.3201537e14
864,3.3201537e14,8.189584,14.093074,3.3201537e14
865,3.3201537e14,8.18954,14.119034,3.3201537e14
866,3.3201537e14,8.189487,14.144964,3.3201537e14
867,3.3201537e14,8.189437,14.170854,3.3201537e14
868,3.3201537e14,8.189383,14.196687,3.3201537e14
869,3.3201537e14,8.189332,14.222465,3.3201537e14
870,3.3201537e14,8.1892805,14.248204,3.3201537e14
871,3.3201537e14,8.189229,14.273907,3.3201537e14
872,3.3201537e14,8.189169,14.299576,3.3201537e14
873,3.3201537e14,8.189108,14.325198,3.3201537e14
874,3.3201537e14,8.189047,14.350787,3.3201537e14
875,3.3201537e14,8.188983,14.376312,3.3201537e14
876,3.3201537e14,8.188925,14.401768,3.3201537e14
877,3.3201537e14,8.188862,14.42718,3.3201537e14
878,3.3201537e14,8.188803,14.452527,3.3201537e14
879,3.3201537e14,8.188735,14.477826,3.3201537e14
880,3.3201537e14,8.188667,14.503092,3.3201537e14
881,3.3201537e14,8.188597,14.528312,3.3201537e14
882,3.3201537e14,8.188526,14.553478,3.3201537e14
883,3.3201537e14,8.188454,14.578586,3.3201537e14
884,3.3201537e14,8.188383,14.603647,3.3201537e14
885,3.3201537e14,8.1883135,14.62865,3.3201537e14
886,3.3201537e14,8.188243,14.653599,3.3201537e14
887,3.3201537e14,8.18817,14.678511,3.3201537e14
888,3.3201537e14,8.188098,14.703379,3.3201537e14
889,3.3201537e14,8.188024,14.728202,3.3201537e14
890,3.3201537e14,8.187945,14.752976,3.3201537e14
891,3.3201537e14,8.187872,14.777695,3.3201537e14
892,3.3201537e14,8.187798,14.802359,3.3201537e14
893,3.3201537e14,8.187718,14.826986,3.3201537e14
894,3.3201537e14,8.187642,14.851565,3.3201537e14
895,3.3201537e14,8.187561,14.8761015,3.3201537e14
896,3.3201537e14,8.187483,14.9005995,3.3201537e14
897,3.3201537e14,8.187401,14.925057,3.3201537e14
898,3.3201537e14,8.187316,14.949478,3.3201537e14
899,3.3201537e14,8.187232,14.973862,3.3201537e14
900,3.3201537e14,8.187146,14.998197,3.3201537e14
901,3.3201537e14,8.18706,15.022495,3.3201537e14
902,3.3201537e14,8.186974,15.046759,3.3201537e14
903,3.3201537e14,8.186884,15.070985,3.3201537e14
904,3.3201537e14,8.186795,15.095186,3.3201537e14
905,3.3201537e14,8.186704,15.119341,3.3201537e14
906,3.3201537e14,8.186613,15.143466,3.3201537e14
907,3.3201537e14,8.186519,15.167549,3.3201537e14
908,3.3201537e14,8.186425,15.191593,3.3201537e14
909,3.3201537e14,8.186332,15.215604,3.3201537e14
910,3.3201537e14,8.186238,15.239569,3.3201537e14
911,3.3201537e14,8.18614,15.263502,3.3201537e14
912,3.3201537e14,8.186042,15.287398,3.3201537e14
913,3.3201537e14,8.185944,15.3112545,3.3201537e14
914,3.3201537e14,8.185843,15.335073,3.3201537e14
915,3.3201537e14,8.185743,15.358851,3.3201537e14
916,3.3201537e14,8.185642,15.382593,3.3201537e14
917,3.3201537e14,8.185542,15.406303,3.3201537e14
918,3.3201537e14,8.18544,15.429963,3.3201537e14
919,3.3201537e14,8.185335,15.453594,3.3201537e14
920,3.3201537e14,8.185235,15.477185,3.3201537e14
921,3.3201537e14,8.185128,15.500749,3.3201537e14
922,3.3201537e14,8.185023,15.5242605,3.3201537e14
923,3.3201537e14,8.184918,15.547749,3.3201537e14
924,3.3201537e14,8.184813,15.571193,3.3201537e14
925,3.3201537e14,8.184704,15.5946045,3.3201537e14
926,3.3201537e14,8.184595,15.617985,3.3201537e14
927,3.3201537e14,8.184487,15.641319,3.3201537e14
928,3.3201537e14,8.184377,15.664625,3.3201537e14
929,3.3201537e14,8.184269,15.687894,3.3201537e14
930,3.3201537e14,8.184159,15.711124,3.3201537e14
931,3.3201537e14,8.184049,15.734327,3.3201537e14
932,3.3201537e14,8.183935,15.757481,3.3201537e14
933,3.3201537e14,8.183825,15.780612,3.3201537e14
934,3.3201537e14,8.183712,15.803708,3.3201537e14
935,3.3201537e14,8.183599,15.826767,3.3201537e14
936,3.3201537e14,8.183485,15.849791,3.3201537e14
937,3.3201537e14,8.18337,15.872789,3.3201537e14
938,3.3201537e14,8.183256,15.895746,3.3201537e14
939,3.3201537e14,8.183141,15.918668,3.3201537e14
940,3.3201537e14,8.183024,15.9415655,3.3201537e14
941,3.3201537e14,8.182909,15.964418,3.3201537e14
942,3.3201537e14,8.182792,15.987236,3.3201537e14
943,3.3201537e14,8.182674,16.010035,3.3201537e14
944,3.3201537e14,8.182557,16.03279,3.3201537e14
945,3.3201537e14,8.182443,16.055508,3.3201537e14
946,3.3201537e14,8.182323,16.078201,3.3201537e14
947,3.3201537e14,8.182204,16.100857,3.3201537e14
948,3.3201537e14,8.182085,16.12348,3.3201537e14
949,3.3201537e14,8.181967,16.14607,3.3201537e14
950,3.3201537e14,8.181846,16.168627,3.3201537e14
951,3.3201537e14,8.181727,16.191145,3.3201537e14
952,3.3201537e14,8.181607,16.21364,3.3201537e14
953,3.3201537e14,8.181496,16.236095,3.3201537e14
954,3.3201537e14,8.181408,16.258518,3.3201537e14
955,3.3201537e14,8.1813135,16.280954,3.3201537e14
956,3.3201537e14,8.18121,16.303453,3.3201537e14
957,3.3201537e14,8.181084,16.326033,3.3201537e14
958,3.3201537e14,8.180952,16.348694,3.3201537e14
959,3.3201537e14,8.180818,16.37137,3.3201537e14
960,3.3201537e14,8.180695,16.394028,3.3201537e14
961,3.3201537e14,8.180582,16.416634,3.3201537e14
962,3.3201537e14,8.18048,16.439198,3.3201537e14
963,3.3201537e14,8.18038,16.461739,3.3201537e14
964,3.3201537e14,8.180277,16.48428,3.3201537e14
965,3.3201537e14,8.180167,16.506817,3.3201537e14
966,3.3201537e14,8.180054,16.529306,3.3201537e14
967,3.3201537e14,8.17994,16.551725,3.3201537e14
968,3.3201537e14,8.1798315,16.574041,3.3201537e14
969,3.3201537e14,8.17973,16.596235,3.3201537e14
970,3.3201537e14,8.179633,16.61833,3.3201537e14
971,3.3201537e14,8.179537,16.640352,3.3201537e14
972,3.3201537e14,8.179433,16.662325,3.3201537e14
973,3.3201537e14,8.179331,16.684254,3.3201537e14
974,3.3201537e14,8.179229,16.706121,3.3201537e14
975,3.3201537e14,8.17913,16.727932,3.3201537e14
976,3.3201537e14,8.179037,16.749674,3.3201537e14
977,3.3201537e14,8.17895,16.771355,3.3201537e14
978,3.3201537e14,8.178862,16.792994,3.3201537e14
979,3.3201537e14,8.178772,16.814613,3.3201537e14
980,3.3201537e14,8.178679,16.836227,3.3201537e14
981,3.3201537e14,8.17858,16.85782,3.3201537e14
982,3.3201537e14,8.178483,16.879387,3.3201537e14
983,3.3201537e14,8.178385,16.900904,3.3201537e14
984,3.3201537e14,8.1782875,16.922365,3.3201537e14
985,3.3201537e14,8.178196,16.94378,3.3201537e14
986,3.3201537e14,8.178097,16.965158,3.3201537e14
987,3.3201537e14,8.1779995,16.986502,3.3201537e14
988,3.3201537e14,8.177899,17.007814,3.3201537e14
989,3.3201537e14,8.1778,17.029093,3.3201537e14
990,3.3201537e14,8.177697,17.05032,3.3201537e14
991,3.3201537e14,8.177601,17.071495,3.3201537e14
992,3.3201537e14,8.177505,17.092617,3.3201537e14
993,3.3201537e14,8.17741,17.113703,3.3201537e14
994,3.3201537e14,8.177313,17.134754,3.3201537e14
995,3.3201537e14,8.177217,17.15577,3.3201537e14
996,3.3201537e14,8.177116,17.176748,3.3201537e14
997,3.3201537e14,8.177021,17.197693,3.3201537e14
998,3.3201537e14,8.176926,17.218578,3.3201537e14
999,3.3201537e14,8.176829,17.239431,3.3201537e14
1000,3.3201537e14,8.176737,17.260221,3.3201537e14
1001,3.3201537e14,8.176642,17.280964,3.3201537e14
1002,3.3201537e14,8.176553,17.301676,3.3201537e14
1003,3.3201537e14,8.176457,17.322336,3.3201537e14
1004,3.3201537e14,8.176363,17.342957,3.3201537e14
1005,3.3201537e14,8.176272,17.363533,3.3201537e14
1006,3.3201537e14,8.17618,17.384056,3.3201537e14
1007,3.3201537e14,8.176087,17.404537,3.3201537e14
1008,3.3201537e14,8.175998,17.424982,3.3201537e14
1009,3.3201537e14,8.175905,17.445383,3.3201537e14
1010,3.3201537e14,8.175811,17.465755,3.3201537e14
1011,3.3201537e14,8.175718,17.4861,3.3201537e14
1012,3.3201537e14,8.175624,17.506405,3.3201537e14
1013,3.3201537e14,8.175532,17.526688,3.3201537e14
1014,3.3201537e14,8.175434,17.546919,3.3201537e14
1015,3.3201537e14,8.1753435,17.567125,3.3201537e14
1016,3.3201537e14,8.175249,17.587292,3.3201537e14
1017,3.3201537e14,8.175158,17.607426,3.3201537e14
1018,3.3201537e14,8.17506,17.627535,3.3201537e14
1019,3.3201537e14,8.174964,17.647606,3.3201537e14
1020,3.3201537e14,8.17487,17.66764,3.3201537e14
1021,3.3201537e14,8.174774,17.687643,3.3201537e14
1022,3.3201537e14,8.174697,17.707605,3.3201537e14
1023,3.3201537e14,8.174627,17.727524,3.3201537e14
1024,3.3201537e14,8.174547,17.74746,3.3201537e14
1025,3.3201537e14,8.174455,17.767466,3.3201537e14
1026,3.3201537e14,8.174345,17.787558,3.3201537e14
1027,3.3201537e14,8.174228,17.807714,3.3201537e14
1028,3.3201537e14,8.1741085,17.827904,3.3201537e14
1029,3.3201537e14,8.174002,17.848051,3.3201537e14
1030,3.3201537e14,8.173904,17.868158,3.3201537e14
1031,3.3201537e14,8.173819,17.888233,3.3201537e14
1032,3.3201537e14,8.173734,17.908289,3.3201537e14
1033,3.3201537e14,8.173641,17.928343,3.3201537e14
1034,3.3201537e14,8.173545,17.948366,3.3201537e14
1035,3.3201537e14,8.173449,17.968342,3.3201537e14
1036,3.3201537e14,8.173351,17.988201,3.3201537e14
1037,3.3201537e14,8.1732645,18.007933,3.3201537e14
1038,3.3201537e14,8.173183,18.027544,3.3201537e14
1039,3.3201537e14,8.173103,18.04705,3.3201537e14
1040,3.3201537e14,8.173022,18.066496,3.3201537e14
1041,3.3201537e14,8.1729355,18.085886,3.3201537e14
1042,3.3201537e14,8.17285,18.105228,3.3201537e14
1043,3.3201537e14,8.172765,18.124496,3.3201537e14
1044,3.3201537e14,8.1726885,18.143702,3.3201537e14
1045,3.3201537e14,8.172614,18.16283,3.3201537e14
1046,3.3201537e14,8.1725445,18.18192,3.3201537e14
1047,3.3201537e14,8.172473,18.200966,3.3201537e14
1048,3.3201537e14,8.172398,18.220007,3.3201537e14
1049,3.3201537e14,8.172318,18.239025,3.3201537e14
1050,3.3201537e14,8.172237,18.258005,3.3201537e14
1051,3.3201537e14,8.172157,18.276928,3.3201537e14
1052,3.3201537e14,8.172079,18.295786,3.3201537e14
1053,3.3201537e14,8.172001,18.314585,3.3201537e14
1054,3.3201537e14,8.171921,18.333345,3.3201537e14
1055,3.3201537e14,8.171841,18.352068,3.3201537e14
1056,3.3201537e14,8.171757,18.370754,3.3201537e14
1057,3.3201537e14,8.171671,18.389404,3.3201537e14
1058,3.3201537e14,8.171587,18.408014,3.3201537e14
1059,3.3201537e14,8.171509,18.426569,3.3201537e14
1060,3.3201537e14,8.171429,18.445066,3.3201537e14
1061,3.3201537e14,8.171351,18.463533,3.3201537e14
1062,3.3201537e14,8.171274,18.481977,3.3201537e14
1063,3.3201537e14,8.171196,18.500393,3.3201537e14
1064,3.3201537e14,8.171116,18.518766,3.3201537e14
1065,3.3201537e14,8.171039,18.537102,3.3201537e14
1066,3.3201537e14,8.1709585,18.555387,3.3201537e14
1067,3.3201537e14,8.170884,18.57362,3.3201537e14
1068,3.3201537e14,8.17081,18.5918,3.3201537e14
1069,3.3201537e14,8.170753,18.60994,3.3201537e14
1070,3.3201537e14,8.170698,18.62805,3.3201537e14
1071,3.3201537e14,8.170633,18.646162,3.3201537e14
1072,3.3201537e14,8.17055,18.664347,3.3201537e14
1073,3.3201537e14,8.170455,18.682608,3.3201537e14
1074,3.3201537e14,8.17035,18.700947,3.3201537e14
1075,3.3201537e14,8.170252,18.71931,3.3201537e14
1076,3.3201537e14,8.170156,18.737652,3.3201537e14
1077,3.3201537e14,8.170076,18.755964,3.3201537e14
1078,3.3201537e14,8.169999,18.774273,3.3201537e14
1079,3.3201537e14,8.169923,18.792572,3.3201537e14
1080,3.3201537e14,8.169843,18.81088,3.3201537e14
1081,3.3201537e14,8.169757,18.829178,3.3201537e14
1082,3.3201537e14,8.169674,18.847383,3.3201537e14
1083,3.3201537e14,8.169594,18.8655,3.3201537e14
1084,3.3201537e14,8.169523,18.883492,3.3201537e14
1085,3.3201537e14,8.169453,18.90138,3.3201537e14
1086,3.3201537e14,8.169383,18.919184,3.3201537e14
1087,3.3201537e14,8.169312,18.93694,3.3201537e14
1088,3.3201537e14,8.169236,18.954649,3.3201537e14
1089,3.3201537e14,8.169161,18.97232,3.3201537e14
1090,3.3201537e14,8.169091,18.989927,3.3201537e14
1091,3.3201537e14,8.169028,19.00748,3.3201537e14
1092,3.3201537e14,8.168972,19.024979,3.3201537e14
1093,3.3201537e14,8.16891,19.042448,3.3201537e14
1094,3.3201537e14,8.168849,19.059914,3.3201537e14
1095,3.3201537e14,8.168785,19.077356,3.3201537e14
1096,3.3201537e14,8.168716,19.094782,3.3201537e14
1097,3.3201537e14,8.168649,19.112156,3.3201537e14
1098,3.3201537e14,8.168583,19.129469,3.3201537e14
1099,3.3201537e14,8.168518,19.146729,3.3201537e14
1100,3.3201537e14,8.168454,19.163942,3.3201537e14
1101,3.3201537e14,8.168386,19.181126,3.3201537e14
1102,3.3201537e14,8.168314,19.198284,3.3201537e14
1103,3.3201537e14,8.168243,19.215418,3.3201537e14
1104,3.3201537e14,8.168174,19.232515,3.3201537e14
1105,3.3201537e14,8.168105,19.24957,3.3201537e14
1106,3.3201537e14,8.168036,19.266596,3.3201537e14
1107,3.3201537e14,8.167976,19.283596,3.3201537e14
1108,3.3201537e14,8.167913,19.300566,3.3201537e14
1109,3.3201537e14,8.167846,19.317524,3.3201537e14
1110,3.3201537e14,8.167783,19.33446,3.3201537e14
1111,3.3201537e14,8.167718,19.351355,3.3201537e14
1112,3.3201537e14,8.167657,19.368225,3.3201537e14
1113,3.3201537e14,8.167597,19.385036,3.3201537e14
1114,3.3201537e14,8.167536,19.40182,3.3201537e14
1115,3.3201537e14,8.167475,19.41856,3.3201537e14
1116,3.3201537e14,8.167414,19.435272,3.3201537e14
1117,3.3201537e14,8.167353,19.45195,3.3201537e14
1118,3.3201537e14,8.167292,19.468607,3.3201537e14
1119,3.3201537e14,8.167229,19.485235,3.3201537e14
1120,3.3201537e14,8.167167,19.501833,3.3201537e14
1121,3.3201537e14,8.167106,19.51841,3.3201537e14
1122,3.3201537e14,8.167047,19.534967,3.3201537e14
1123,3.3201537e14,8.1669855,19.551516,3.3201537e14
1124,3.3201537e14,8.166922,19.568048,3.3201537e14
1125,3.3201537e14,8.166859,19.584566,3.3201537e14
1126,3.3201537e14,8.166796,19.601065,3.3201537e14
1127,3.3201537e14,8.166735,19.617546,3.3201537e14
1128,3.3201537e14,8.16667,19.634007,3.3201537e14
1129,3.3201537e14,8.166604,19.650454,3.3201537e14
1130,3.3201537e14,8.166539,19.666891,3.3201537e14
1131,3.3201537e14,8.166474,19.683304,3.3201537e14
1132,3.3201537e14,8.166406,19.699707,3.3201537e14
1133,3.3201537e14,8.166342,19.716091,3.3201537e14
1134,3.3201537e14,8.166275,19.732468,3.3201537e14
1135,3.3201537e14,8.16621,19.74882,3.3201537e14
1136,3.3201537e14,8.166143,19.76516,3.3201537e14
1137,3.3201537e14,8.166078,19.781494,3.3201537e14
1138,3.3201537e14,8.166012,19.797806,3.3201537e14
1139,3.3201537e14,8.165944,19.814117,3.3201537e14
1140,3.3201537e14,8.165877,19.830399,3.3201537e14
1141,3.3201537e14,8.16581,19.846678,3.3201537e14
1142,3.3201537e14,8.165744,19.862932,3.3201537e14
1143,3.3201537e14,8.165677,19.87916,3.3201537e14
1144,3.3201537e14,8.165611,19.895374,3.3201537e14
1145,3.3201537e14,8.1655445,19.91158,3.3201537e14
1146,3.3201537e14,8.165476,19.927765,3.3201537e14
1147,3.3201537e14,8.165408,19.943928,3.3201537e14
1148,3.3201537e14,8.165339,19.960075,3.3201537e14
1149,3.3201537e14,8.165275,19.976202,3.3201537e14
1150,3.3201537e14,8.165207,19.99231,3.3201537e14
1151,3.3201537e14,8.165138,20.008411,3.3201537e14
1152,3.3201537e14,8.16507,20.024498,3.3201537e14
1153,3.3201537e14,8.165001,20.040565,3.3201537e14
1154,3.3201537e14,8.164934,20.056622,3.3201537e14
1155,3.3201537e14,8.164867,20.07266,3.3201537e14
1156,3.3201537e14,8.164797,20.088686,3.3201537e14
1157,3.3201537e14,8.16473,20.104692,3.3201537e14
1158,3.3201537e14,8.164661,20.120687,3.3201537e14
1159,3.3201537e14,8.164595,20.13667,3.3201537e14
1160,3.3201537e14,8.164528,20.152634,3.3201537e14
1161,3.3201537e14,8.164459,20.16859,3.3201537e14
1162,3.3201537e14,8.164389,20.184526,3.3201537e14
1163,3.3201537e14,8.164323,20.200457,3.3201537e14
1164,3.3201537e14,8.164254,20.21637,3.3201537e14
1165,3.3201537e14,8.164186,20.232267,3.3201537e14
1166,3.3201537e14,8.164116,20.248156,3.3201537e14
1167,3.3201537e14,8.164049,20.26403,3.3201537e14
1168,3.3201537e14,8.163979,20.279894,3.3201537e14
1169,3.3201537e14,8.163913,20.295753,3.3201537e14
1170,3.3201537e14,8.163844,20.31159,3.3201537e14
1171,3.3201537e14,8.163778,20.32742,3.3201537e14
1172,3.3201537e14,8.163709,20.343235,3.3201537e14
1173,3.3201537e14,8.163641,20.359041,3.3201537e14
1174,3.3201537e14,8.163571,20.374834,3.3201537e14
1175,3.3201537e14,8.163504,20.390615,3.3201537e14
1176,3.3201537e14,8.163436,20.406384,3.3201537e14
1177,3.3201537e14,8.163368,20.422148,3.3201537e14
1178,3.3201537e14,8.1633,20.437897,3.3201537e14
1179,3.3201537e14,8.163234,20.453632,3.3201537e14
1180,3.3201537e14,8.163161,20.469357,3.3201537e14
1181,3.3201537e14,8.163095,20.485083,3.3201537e14
1182,3.3201537e14,8.163028,20.500793,3.3201537e14
1183,3.3201537e14,8.162958,20.516497,3.3201537e14
1184,3.3201537e14,8.162891,20.532194,3.3201537e14
1185,3.3201537e14,8.162822,20.547874,3.3201537e14
1186,3.3201537e14,8.162753,20.563557,3.3201537e14
1187,3.3201537e14,8.162686,20.579226,3.3201537e14
1188,3.3201537e14,8.162619,20.594887,3.3201537e14
1189,3.3201537e14,8.162549,20.610546,3.3201537e14
1190,3.3201537e14,8.162482,20.62619,3.3201537e14
1191,3.3201537e14,8.162415,20.641838,3.3201537e14
1192,3.3201537e14,8.162345,20.657457,3.3201537e14
1193,3.3201537e14,8.162277,20.673092,3.3201537e14
1194,3.3201537e14,8.162209,20.688713,3.3201537e14
1195,3.3201537e14,8.162142,20.70433,3.3201537e14
1196,3.3201537e14,8.162074,20.719942,3.3201537e14
1197,3.3201537e14,8.162005,20.735548,3.3201537e14
1198,3.3201537e14,8.161936,20.751144,3.3201537e14
1199,3.3201537e14,8.161867,20.766737,3.3201537e14
1200,3.3201537e14,8.161801,20.782335,3.3201537e14
1201,3.3201537e14,8.161732,20.797913,3.3201537e14
1202,3.3201537e14,8.161664,20.81349,3.3201537e14
1203,3.3201537e14,8.161595,20.829065,3.3201537e14
1204,3.3201537e14,8.161528,20.84464,3.3201537e14
1205,3.3201537e14,8.161459,20.860207,3.3201537e14
1206,3.3201537e14,8.161393,20.875767,3.3201537e14
1207,3.3201537e14,8.161322,20.89133,3.3201537e14
1208,3.3201537e14,8.161255,20.906883,3.3201537e14
1209,3.3201537e14,8.161185,20.922434,3.3201537e14
1210,3.3201537e14,8.16112,20.937986,3.3201537e14
1211,3.3201537e14,8.161052,20.95353,3.3201537e14
1212,3.3201537e14,8.160985,20.969082,3.3201537e14
1213,3.3201537e14,8.160915,20.984621,3.3201537e14
1214,3.3201537e14,8.160849,21.000162,3.3201537e14
1215,3.3201537e14,8.160779,21.015703,3.3201537e14
1216,3.3201537e14,8.160711,21.031239,3.3201537e14
1217,3.3201537e14,8.1606455,21.046772,3.3201537e14
1218,3.3201537e14,8.160576,21.06231,3.3201537e14
1219,3.3201537e14,8.160508,21.077845,3.3201537e14
1220,3.3201537e14,8.160441,21.093376,3.3201537e14
1221,3.3201537e14,8.160374,21.10891,3.3201537e14
1222,3.3201537e14,8.160306,21.124443,3.3201537e14
1223,3.3201537e14,8.160238,21.13997,3.3201537e14
1224,3.3201537e14,8.1601715,21.155504,3.3201537e14
1225,3.3201537e14,8.160103,21.17104,3.3201537e14
1226,3.3201537e14,8.160036,21.186575,3.3201537e14
1227,3.3201537e14,8.159968,21.202103,3.3201537e14
1228,3.3201537e14,8.1599,21.217638,3.3201537e14
1229,3.3201537e14,8.159833,21.233173,3.3201537e14
1230,3.3201537e14,8.159766,21.248713,3.3201537e14
1231,3.3201537e14,8.159699,21.264252,3.3201537e14
1232,3.3201537e14,8.159632,21.27979,3.3201537e14
1233,3.3201537e14,8.159563,21.295332,3.3201537e14
1234,3.3201537e14,8.159496,21.310879,3.3201537e14
1235,3.3201537e14,8.15943,21.326426,3.3201537e14
1236,3.3201537e14,8.159364,21.341974,3.3201537e14
1237,3.3201537e14,8.159298,21.357529,3.3201537e14
1238,3.3201537e14,8.15923,21.373081,3.3201537e14
1239,3.3201537e14,8.1591625,21.388638,3.3201537e14
1240,3.3201537e14,8.159098,21.4042,3.3201537e14
1241,3.3201537e14,8.15903,21.419767,3.3201537e14
1242,3.3201537e14,8.158963,21.435333,3.3201537e14
1243,3.3201537e14,8.158896,21.450907,3.3201537e14
1244,3.3201537e14,8.158829,21.466482,3.3201537e14
1245,3.320153e14,8.158761,21.482073,3.320153e14
1246,3.320153e14,8.158696,21.497656,3.320153e14
1247,3.320153e14,8.15863,21.513248,3.320153e14
1248,3.320153e14,8.158565,21.528845,3.320153e14
1249,3.320153e14,8.158497,21.54445,3.320153e14
1250,3.320153e14,8.158431,21.560057,3.320153e14
1251,3.320153e14,8.158363,21.57567,3.320153e14
1252,3.320153e14,8.158297,21.591288,3.320153e14
1253,3.320153e14,8.158232,21.60691,3.320153e14
1254,3.320153e14,8.158165,21.622545,3.320153e14
1255,3.320153e14,8.158099,21.63818,3.320153e14
1256,3.320153e14,8.158033,21.653826,3.320153e14
1257,3.320153e14,8.157968,21.669477,3.320153e14
1258,3.320153e14,8.157902,21.685135,3.320153e14
1259,3.320153e14,8.157835,21.700802,3.320153e14
1260,3.320153e14,8.15777,21.716475,3.320153e14
1261,3.320153e14,8.157703,21.73216,3.320153e14
1262,3.320153e14,8.1576395,21.747849,3.320153e14
1263,3.320153e14,8.157574,21.763548,3.320153e14
1264,3.320153e14,8.157508,21.779257,3.320153e14
1265,3.320153e14,8.15744,21.794973,3.320153e14
1266,3.320153e14,8.157379,21.810694,3.320153e14
1267,3.320153e14,8.1573105,21.826426,3.320153e14
1268,3.320153e14,8.157248,21.842163,3.320153e14
1269,3.320153e14,8.157182,21.857922,3.320153e14
1270,3.320153e14,8.157123,21.873676,3.320153e14
1271,3.320153e14,8.15709,21.889479,3.320153e14
1272,3.320153e14,8.157016,21.905706,3.320153e14
1273,3.320153e14,8.156852,21.922693,3.320153e14
1274,3.320153e14,8.156608,21.94043,3.320153e14
1275,3.320153e14,8.156359,21.958532,3.320153e14
1276,3.320153e14,8.156185,21.97649,3.320153e14
1277,3.320153e14,8.15612,21.993977,3.320153e14
1278,3.320153e14,8.156144,22.011053,3.320153e14
1279,3.320153e14,8.156178,22.027996,3.320153e14
1280,3.320153e14,8.15617,22.045042,3.320153e14
1281,3.320153e14,8.1561,22.062141,3.320153e14
1282,3.320153e14,8.156001,22.07904,3.320153e14
1283,3.320153e14,8.155916,22.095442,3.320153e14
1284,3.320153e14,8.155868,22.111269,3.320153e14
1285,3.320153e14,8.155839,22.126698,3.320153e14
1286,3.320153e14,8.155803,22.142002,3.320153e14
1287,3.320153e14,8.1557455,22.15736,3.320153e14
1288,3.320153e14,8.155688,22.17274,3.320153e14
1289,3.320153e14,8.155664,22.187998,3.320153e14
1290,3.320153e14,8.155693,22.203018,3.320153e14
1291,3.320153e14,8.155765,22.217848,3.320153e14
1292,3.320153e14,8.155853,22.232676,3.320153e14
1293,3.320153e14,8.155909,22.24771,3.320153e14
1294,3.320153e14,8.155918,22.26306,3.320153e14
1295,3.320153e14,8.155893,22.27864,3.320153e14
1296,3.320153e14,8.155856,22.294338,3.320153e14
1297,3.320153e14,8.155824,22.31006,3.320153e14
1298,3.320153e14,8.155797,22.325848,3.320153e14
1299,3.320153e14,8.155766,22.341806,3.320153e14
1300,3.320153e14,8.155723,22.358007,3.320153e14
1301,3.320153e14,8.15566,22.374464,3.320153e14
1302,3.320153e14,8.155605,22.391047,3.320153e14
1303,3.320153e14,8.155563,22.40766,3.320153e14
1304,3.320153e14,8.155543,22.424232,3.320153e14
1305,3.320153e14,8.155529,22.44079,3.320153e14
1306,3.320153e14,8.155504,22.457413,3.320153e14
1307,3.320153e14,8.155456,22.474133,3.320153e14
1308,3.320153e14,8.15539,22.490906,3.320153e14
1309,3.320153e14,8.155321,22.507647,3.320153e14
1310,3.320153e14,8.155259,22.52428,3.320153e14
1311,3.320153e14,8.155212,22.540796,3.320153e14
1312,3.320153e14,8.155173,22.557253,3.320153e14
1313,3.320153e14,8.155137,22.573692,3.320153e14
1314,3.320153e14,8.155103,22.59015,3.320153e14
1315,3.320153e14,8.155067,22.606585,3.320153e14
1316,3.320153e14,8.155046,22.622972,3.320153e14
1317,3.320153e14,8.155033,22.639273,3.320153e14
1318,3.320153e14,8.155027,22.655525,3.320153e14
1319,3.320153e14,8.155018,22.67179,3.320153e14
1320,3.320153e14,8.154999,22.688103,3.320153e14
1321,3.320153e14,8.154972,22.704468,3.320153e14
1322,3.320153e14,8.154936,22.720877,3.320153e14
1323,3.320153e14,8.154905,22.737297,3.320153e14
1324,3.320153e14,8.15488,22.753708,3.320153e14
1325,3.320153e14,8.154857,22.77015,3.320153e14
1326,3.320153e14,8.154835,22.786655,3.320153e14
1327,3.320153e14,8.154806,22.803253,3.320153e14
1328,3.320153e14,8.154778,22.819904,3.320153e14
1329,3.320153e14,8.15475,22.8366,3.320153e14
1330,3.320153e14,8.154725,22.853315,3.320153e14
1331,3.320153e14,8.154702,22.870062,3.320153e14
1332,3.320153e14,8.154676,22.88683,3.320153e14
1333,3.320153e14,8.154642,22.903654,3.320153e14
1334,3.320153e14,8.154608,22.920525,3.320153e14
1335,3.320153e14,8.154565,22.937426,3.320153e14
1336,3.320153e14,8.154529,22.954342,3.320153e14
1337,3.320153e14,8.154496,22.971235,3.320153e14
1338,3.320153e14,8.154467,22.988136,3.320153e14
1339,3.320153e14,8.15444,23.00506,3.320153e14
1340,3.320153e14,8.154413,23.021997,3.320153e14
1341,3.320153e14,8.154385,23.038969,3.320153e14
1342,3.320153e14,8.154357,23.055933,3.320153e14
1343,3.320153e14,8.154331,23.072891,3.320153e14
1344,3.320153e14,8.154308,23.089863,3.320153e14
1345,3.320153e14,8.154285,23.106838,3.320153e14
1346,3.320153e14,8.154259,23.123835,3.320153e14
1347,3.320153e14,8.154232,23.140858,3.320153e14
1348,3.320153e14,8.1542,23.157904,3.320153e14
1349,3.320153e14,8.154188,23.174982,3.320153e14
1350,3.320153e14,8.154178,23.192083,3.320153e14
1351,3.320153e14,8.1541395,23.209448,3.320153e14
1352,3.320153e14,8.154055,23.227245,3.320153e14
1353,3.320153e14,8.153933,23.245466,3.320153e14
1354,3.320153e14,8.15381,23.263874,3.320153e14
1355,3.320153e14,8.153731,23.282204,3.320153e14
1356,3.320153e14,8.153712,23.300287,3.320153e14
1357,3.320153e14,8.15373,23.318203,3.320153e14
1358,3.320153e14,8.153746,23.336119,3.320153e14
1359,3.320153e14,8.153734,23.354116,3.320153e14
1360,3.320153e14,8.153692,23.372145,3.320153e14
1361,3.320153e14,8.153643,23.390032,3.320153e14
1362,3.320153e14,8.153609,23.407625,3.320153e14
1363,3.320153e14,8.153593,23.424955,3.320153e14
1364,3.320153e14,8.153585,23.442131,3.320153e14
1365,3.320153e14,8.153566,23.459314,3.320153e14
1366,3.320153e14,8.153545,23.47655,3.320153e14
1367,3.320153e14,8.153528,23.493776,3.320153e14
1368,3.320153e14,8.153541,23.510912,3.320153e14
1369,3.320153e14,8.153579,23.527939,3.320153e14
1370,3.320153e14,8.153637,23.544914,3.320153e14
1371,3.320153e14,8.15368,23.561993,3.320153e14
1372,3.320153e14,8.153703,23.579252,3.320153e14
1373,3.320153e14,8.153703,23.596668,3.320153e14
1374,3.320153e14,8.153693,23.614191,3.320153e14
1375,3.320153e14,8.153684,23.631748,3.320153e14
1376,3.320153e14,8.153679,23.649334,3.320153e14
1377,3.320153e14,8.15367,23.667034,3.320153e14
1378,3.320153e14,8.153656,23.684881,3.320153e14
1379,3.320153e14,8.153632,23.702883,3.320153e14
1380,3.320153e14,8.153609,23.720991,3.320153e14
1381,3.320153e14,8.153595,23.739145,3.320153e14
1382,3.320153e14,8.153592,23.7573,3.320153e14
1383,3.320153e14,8.153588,23.775465,3.320153e14
1384,3.320153e14,8.153581,23.793695,3.320153e14
1385,3.320153e14,8.1535635,23.811993,3.320153e14
1386,3.320153e14,8.153534,23.83034,3.320153e14
1387,3.320153e14,8.153507,23.84869,3.320153e14
1388,3.320153e14,8.153481,23.866993,3.320153e14
1389,3.320153e14,8.153463,23.885248,3.320153e14
1390,3.320153e14,8.153453,23.90349,3.320153e14
1391,3.320153e14,8.153442,23.921755,3.320153e14
1392,3.320153e14,8.15343,23.940035,3.320153e14
1393,3.320153e14,8.153422,23.958326,3.320153e14
1394,3.320153e14,8.1534195,23.976595,3.320153e14
1395,3.320153e14,8.153424,23.994848,3.320153e14
1396,3.320153e14,8.153434,24.013088,3.320153e14
1397,3.320153e14,8.153435,24.03137,3.320153e14
1398,3.320153e14,8.153432,24.049698,3.320153e14
1399,3.320153e14,8.153423,24.068077,3.320153e14
1400,3.320153e14,8.153427,24.086494,3.320153e14
1401,3.320153e14,8.153432,24.104944,3.320153e14
1402,3.320153e14,8.153407,24.123674,3.320153e14
1403,3.320153e14,8.153332,24.142878,3.320153e14
1404,3.320153e14,8.153223,24.16254,3.320153e14
1405,3.320153e14,8.153117,24.182396,3.320153e14
1406,3.320153e14,8.153058,24.202156,3.320153e14
1407,3.320153e14,8.153059,24.221685,3.320153e14
1408,3.320153e14,8.153095,24.24106,3.320153e14
1409,3.320153e14,8.153123,24.260456,3.320153e14
1410,3.320153e14,8.153121,24.279959,3.320153e14
1411,3.320153e14,8.153091,24.29947,3.320153e14
1412,3.320153e14,8.153058,24.318792,3.320153e14
1413,3.320153e14,8.153043,24.337795,3.320153e14
1414,3.320153e14,8.153047,24.356539,3.320153e14
1415,3.320153e14,8.153052,24.37517,3.320153e14
1416,3.320153e14,8.153055,24.39383,3.320153e14
1417,3.320153e14,8.153051,24.412537,3.320153e14
1418,3.320153e14,8.15307,24.431202,3.320153e14
1419,3.320153e14,8.153114,24.449745,3.320153e14
1420,3.320153e14,8.153185,24.468182,3.320153e14
1421,3.320153e14,8.153266,24.48664,3.320153e14
1422,3.320153e14,8.153332,24.505238,3.320153e14
1423,3.320153e14,8.153369,24.524038,3.320153e14
1424,3.320153e14,8.153385,24.542988,3.320153e14
1425,3.320153e14,8.153397,24.562014,3.320153e14
1426,3.320153e14,8.153409,24.581072,3.320153e14
1427,3.320153e14,8.153427,24.600197,3.320153e14
1428,3.320153e14,8.153436,24.619461,3.320153e14
1429,3.320153e14,8.153437,24.638924,3.320153e14
1430,3.320153e14,8.153429,24.658533,3.320153e14
1431,3.320153e14,8.153429,24.678228,3.320153e14
1432,3.320153e14,8.153441,24.697943,3.320153e14
1433,3.320153e14,8.153457,24.71766,3.320153e14
1434,3.320153e14,8.153473,24.737442,3.320153e14
1435,3.320153e14,8.153476,24.757313,3.320153e14
1436,3.320153e14,8.153468,24.777245,3.320153e14
1437,3.320153e14,8.153456,24.797195,3.320153e14
1438,3.320153e14,8.153447,24.817114,3.320153e14
1439,3.320153e14,8.153447,24.836988,3.320153e14
1440,3.320153e14,8.153452,24.856827,3.320153e14
1441,3.320153e14,8.15346,24.876678,3.320153e14
1442,3.320153e14,8.153468,24.896555,3.320153e14
1443,3.320153e14,8.153478,24.916462,3.320153e14
1444,3.320153e14,8.153498,24.936348,3.320153e14
1445,3.320153e14,8.153524,24.956205,3.320153e14
1446,3.320153e14,8.153549,24.976063,3.320153e14
1447,3.320153e14,8.153574,24.99594,3.320153e14
1448,3.320153e14,8.153595,25.01588,3.320153e14
1449,3.320153e14,8.153609,25.03587,3.320153e14
1450,3.320153e14,8.153622,25.055882,3.320153e14
1451,3.320153e14,8.153634,25.075928,3.320153e14
1452,3.320153e14,8.153653,25.09598,3.320153e14
1453,3.320153e14,8.15367,25.116112,3.320153e14
1454,3.320153e14,8.15369,25.136301,3.320153e14
1455,3.320153e14,8.153705,25.156569,3.320153e14
1456,3.320153e14,8.153718,25.17689,3.320153e14
1457,3.320153e14,8.153732,25.197254,3.320153e14
1458,3.320153e14,8.153753,25.217642,3.320153e14
1459,3.320153e14,8.153766,25.238104,3.320153e14
1460,3.320153e14,8.153779,25.258595,3.320153e14
1461,3.320153e14,8.15379,25.279139,3.320153e14
1462,3.320153e14,8.153797,25.299742,3.320153e14
1463,3.320153e14,8.153808,25.320364,3.320153e14
1464,3.320153e14,8.153821,25.341002,3.320153e14
1465,3.320153e14,8.153833,25.361668,3.320153e14
1466,3.320153e14,8.153845,25.382385,3.320153e14
1467,3.320153e14,8.15386,25.40312,3.320153e14
1468,3.320153e14,8.153873,25.423895,3.320153e14
1469,3.320153e14,8.153891,25.444698,3.320153e14
1470,3.320153e14,8.153909,25.465513,3.320153e14
1471,3.320153e14,8.153926,25.486347,3.320153e14
1472,3.320153e14,8.153944,25.50722,3.320153e14
1473,3.320153e14,8.153958,25.528126,3.320153e14
1474,3.320153e14,8.1539755,25.549074,3.320153e14
1475,3.320153e14,8.153989,25.570042,3.320153e14
1476,3.320153e14,8.154006,25.59104,3.320153e14
1477,3.320153e14,8.154022,25.612083,3.320153e14
1478,3.320153e14,8.15404,25.633162,3.320153e14
1479,3.320153e14,8.154061,25.65428,3.320153e14
1480,3.320153e14,8.1540785,25.67545,3.320153e14
1481,3.320153e14,8.154096,25.696657,3.320153e14
1482,3.320153e14,8.154113,25.7179,3.320153e14
1483,3.320153e14,8.154129,25.739195,3.320153e14
1484,3.320153e14,8.154147,25.760515,3.320153e14
1485,3.320153e14,8.154165,25.781889,3.320153e14
1486,3.320153e14,8.154181,25.803293,3.320153e14
1487,3.320153e14,8.154194,25.824749,3.320153e14
1488,3.320153e14,8.15421,25.846235,3.320153e14
1489,3.320153e14,8.154227,25.867756,3.320153e14
1490,3.320153e14,8.154243,25.889328,3.320153e14
1491,3.320153e14,8.154262,25.910921,3.320153e14
1492,3.320153e14,8.154281,25.932554,3.320153e14
1493,3.320153e14,8.154298,25.954231,3.320153e14
1494,3.320153e14,8.154313,25.97594,3.320153e14
1495,3.320153e14,8.154332,25.997679,3.320153e14
1496,3.320153e14,8.154349,26.019451,3.320153e14
1497,3.320153e14,8.1543665,26.041267,3.320153e14
1498,3.320153e14,8.154384,26.063107,3.320153e14
1499,3.320153e14,8.154403,26.084988,3.320153e14
1500,3.320153e14,8.154419,26.106897,3.320153e14
1501,3.320153e14,8.154437,26.128944,3.320153e14
1502,3.320153e14,8.154377,26.151585,3.320153e14
1503,3.320153e14,8.154213,26.175222,3.320153e14
1504,3.320153e14,8.153991,26.199684,3.320153e14
1505,3.320153e14,8.153797,26.224384,3.320153e14
1506,3.320153e14,8.153709,26.248718,3.320153e14
1507,3.320153e14,8.153731,26.272524,3.320153e14
1508,3.320153e14,8.153803,26.296068,3.320153e14
1509,3.320153e14,8.1538515,26.319723,3.320153e14
1510,3.320153e14,8.153844,26.343483,3.320153e14
1511,3.320153e14,8.15381,26.367056,3.320153e14
1512,3.320153e14,8.15379,26.39001,3.320153e14
1513,3.320153e14,8.153809,26.412264,3.320153e14
1514,3.320153e14,8.15385,26.43406,3.320153e14
1515,3.320153e14,8.153886,26.45578,3.320153e14
1516,3.320153e14,8.153917,26.47755,3.320153e14
1517,3.320153e14,8.153972,26.499298,3.320153e14
1518,3.320153e14,8.154086,26.52081,3.320153e14
1519,3.320153e14,8.154259,26.542042,3.320153e14
1520,3.320153e14,8.154459,26.563225,3.320153e14
1521,3.320153e14,8.154637,26.584646,3.320153e14
1522,3.320153e14,8.154767,26.606457,3.320153e14
1523,3.320153e14,8.15485,26.62861,3.320153e14
1524,3.320153e14,8.15491,26.650911,3.320153e14
1525,3.320153e14,8.15497,26.67325,3.320153e14
1526,3.320153e14,8.1550255,26.695705,3.320153e14
1527,3.320153e14,8.155065,26.718449,3.320153e14
1528,3.320153e14,8.155082,26.741562,3.320153e14
1529,3.320153e14,8.155093,26.764992,3.320153e14
1530,3.320153e14,8.155112,26.788536,3.320153e14
1531,3.320153e14,8.155154,26.812101,3.320153e14
1532,3.320153e14,8.15521,26.835655,3.320153e14
1533,3.320153e14,8.155254,26.85932,3.320153e14
1534,3.320153e14,8.155275,26.883123,3.320153e14
1535,3.320153e14,8.155278,26.907015,3.320153e14
1536,3.320153e14,8.155277,26.930853,3.320153e14
1537,3.320153e14,8.15529,26.95454,3.320153e14
1538,3.320153e14,8.1553135,26.978088,3.320153e14
1539,3.320153e14,8.155348,27.00158,3.320153e14
1540,3.320153e14,8.15539,27.02509,3.320153e14
1541,3.320153e14,8.155432,27.048626,3.320153e14
1542,3.320153e14,8.155489,27.072111,3.320153e14
1543,3.320153e14,8.155565,27.09549,3.320153e14
1544,3.320153e14,8.155648,27.118816,3.320153e14
1545,3.320153e14,8.155734,27.142115,3.320153e14
1546,3.320153e14,8.155806,27.165495,3.320153e14
1547,3.320153e14,8.155868,27.188957,3.320153e14
1548,3.320153e14,8.155923,27.212452,3.320153e14
1549,3.320153e14,8.155979,27.23596,3.320153e14
1550,3.320153e14,8.156043,27.259495,3.320153e14
1551,3.320153e14,8.156103,27.283096,3.320153e14
1552,3.320153e14,8.156163,27.306854,3.320153e14
1553,3.320153e14,8.156217,27.330706,3.320153e14
1554,3.320153e14,8.156272,27.35467,3.320153e14
1555,3.320153e14,8.156329,27.378698,3.320153e14
1556,3.320153e14,8.156388,27.40275,3.320153e14
1557,3.320153e14,8.156445,27.426857,3.320153e14
1558,3.320153e14,8.156495,27.451077,3.320153e14
1559,3.320153e14,8.156535,27.475348,3.320153e14
1560,3.320153e14,8.156571,27.499685,3.320153e14
1561,3.320153e14,8.156616,27.524036,3.320153e14
1562,3.320153e14,8.156658,27.548384,3.320153e14
1563,3.320153e14,8.156707,27.572765,3.320153e14
1564,3.320153e14,8.156755,27.597187,3.320153e14
1565,3.320153e14,8.156806,27.621643,3.320153e14
1566,3.320153e14,8.156859,27.646126,3.320153e14
1567,3.320153e14,8.156913,27.67061,3.320153e14
1568,3.320153e14,8.156974,27.695095,3.320153e14
1569,3.320153e14,8.157035,27.719578,3.320153e14
1570,3.320153e14,8.15709,27.744102,3.320153e14
1571,3.320153e14,8.157145,27.768673,3.320153e14
1572,3.320153e14,8.1572,27.793268,3.320153e14
1573,3.320153e14,8.157254,27.817915,3.320153e14
1574,3.320153e14,8.1573105,27.842562,3.320153e14
1575,3.320153e14,8.157371,27.867258,3.320153e14
1576,3.320153e14,8.157431,27.892008,3.320153e14
1577,3.320153e14,8.157489,27.916819,3.320153e14
1578,3.320153e14,8.157549,27.941683,3.320153e14
1579,3.320153e14,8.157602,27.966597,3.320153e14
1580,3.320153e14,8.157665,27.991535,3.320153e14
1581,3.320153e14,8.157722,28.016533,3.320153e14
1582,3.320153e14,8.157777,28.04156,3.320153e14
1583,3.320153e14,8.157828,28.066673,3.320153e14
1584,3.320153e14,8.15788,28.091816,3.320153e14
1585,3.320153e14,8.157931,28.117014,3.320153e14
1586,3.320153e14,8.157986,28.142223,3.320153e14
1587,3.320153e14,8.158039,28.167482,3.320153e14
1588,3.320153e14,8.158094,28.192776,3.320153e14
1589,3.320153e14,8.15815,28.218119,3.320153e14
1590,3.320153e14,8.158204,28.243502,3.320153e14
1591,3.320153e14,8.158259,28.2689,3.320153e14
1592,3.320153e14,8.158317,28.294323,3.320153e14
1593,3.320153e14,8.158372,28.319778,3.320153e14
1594,3.320153e14,8.158427,28.345282,3.320153e14
1595,3.320153e14,8.158483,28.370804,3.320153e14
1596,3.320153e14,8.158537,28.396372,3.320153e14
1597,3.320153e14,8.158595,28.42197,3.320153e14
1598,3.320153e14,8.158654,28.447584,3.320153e14
1599,3.320153e14,8.158711,28.473251,3.320153e14
1600,3.320153e14,8.158771,28.49895,3.320153e14
1601,3.320153e14,8.158831,28.524689,3.320153e14
1602,3.320153e14,8.158886,28.550468,3.320153e14
1603,3.320153e14,8.158947,28.57629,3.320153e14
1604,3.320153e14,8.159004,28.60214,3.320153e14
1605,3.320153e14,8.159062,28.62804,3.320153e14
1606,3.320153e14,8.15912,28.65397,3.320153e14
1607,3.320153e14,8.159176,28.67995,3.320153e14
1608,3.320153e14,8.159231,28.705967,3.320153e14
1609,3.320153e14,8.159289,28.732027,3.320153e14
1610,3.320153e14,8.159347,28.758139,3.320153e14
1611,3.320153e14,8.159404,28.784266,3.320153e14
1612,3.320153e14,8.159463,28.810448,3.320153e14
1613,3.320153e14,8.15952,28.836672,3.320153e14
1614,3.320153e14,8.159578,28.862913,3.320153e14
1615,3.320153e14,8.159637,28.88921,3.320153e14
1616,3.320153e14,8.159692,28.915522,3.320153e14
1617,3.320153e14,8.15975,28.9419,3.320153e14
1618,3.320153e14,8.159808,28.968287,3.320153e14
1619,3.320153e14,8.159867,28.994717,3.320153e14
1620,3.320153e14,8.159923,29.02119,3.320153e14
1621,3.320153e14,8.159984,29.047697,3.320153e14
1622,3.320153e14,8.160041,29.074245,3.320153e14
1623,3.320153e14,8.160101,29.100811,3.320153e14
1624,3.320153e14,8.16016,29.12743,3.320153e14
1625,3.320153e14,8.160218,29.154078,3.320153e14
1626,3.320153e14,8.160277,29.180777,3.320153e14
1627,3.320153e14,8.160335,29.207495,3.320153e14
1628,3.320153e14,8.160396,29.234255,3.320153e14
1629,3.320153e14,8.160456,29.261044,3.320153e14
1630,3.320153e14,8.160516,29.28788,3.320153e14
1631,3.320153e14,8.160572,29.314766,3.320153e14
1632,3.320153e14,8.160631,29.341665,3.320153e14
1633,3.320153e14,8.160692,29.368622,3.320153e14
1634,3.320153e14,8.16075,29.395607,3.320153e14
1635,3.320153e14,8.16081,29.42264,3.320153e14
1636,3.320153e14,8.160868,29.44969,3.320153e14
1637,3.320153e14,8.160928,29.476788,3.320153e14
1638,3.320153e14,8.160989,29.503918,3.320153e14
1639,3.320153e14,8.161047,29.5311,3.320153e14
1640,3.320153e14,8.161107,29.5583,3.320153e14
1641,3.320153e14,8.161167,29.585554,3.320153e14
1642,3.320153e14,8.161227,29.612825,3.320153e14
1643,3.320153e14,8.161286,29.640142,3.320153e14
1644,3.320153e14,8.1613455,29.667505,3.320153e14
1645,3.320153e14,8.1614065,29.694893,3.320153e14
1646,3.320153e14,8.161465,29.722324,3.320153e14
1647,3.320153e14,8.161526,29.74978,3.320153e14
1648,3.320153e14,8.161586,29.777277,3.320153e14
1649,3.320153e14,8.161646,29.804811,3.320153e14
1650,3.320153e14,8.161708,29.83239,3.320153e14
1651,3.320153e14,8.161766,29.859993,3.320153e14
1652,3.320153e14,8.161826,29.887634,3.320153e14
1653,3.320153e14,8.161888,29.915327,3.320153e14
1654,3.320153e14,8.161948,29.943033,3.320153e14
1655,3.320153e14,8.162008,29.970785,3.320153e14
1656,3.320153e14,8.162066,29.998566,3.320153e14
1657,3.320153e14,8.16213,30.026384,3.320153e14
1658,3.320153e14,8.162191,30.054266,3.320153e14
1659,3.320153e14,8.16225,30.082157,3.320153e14
1660,3.320153e14,8.1623125,30.110106,3.320153e14
1661,3.320153e14,8.162373,30.138071,3.320153e14
1662,3.320153e14,8.162436,30.16607,3.320153e14
1663,3.320153e14,8.162496,30.194115,3.320153e14
1664,3.320153e14,8.162557,30.222198,3.320153e14
1665,3.320153e14,8.162617,30.250307,3.320153e14
1666,3.320153e14,8.162678,30.278463,3.320153e14
1667,3.320153e14,8.162741,30.306639,3.320153e14
1668,3.320153e14,8.162802,30.334866,3.320153e14
1669,3.320153e14,8.162861,30.363127,3.320153e14
1670,3.320153e14,8.162923,30.391409,3.320153e14
1671,3.320153e14,8.162982,30.419752,3.320153e14
1672,3.320153e14,8.163043,30.448109,3.320153e14
1673,3.320153e14,8.163109,30.476507,3.320153e14
1674,3.320153e14,8.163171,30.504963,3.320153e14
1675,3.320153e14,8.163231,30.533422,3.320153e14
1676,3.320153e14,8.163292,30.561932,3.320153e14
1677,3.320153e14,8.163353,30.590464,3.320153e14
1678,3.320153e14,8.163416,30.619053,3.320153e14
1679,3.320153e14,8.163479,30.647661,3.320153e14
1680,3.320153e14,8.163538,30.676315,3.320153e14
1681,3.320153e14,8.163602,30.704996,3.320153e14
1682,3.320153e14,8.163666,30.733717,3.320153e14
1683,3.320153e14,8.163725,30.762468,3.320153e14
1684,3.320153e14,8.163785,30.791258,3.320153e14
1685,3.320153e14,8.163851,30.820093,3.320153e14
1686,3.320153e14,8.163913,30.848946,3.320153e14
1687,3.320153e14,8.163975,30.877844,3.320153e14
1688,3.320153e14,8.164037,30.906776,3.320153e14
1689,3.320153e14,8.164101,30.935755,3.320153e14
1690,3.320153e14,8.164159,30.964743,3.320153e14
1691,3.320153e14,8.164222,30.99379,3.320153e14
1692,3.320153e14,8.164284,31.02285,3.320153e14
1693,3.320153e14,8.1643505,31.051966,3.320153e14
1694,3.320153e14,8.164411,31.081112,3.320153e14
1695,3.320153e14,8.164473,31.110285,3.320153e14
1696,3.320153e14,8.1645355,31.139494,3.320153e14
1697,3.320153e14,8.1646,31.168737,3.320153e14
1698,3.320153e14,8.16466,31.198011,3.320153e14
1699,3.320153e14,8.164722,31.227331,3.320153e14
1700,3.320153e14,8.164786,31.256681,3.320153e14
1701,3.320153e14,8.164849,31.286081,3.320153e14
1702,3.320153e14,8.164915,31.3155,3.320153e14
1703,3.320153e14,8.164974,31.344946,3.320153e14
1704,3.320153e14,8.16504,31.374432,3.320153e14
1705,3.320153e14,8.165102,31.40396,3.320153e14
1706,3.320153e14,8.165165,31.43352,3.320153e14
1707,3.320153e14,8.165229,31.463097,3.320153e14
1708,3.320153e14,8.165293,31.492733,3.320153e14
1709,3.320153e14,8.165356,31.522394,3.320153e14
1710,3.320153e14,8.165417,31.552088,3.320153e14
1711,3.320153e14,8.16548,31.58183,3.320153e14
1712,3.320153e14,8.165544,31.611595,3.320153e14
1713,3.320153e14,8.165606,31.641388,3.320153e14
1714,3.320153e14,8.165671,31.671211,3.320153e14
1715,3.320153e14,8.165733,31.701078,3.320153e14
1716,3.320153e14,8.165797,31.730988,3.320153e14
1717,3.320153e14,8.165863,31.76092,3.320153e14
1718,3.320153e14,8.165923,31.790884,3.320153e14
1719,3.320153e14,8.165989,31.820894,3.320153e14
1720,3.320153e14,8.166053,31.85093,3.320153e14
1721,3.320153e14,8.166117,31.880999,3.320153e14
1722,3.320153e14,8.166179,31.911102,3.320153e14
1723,3.320153e14,8.166244,31.941236,3.320153e14
1724,3.320153e14,8.166307,31.971409,3.320153e14
1725,3.320153e14,8.166369,32.00161,3.320153e14
1726,3.320153e14,8.166433,32.03185,3.320153e14
1727,3.320153e14,8.166496,32.062122,3.320153e14
1728,3.320153e14,8.166561,32.092434,3.320153e14
1729,3.320153e14,8.166627,32.12277,3.320153e14
1730,3.320153e14,8.166689,32.15315,3.320153e14
1731,3.320153e14,8.166754,32.183563,3.320153e14
1732,3.320153e14,8.166819,32.214005,3.320153e14
1733,3.320153e14,8.16688,32.244465,3.320153e14
1734,3.320153e14,8.166944,32.274986,3.320153e14
1735,3.320153e14,8.167007,32.305527,3.320153e14
1736,3.320153e14,8.167073,32.336094,3.320153e14
1737,3.320153e14,8.167139,32.3667,3.320153e14
1738,3.320153e14,8.167203,32.397343,3.320153e14
1739,3.320153e14,8.167265,32.428013,3.320153e14
1740,3.320153e14,8.16733,32.458725,3.320153e14
1741,3.320153e14,8.167394,32.489464,3.320153e14
1742,3.320153e14,8.1674595,32.520226,3.320153e14
1743,3.320153e14,8.167526,32.55104,3.320153e14
1744,3.320153e14,8.167586,32.58189,3.320153e14
1745,3.320153e14,8.167653,32.612747,3.320153e14
1746,3.320153e14,8.167718,32.643665,3.320153e14
1747,3.320153e14,8.16778,32.674583,3.320153e14
1748,3.320153e14,8.167845,32.70556,3.320153e14
1749,3.320153e14,8.1679125,32.73656,3.320153e14
1750,3.320153e14,8.1679735,32.767593,3.320153e14
1751,3.320153e14,8.168038,32.79867,3.320153e14
1752,3.320153e14,8.168102,32.82977,3.320153e14
1753,3.320153e14,8.168169,32.860893,3.320153e14
1754,3.320153e14,8.168231,32.89207,3.320153e14
1755,3.320153e14,8.168297,32.92326,3.320153e14
1756,3.320153e14,8.168363,32.95449,3.320153e14
1757,3.320153e14,8.168426,32.985756,3.320153e14
1758,3.320153e14,8.16849,33.017063,3.320153e14
1759,3.320153e14,8.168557,33.04839,3.320153e14
1760,3.320153e14,8.168621,33.079742,3.320153e14
1761,3.320153e14,8.168685,33.111137,3.320153e14
1762,3.320153e14,8.168751,33.142563,3.320153e14
1763,3.320153e14,8.168817,33.17402,3.320153e14
1764,3.320153e14,8.168883,33.205505,3.320153e14
1765,3.320153e14,8.168946,33.23703,3.320153e14
1766,3.320153e14,8.169008,33.268578,3.320153e14
1767,3.320153e14,8.169076,33.30017,3.320153e14
1768,3.320153e14,8.169141,33.331783,3.320153e14
1769,3.320153e14,8.169204,33.363438,3.320153e14
1770,3.320153e14,8.169269,33.39512,3.320153e14
1771,3.320153e14,8.1693325,33.42683,3.320153e14
1772,3.320153e14,8.1694,33.458572,3.320153e14
1773,3.320153e14,8.169465,33.490345,3.320153e14
1774,3.320153e14,8.169529,33.52217,3.320153e14
1775,3.320153e14,8.169591,33.553997,3.320153e14
1776,3.320153e14,8.16966,33.585865,3.320153e14
1777,3.320153e14,8.169723,33.61777,3.320153e14
1778,3.320153e14,8.16979,33.649704,3.320153e14
1779,3.320153e14,8.169852,33.681675,3.320153e14
1780,3.320153e14,8.169918,33.713684,3.320153e14
1781,3.320153e14,8.169982,33.745693,3.320153e14
1782,3.3201527e14,8.170049,33.77776,3.3201527e14
1783,3.3201527e14,8.170114,33.809856,3.3201527e14
1784,3.3201527e14,8.170179,33.84197,3.3201527e14
1785,3.3201527e14,8.170243,33.874126,3.3201527e14
1786,3.3201527e14,8.170308,33.906315,3.3201527e14
1787,3.3201527e14,8.170372,33.938522,3.3201527e14
1788,3.3201527e14,8.170441,33.970776,3.3201527e14
1789,3.3201527e14,8.1705065,34.00305,3.3201527e14
1790,3.3201527e14,8.170572,34.035366,3.3201527e14
1791,3.3201527e14,8.170636,34.06771,3.3201527e14
1792,3.3201527e14,8.170701,34.100075,3.3201527e14
1793,3.3201527e14,8.170764,34.132477,3.3201527e14
1794,3.3201527e14,8.170829,34.164906,3.3201527e14
1795,3.3201527e14,8.170897,34.19738,3.3201527e14
1796,3.3201527e14,8.17096,34.22987,3.3201527e14
1797,3.3201527e14,8.171028,34.262386,3.3201527e14
1798,3.3201527e14,8.171093,34.294956,3.3201527e14
1799,3.3201527e14,8.171156,34.327545,3.3201527e14
1800,3.3201527e14,8.171223,34.360146,3.3201527e14
1801,3.3201527e14,8.171288,34.392803,3.3201527e14
1802,3.3201527e14,8.171353,34.425472,3.3201527e14
1803,3.3201527e14,8.171419,34.458183,3.3201527e14
1804,3.3201527e14,8.171486,34.490932,3.3201527e14
1805,3.3201527e14,8.17155,34.5237,3.3201527e14
1806,3.3201527e14,8.171616,34.5565,3.3201527e14
1807,3.3201527e14,8.17168,34.589333,3.3201527e14
1808,3.3201527e14,8.171745,34.622192,3.3201527e14
1809,3.3201527e14,8.17181,34.655083,3.3201527e14
1810,3.3201527e14,8.171876,34.688004,3.3201527e14
1811,3.3201527e14,8.171942,34.720947,3.3201527e14
1812,3.3201527e14,8.172007,34.75393,3.3201527e14
1813,3.3201527e14,8.172072,34.78693,3.3201527e14
1814,3.3201527e14,8.172138,34.819977,3.3201527e14
1815,3.3201527e14,8.172204,34.85306,3.3201527e14
1816,3.3201527e14,8.172267,34.886154,3.3201527e14
1817,3.3201527e14,8.172335,34.919296,3.3201527e14
1818,3.3201527e14,8.172399,34.952446,3.3201527e14
1819,3.3201527e14,8.172465,34.985645,3.3201527e14
1820,3.3201527e14,8.17253,35.018852,3.3201527e14
1821,3.3201527e14,8.172595,35.05211,3.3201527e14
1822,3.3201527e14,8.172662,35.085384,3.3201527e14
1823,3.3201527e14,8.172729,35.118694,3.3201527e14
1824,3.3201527e14,8.172794,35.152027,3.3201527e14
1825,3.3201527e14,8.172859,35.185394,3.3201527e14
1826,3.3201527e14,8.172926,35.21879,3.3201527e14
1827,3.3201527e14,8.172989,35.252216,3.3201527e14
1828,3.3201527e14,8.173056,35.285667,3.3201527e14
1829,3.3201527e14,8.173121,35.319164,3.3201527e14
1830,3.3201527e14,8.173186,35.352665,3.3201527e14
1831,3.3201527e14,8.173251,35.386208,3.3201527e14
1832,3.3201527e14,8.173318,35.4198,3.3201527e14
1833,3.3201527e14,8.173387,35.453392,3.3201527e14
1834,3.3201527e14,8.1734495,35.48703,3.3201527e14
1835,3.3201527e14,8.173513,35.520687,3.3201527e14
1836,3.3201527e14,8.17358,35.554375,3.3201527e14
1837,3.3201527e14,8.173647,35.58809,3.3201527e14
1838,3.3201527e14,8.17371,35.62184,3.3201527e14
1839,3.3201527e14,8.173776,35.655617,3.3201527e14
1840,3.3201527e14,8.173841,35.689407,3.3201527e14
1841,3.3201527e14,8.173907,35.72325,3.3201527e14
1842,3.3201527e14,8.173971,35.75712,3.3201527e14
1843,3.3201527e14,8.174039,35.791,3.3201527e14
1844,3.3201527e14,8.174104,35.82493,3.3201527e14
1845,3.3201527e14,8.174169,35.858864,3.3201527e14
1846,3.3201527e14,8.174234,35.89284,3.3201527e14
1847,3.3201527e14,8.174301,35.92685,3.3201527e14
1848,3.3201527e14,8.174366,35.96088,3.3201527e14
1849,3.3201527e14,8.174431,35.994938,3.3201527e14
1850,3.3201527e14,8.174497,36.02903,3.3201527e14
1851,3.3201527e14,8.174563,36.063145,3.3201527e14
1852,3.3201527e14,8.174627,36.097294,3.3201527e14
1853,3.3201527e14,8.174694,36.131474,3.3201527e14
1854,3.3201527e14,8.174762,36.165672,3.3201527e14
1855,3.3201527e14,8.174825,36.199905,3.3201527e14
1856,3.3201527e14,8.1748905,36.234173,3.3201527e14
1857,3.3201527e14,8.174957,36.268444,3.3201527e14
1858,3.3201527e14,8.175023,36.30276,3.3201527e14
1859,3.3201527e14,8.175086,36.337105,3.3201527e14
1860,3.3201527e14,8.175153,36.371475,3.3201527e14
1861,3.3201527e14,8.1752205,36.405872,3.3201527e14
1862,3.3201527e14,8.175284,36.440304,3.3201527e14
1863,3.3201527e14,8.17535,36.47475,3.3201527e14
1864,3.3201527e14,8.175417,36.509235,3.3201527e14
1865,3.3201527e14,8.175482,36.543747,3.3201527e14
1866,3.3201527e14,8.175549,36.57828,3.3201527e14
1867,3.3201527e14,8.175613,36.612846,3.3201527e14
1868,3.3201527e14,8.175677,36.647427,3.3201527e14
1869,3.3201527e14,8.175743,36.682053,3.3201527e14
1870,3.3201527e14,8.175808,36.716694,3.3201527e14
1871,3.3201527e14,8.175873,36.751377,3.3201527e14
1872,3.3201527e14,8.175941,36.786083,3.3201527e14
1873,3.3201527e14,8.176005,36.820805,3.3201527e14
1874,3.3201527e14,8.17607,36.855553,3.3201527e14
1875,3.3201527e14,8.176136,36.89034,3.3201527e14
1876,3.3201527e14,8.176201,36.92515,3.3201527e14
1877,3.3201527e14,8.176269,36.959988,3.3201527e14
1878,3.3201527e14,8.176334,36.994858,3.3201527e14
1879,3.3201527e14,8.1764,37.02974,3.3201527e14
1880,3.3201527e14,8.176466,37.06466,3.3201527e14
1881,3.3201527e14,8.17653,37.0996,3.3201527e14
1882,3.3201527e14,8.176597,37.134567,3.3201527e14
1883,3.3201527e14,8.1766615,37.169575,3.3201527e14
1884,3.3201527e14,8.176727,37.204594,3.3201527e14
1885,3.3201527e14,8.176791,37.239643,3.3201527e14
1886,3.3201527e14,8.176859,37.27472,3.3201527e14
1887,3.3201527e14,8.176924,37.309822,3.3201527e14
1888,3.3201527e14,8.176989,37.344963,3.3201527e14
1889,3.3201527e14,8.177055,37.38011,3.3201527e14
1890,3.3201527e14,8.177118,37.415306,3.3201527e14
1891,3.3201527e14,8.177186,37.450512,3.3201527e14
1892,3.3201527e14,8.177252,37.48576,3.3201527e14
1893,3.3201527e14,8.177319,37.52101,3.3201527e14
1894,3.3201527e14,8.1773815,37.556286,3.3201527e14
1895,3.3201527e14,8.177445,37.591614,3.3201527e14
1896,3.3201527e14,8.177512,37.626957,3.3201527e14
1897,3.3201527e14,8.177577,37.662323,3.3201527e14
1898,3.3201527e14,8.177643,37.697716,3.3201527e14
1899,3.3201527e14,8.17771,37.73314,3.3201527e14
1900,3.3201527e14,8.177774,37.768578,3.3201527e14
1901,3.3201527e14,8.177839,37.804058,3.3201527e14
1902,3.3201527e14,8.177906,37.839554,3.3201527e14
1903,3.3201527e14,8.177975,37.875084,3.3201527e14
1904,3.3201527e14,8.178038,37.910614,3.3201527e14
1905,3.3201527e14,8.1781025,37.946198,3.3201527e14
1906,3.3201527e14,8.178166,37.981796,3.3201527e14
1907,3.3201527e14,8.17823,38.017426,3.3201527e14
1908,3.3201527e14,8.178297,38.053062,3.3201527e14
1909,3.3201527e14,8.178363,38.088745,3.3201527e14
1910,3.3201527e14,8.17843,38.124447,3.3201527e14
1911,3.3201527e14,8.178495,38.16017,3.3201527e14
1912,3.3201527e14,8.178562,38.19593,3.3201527e14
1913,3.3201527e14,8.178627,38.231705,3.3201527e14
1914,3.3201527e14,8.178691,38.267513,3.3201527e14
1915,3.3201527e14,8.178754,38.303333,3.3201527e14
1916,3.3201527e14,8.178822,38.339195,3.3201527e14
1917,3.3201527e14,8.178886,38.375072,3.3201527e14
1918,3.3201527e14,8.17895,38.41098,3.3201527e14
1919,3.3201527e14,8.179017,38.446903,3.3201527e14
1920,3.3201527e14,8.179081,38.482857,3.3201527e14
1921,3.3201527e14,8.17915,38.51884,3.3201527e14
1922,3.3201527e14,8.179213,38.55484,3.3201527e14
1923,3.3201527e14,8.179277,38.59087,3.3201527e14
1924,3.3201527e14,8.179342,38.626923,3.3201527e14
1925,3.3201527e14,8.179409,38.663,3.3201527e14
1926,3.3201527e14,8.179474,38.6991,3.3201527e14
1927,3.3201527e14,8.17954,38.735218,3.3201527e14
1928,3.3201527e14,8.179605,38.771366,3.3201527e14
1929,3.3201527e14,8.17967,38.80755,3.3201527e14
1930,3.3201527e14,8.179735,38.843754,3.3201527e14
1931,3.3201527e14,8.179798,38.879986,3.3201527e14
1932,3.3201527e14,8.179866,38.916225,3.3201527e14
1933,3.3201527e14,8.179931,38.952496,3.3201527e14
1934,3.3201527e14,8.179996,38.988792,3.3201527e14
1935,3.3201527e14,8.180059,39.025124,3.3201527e14
1936,3.3201527e14,8.180127,39.061455,3.3201527e14
1937,3.3201527e14,8.180191,39.097836,3.3201527e14
1938,3.3201527e14,8.180254,39.134224,3.3201527e14
1939,3.3201527e14,8.180322,39.17065,3.3201527e14
1940,3.3201527e14,8.1803875,39.20708,3.3201527e14
1941,3.3201527e14,8.18045,39.243553,3.3201527e14
1942,3.3201527e14,8.180519,39.280045,3.3201527e14
1943,3.3201527e14,8.180582,39.316547,3.3201527e14
1944,3.3201527e14,8.180646,39.353092,3.3201527e14
1945,3.3201527e14,8.180711,39.38966,3.3201527e14
1946,3.3201527e14,8.180778,39.426247,3.3201527e14
1947,3.3201527e14,8.180843,39.46285,3.3201527e14
1948,3.3201527e14,8.180905,39.49947,3.3201527e14
1949,3.3201527e14,8.180973,39.536137,3.3201527e14
1950,3.3201527e14,8.181039,39.572803,3.3201527e14
1951,3.3201527e14,8.181102,39.60952,3.3201527e14
1952,3.3201527e14,8.181167,39.646244,3.3201527e14
1953,3.3201527e14,8.181232,39.682987,3.3201527e14
1954,3.3201527e14,8.181297,39.71976,3.3201527e14
1955,3.3201527e14,8.181365,39.756554,3.3201527e14
1956,3.3201527e14,8.181428,39.793373,3.3201527e14
1957,3.3201527e14,8.181494,39.83022,3.3201527e14
1958,3.3201527e14,8.181559,39.86708,3.3201527e14
1959,3.3201527e14,8.181624,39.903965,3.3201527e14
1960,3.3201527e14,8.181685,39.94088,3.3201527e14
1961,3.3201527e14,8.181754,39.977806,3.3201527e14
1962,3.3201527e14,8.181818,40.01477,3.3201527e14
1963,3.3201527e14,8.181883,40.051735,3.3201527e14
1964,3.3201527e14,8.181946,40.08874,3.3201527e14
1965,3.3201527e14,8.182013,40.12578,3.3201527e14
1966,3.3201527e14,8.182078,40.162823,3.3201527e14
1967,3.3201527e14,8.182141,40.199898,3.3201527e14
1968,3.3201527e14,8.18221,40.236988,3.3201527e14
1969,3.3201527e14,8.182273,40.274113,3.3201527e14
1970,3.3201527e14,8.182337,40.311234,3.3201527e14
1971,3.3201527e14,8.182401,40.348396,3.3201527e14
1972,3.3201527e14,8.1824665,40.385582,3.3201527e14
1973,3.3201527e14,8.182533,40.422775,3.3201527e14
1974,3.3201527e14,8.182595,40.460003,3.3201527e14
1975,3.3201527e14,8.18266,40.497253,3.3201527e14
1976,3.3201527e14,8.182727,40.53453,3.3201527e14
1977,3.3201527e14,8.182789,40.571815,3.3201527e14
1978,3.3201527e14,8.182856,40.609135,3.3201527e14
1979,3.3201527e14,8.182922,40.64647,3.3201527e14
1980,3.3201527e14,8.182983,40.683834,3.3201527e14
1981,3.3201527e14,8.183047,40.721222,3.3201527e14
1982,3.3201527e14,8.183116,40.75863,3.3201527e14
1983,3.3201527e14,8.183179,40.79605,3.3201527e14
1984,3.3201527e14,8.183245,40.833492,3.3201527e14
1985,3.3201527e14,8.183307,40.87096,3.3201527e14
1986,3.3201527e14,8.183373,40.90845,3.3201527e14
1987,3.3201527e14,8.183436,40.94597,3.3201527e14
1988,3.3201527e14,8.1835,40.98351,3.3201527e14
1989,3.3201527e14,8.183569,41.021046,3.3201527e14
1990,3.3201527e14,8.183632,41.05864,3.3201527e14
1991,3.3201527e14,8.183698,41.096226,3.3201527e14
1992,3.3201527e14,8.183759,41.133854,3.3201527e14
1993,3.3201527e14,8.183825,41.17149,3.3201527e14
1994,3.3201527e14,8.183891,41.20916,3.3201527e14
1995,3.3201527e14,8.183953,41.24684,3.3201527e14
1996,3.3201527e14,8.18402,41.284534,3.3201527e14
1997,3.3201527e14,8.184082,41.322266,3.3201527e14
1998,3.3201527e14,8.184146,41.36001,3.3201527e14
1999,3.3201527e14,8.184216,41.397778,3.3201527e14
2000,3.3201527e14,8.184277,41.435562,3.3201527e14
2001,3.3201527e14,8.184344,41.473385,3.3201527e14
2002,3.3201527e14,8.184406,41.511208,3.3201527e14
2003,3.3201527e14,8.184471,41.54906,3.3201527e14
2004,3.3201527e14,8.184537,41.586937,3.3201527e14
2005,3.3201527e14,8.184598,41.62483,3.3201527e14
2006,3.3201527e14,8.184665,41.662746,3.3201527e14
2007,3.3201527e14,8.184727,41.70067,3.3201527e14
2008,3.3201527e14,8.1847925,41.738647,3.3201527e14
2009,3.3201527e14,8.184859,41.776608,3.3201527e14
2010,3.3201527e14,8.18492,41.81461,3.3201527e14
2011,3.3201527e14,8.184986,41.85262,3.3201527e14
2012,3.3201527e14,8.18505,41.89066,3.3201527e14
2013,3.3201527e14,8.185114,41.928726,3.3201527e14
2014,3.3201527e14,8.185177,41.966793,3.3201527e14
2015,3.3201527e14,8.185243,42.00489,3.3201527e14
2016,3.3201527e14,8.185304,42.04299,3.3201527e14
2017,3.3201527e14,8.185372,42.081158,3.3201527e14
2018,3.3201527e14,8.185439,42.119312,3.3201527e14
2019,3.3201527e14,8.185499,42.157494,3.3201527e14
2020,3.3201527e14,8.185566,42.195694,3.3201527e14
2021,3.3201527e14,8.185629,42.23391,3.3201527e14
2022,3.3201527e14,8.185697,42.272144,3.3201527e14
2023,3.3201527e14,8.185758,42.310394,3.3201527e14
2024,3.3201527e14,8.185821,42.34868,3.3201527e14
2025,3.3201527e14,8.185887,42.386986,3.3201527e14
2026,3.3201527e14,8.185949,42.4253,3.3201527e14
2027,3.3201527e14,8.186014,42.463627,3.3201527e14
2028,3.3201527e14,8.186077,42.501987,3.3201527e14
2029,3.3201527e14,8.186141,42.540386,3.3201527e14
2030,3.3201527e14,8.186207,42.578766,3.3201527e14
2031,3.3201527e14,8.186274,42.61719,3.3201527e14
2032,3.3201527e14,8.186335,42.655632,3.3201527e14
2033,3.3201527e14,8.186397,42.694084,3.3201527e14
2034,3.3201527e14,8.186464,42.73256,3.3201527e14
2035,3.3201527e14,8.186525,42.771057,3.3201527e14
2036,3.3201527e14,8.18659,42.809563,3.3201527e14
2037,3.3201527e14,8.186654,42.848087,3.3201527e14
2038,3.3201527e14,8.186719,42.886665,3.3201527e14
2039,3.3201527e14,8.186784,42.92522,3.3201527e14
2040,3.3201527e14,8.186847,42.963814,3.3201527e14
2041,3.3201527e14,8.186911,43.00242,3.3201527e14
2042,3.3201527e14,8.186973,43.041058,3.3201527e14
2043,3.3201527e14,8.187039,43.079693,3.3201527e14
2044,3.3201527e14,8.187101,43.118355,3.3201527e14
2045,3.3201527e14,8.187165,43.157047,3.3201527e14
2046,3.3201527e14,8.187232,43.19575,3.3201527e14
2047,3.3201527e14,8.187294,43.23448,3.3201527e14
2048,3.3201527e14,8.187358,43.273224,3.3201527e14
2049,3.3201527e14,8.18742,43.311977,3.3201527e14
2050,3.3201527e14,8.187486,43.350765,3.3201527e14
2051,3.3201527e14,8.187548,43.389545,3.3201527e14
2052,3.3201527e14,8.187616,43.428387,3.3201527e14
2053,3.3201527e14,8.187676,43.467213,3.3201527e14
2054,3.3201527e14,8.187741,43.50607,3.3201527e14
2055,3.3201527e14,8.187805,43.544926,3.3201527e14
2056,3.3201527e14,8.187869,43.583813,3.3201527e14
2057,3.3201527e14,8.187932,43.622734,3.3201527e14
2058,3.3201527e14,8.187994,43.661667,3.3201527e14
2059,3.3201527e14,8.188061,43.700603,3.3201527e14
2060,3.3201527e14,8.188124,43.739567,3.3201527e14
2061,3.3201527e14,8.188185,43.77856,3.3201527e14
2062,3.3201527e14,8.188251,43.81756,3.3201527e14
2063,3.3201527e14,8.1883135,43.85657,3.3201527e14
2064,3.3201527e14,8.188376,43.8956,3.3201527e14
2065,3.3201527e14,8.18844,43.934654,3.3201527e14
2066,3.3201527e14,8.188506,43.973743,3.3201527e14
2067,3.3201527e14,8.188567,44.012806,3.3201527e14
2068,3.3201527e14,8.188632,44.05193,3.3201527e14
2069,3.3201527e14,8.188696,44.09105,3.3201527e14
2070,3.3201527e14,8.188758,44.130184,3.3201527e14
2071,3.3201527e14,8.188822,44.169353,3.3201527e14
2072,3.3201527e14,8.188886,44.20854,3.3201527e14
2073,3.3201527e14,8.188951,44.247726,3.3201527e14
2074,3.3201527e14,8.189013,44.28695,3.3201527e14
2075,3.3201527e14,8.189078,44.326168,3.3201527e14
2076,3.3201527e14,8.189139,44.365433,3.3201527e14
2077,3.3201527e14,8.189202,44.404682,3.3201527e14
2078,3.3201527e14,8.189264,44.443977,3.3201527e14
2079,3.3201527e14,8.189331,44.483276,3.3201527e14
2080,3.3201527e14,8.189394,44.522594,3.3201527e14
2081,3.3201527e14,8.189454,44.56194,3.3201527e14
2082,3.3201527e14,8.18952,44.60129,3.3201527e14
2083,3.3201527e14,8.189583,44.64066,3.3201527e14
2084,3.3201527e14,8.189645,44.680042,3.3201527e14
2085,3.3201527e14,8.189709,44.71944,3.3201527e14
2086,3.3201527e14,8.1897745,44.75886,3.3201527e14
2087,3.3201527e14,8.189837,44.798313,3.3201527e14
2088,3.3201527e14,8.1898985,44.83777,3.3201527e14
2089,3.3201527e14,8.1899605,44.877235,3.3201527e14
2090,3.3201527e14,8.190026,44.916725,3.3201527e14
2091,3.3201527e14,8.190087,44.956223,3.3201527e14
2092,3.3201527e14,8.190151,44.995754,3.3201527e14
2093,3.3201527e14,8.190212,45.03529,3.3201527e14
2094,3.3201527e14,8.190278,45.07486,3.3201527e14
2095,3.3201527e14,8.190343,45.11444,3.3201527e14
2096,3.3201527e14,8.190404,45.154015,3.3201527e14
2097,3.3201527e14,8.190468,45.19362,3.3201527e14
2098,3.3201527e14,8.190529,45.233242,3.3201527e14
2099,3.3201527e14,8.190593,45.272892,3.3201527e14
2100,3.3201527e14,8.190655,45.312546,3.3201527e14
2101,3.3201527e14,8.190718,45.352207,3.3201527e14
2102,3.3201527e14,8.190783,45.391907,3.3201527e14
2103,3.3201527e14,8.1908455,45.431618,3.3201527e14
2104,3.3201527e14,8.190909,45.471325,3.3201527e14
2105,3.3201527e14,8.1909685,45.51105,3.3201527e14
2106,3.3201527e14,8.191034,45.550827,3.3201527e14
2107,3.3201527e14,8.191097,45.59061,3.3201527e14
2108,3.3201527e14,8.191159,45.630375,3.3201527e14
2109,3.3201527e14,8.191221,45.670174,3.3201527e14
2110,3.3201527e14,8.191286,45.709995,3.3201527e14
2111,3.3201527e14,8.191351,45.749832,3.3201527e14
2112,3.3201527e14,8.19141,45.789677,3.3201527e14
2113,3.3201527e14,8.191473,45.829556,3.3201527e14
2114,3.3201527e14,8.191537,45.86943,3.3201527e14
2115,3.3201527e14,8.191599,45.909332,3.3201527e14
2116,3.3201527e14,8.191662,45.94924,3.3201527e14
2117,3.3201527e14,8.191723,45.989166,3.3201527e14
2118,3.3201527e14,8.191789,46.029125,3.3201527e14
2119,3.3201527e14,8.191851,46.069077,3.3201527e14
2120,3.3201527e14,8.191913,46.109062,3.3201527e14
2121,3.3201527e14,8.191976,46.149048,3.3201527e14
2122,3.3201527e14,8.192036,46.189053,3.3201527e14
2123,3.3201527e14,8.192101,46.229088,3.3201527e14
2124,3.3201527e14,8.192166,46.269127,3.3201527e14
2125,3.3201527e14,8.192225,46.309193,3.3201527e14
2126,3.3201527e14,8.192288,46.349247,3.3201527e14
2127,3.3201527e14,8.192349,46.38934,3.3201527e14
2128,3.3201527e14,8.192413,46.42943,3.3201527e14
2129,3.3201527e14,8.192478,46.469563,3.3201527e14
2130,3.3201527e14,8.192537,46.509663,3.3201527e14
2131,3.3201527e14,8.192601,46.54983,3.3201527e14
2132,3.3201527e14,8.192664,46.590008,3.3201527e14
2133,3.3201527e14,8.192726,46.63016,3.3201527e14
2134,3.3201527e14,8.19279,46.67035,3.3201527e14
2135,3.3201527e14,8.192851,46.71057,3.3201527e14
2136,3.3201523e14,8.192914,46.75079,3.3201523e14
2137,3.3201523e14,8.192975,46.791016,3.3201523e14
2138,3.3201523e14,8.193038,46.83128,3.3201523e14
2139,3.3201523e14,8.193101,46.871536,3.3201523e14
2140,3.3201523e14,8.193164,46.911835,3.3201523e14
2141,3.3201523e14,8.193225,46.95211,3.3201523e14
2142,3.3201523e14,8.193287,46.992435,3.3201523e14
2143,3.3201523e14,8.193351,47.032764,3.3201523e14
2144,3.3201523e14,8.193413,47.073082,3.3201523e14
2145,3.3201523e14,8.193471,47.113445,3.3201523e14
2146,3.3201523e14,8.193537,47.15383,3.3201523e14
2147,3.3201523e14,8.1936,47.19422,3.3201523e14
2148,3.3201523e14,8.193661,47.234604,3.3201523e14
2149,3.3201523e14,8.193722,47.275024,3.3201523e14
2150,3.3201523e14,8.193783,47.315468,3.3201523e14
2151,3.3201523e14,8.193847,47.355892,3.3201523e14
2152,3.3201523e14,8.19391,47.396343,3.3201523e14
2153,3.3201523e14,8.193971,47.43682,3.3201523e14
2154,3.3201523e14,8.194033,47.477303,3.3201523e14
2155,3.3201523e14,8.194095,47.517815,3.3201523e14
2156,3.3201523e14,8.194158,47.558327,3.3201523e14
2157,3.3201523e14,8.19422,47.59886,3.3201523e14
2158,3.3201523e14,8.194281,47.639374,3.3201523e14
2159,3.3201523e14,8.194343,47.679947,3.3201523e14
2160,3.3201523e14,8.194403,47.72053,3.3201523e14
2161,3.3201523e14,8.194466,47.761105,3.3201523e14
2162,3.3201523e14,8.194529,47.801693,3.3201523e14
2163,3.3201523e14,8.1945915,47.84231,3.3201523e14
2164,3.3201523e14,8.194654,47.88296,3.3201523e14
2165,3.3201523e14,8.194712,47.92358,3.3201523e14
2166,3.3201523e14,8.194777,47.964233,3.3201523e14
2167,3.3201523e14,8.194836,48.004898,3.3201523e14
2168,3.3201523e14,8.1949005,48.045597,3.3201523e14
2169,3.3201523e14,8.194963,48.086277,3.3201523e14
2170,3.3201523e14,8.195022,48.127,3.3201523e14
2171,3.3201523e14,8.195083,48.167717,3.3201523e14
2172,3.3201523e14,8.195146,48.208443,3.3201523e14
2173,3.3201523e14,8.195209,48.249195,3.3201523e14
2174,3.3201523e14,8.195272,48.289967,3.3201523e14
2175,3.3201523e14,8.1953335,48.330753,3.3201523e14
2176,3.3201523e14,8.195394,48.371544,3.3201523e14
2177,3.3201523e14,8.195455,48.412346,3.3201523e14
2178,3.3201523e14,8.195515,48.45316,3.3201523e14
2179,3.3201523e14,8.195575,48.49399,3.3201523e14
2180,3.3201523e14,8.195641,48.53482,3.3201523e14
2181,3.3201523e14,8.195703,48.5757,3.3201523e14
2182,3.3201523e14,8.195761,48.616566,3.3201523e14
2183,3.3201523e14,8.195824,48.65745,3.3201523e14
2184,3.3201523e14,8.195886,48.698345,3.3201523e14
2185,3.3201523e14,8.195945,48.739246,3.3201523e14
2186,3.3201523e14,8.196008,48.780174,3.3201523e14
2187,3.3201523e14,8.196072,48.821117,3.3201523e14
2188,3.3201523e14,8.196132,48.862064,3.3201523e14
2189,3.3201523e14,8.196191,48.90303,3.3201523e14
2190,3.3201523e14,8.196254,48.944,3.3201523e14
2191,3.3201523e14,8.196313,48.98499,3.3201523e14
2192,3.3201523e14,8.196376,49.025993,3.3201523e14
2193,3.3201523e14,8.196439,49.067005,3.3201523e14
2194,3.3201523e14,8.196501,49.108036,3.3201523e14
2195,3.3201523e14,8.196559,49.149067,3.3201523e14
2196,3.3201523e14,8.196623,49.19014,3.3201523e14
2197,3.3201523e14,8.196681,49.231197,3.3201523e14
2198,3.3201523e14,8.196744,49.27228,3.3201523e14
2199,3.3201523e14,8.196806,49.313385,3.3201523e14
2200,3.3201523e14,8.196868,49.354458,3.3201523e14
2201,3.3201523e14,8.196927,49.39559,3.3201523e14
2202,3.3201523e14,8.196987,49.436733,3.3201523e14
2203,3.3201523e14,8.197049,49.477863,3.3201523e14
2204,3.3201523e14,8.197109,49.51902,3.3201523e14
2205,3.3201523e14,8.197169,49.560184,3.3201523e14
2206,3.3201523e14,8.19723,49.60136,3.3201523e14
2207,3.3201523e14,8.197296,49.642563,3.3201523e14
2208,3.3201523e14,8.197354,49.683765,3.3201523e14
2209,3.3201523e14,8.197415,49.72497,3.3201523e14
2210,3.3201523e14,8.197476,49.766212,3.3201523e14
2211,3.3201523e14,8.197535,49.80744,3.3201523e14
2212,3.3201523e14,8.197597,49.848694,3.3201523e14
2213,3.3201523e14,8.1976595,49.889957,3.3201523e14
2214,3.3201523e14,8.197718,49.931244,3.3201523e14
2215,3.3201523e14,8.197782,49.97253,3.3201523e14
2216,3.3201523e14,8.197844,50.013824,3.3201523e14
2217,3.3201523e14,8.197903,50.05516,3.3201523e14
2218,3.3201523e14,8.197963,50.096478,3.3201523e14
2219,3.3201523e14,8.198024,50.137806,3.3201523e14
2220,3.3201523e14,8.198082,50.17916,3.3201523e14
2221,3.3201523e14,8.198143,50.220528,3.3201523e14
2222,3.3201523e14,8.198207,50.26188,3.3201523e14
2223,3.3201523e14,8.198268,50.303288,3.3201523e14
2224,3.3201523e14,8.198329,50.344677,3.3201523e14
2225,3.3201523e14,8.198389,50.38608,3.3201523e14
2226,3.3201523e14,8.198452,50.427498,3.3201523e14
2227,3.3201523e14,8.198509,50.46892,3.3201523e14
2228,3.3201523e14,8.198568,50.510387,3.3201523e14
2229,3.3201523e14,8.198629,50.55183,3.3201523e14
2230,3.3201523e14,8.198691,50.593307,3.3201523e14
2231,3.3201523e14,8.198752,50.63479,3.3201523e14
2232,3.3201523e14,8.1988125,50.67627,3.3201523e14
2233,3.3201523e14,8.198874,50.717785,3.3201523e14
2234,3.3201523e14,8.198933,50.759293,3.3201523e14
2235,3.3201523e14,8.198996,50.800816,3.3201523e14
2236,3.3201523e14,8.199053,50.84234,3.3201523e14
2237,3.3201523e14,8.199114,50.8839,3.3201523e14
2238,3.3201523e14,8.199175,50.92548,3.3201523e14
2239,3.3201523e14,8.199233,50.967045,3.3201523e14
2240,3.3201523e14,8.199296,51.008625,3.3201523e14
2241,3.3201523e14,8.199357,51.05021,3.3201523e14
2242,3.3201523e14,8.199418,51.091812,3.3201523e14
2243,3.3201523e14,8.199477,51.133434,3.3201523e14
2244,3.3201523e14,8.199535,51.175045,3.3201523e14
2245,3.3201523e14,8.199596,51.216694,3.3201523e14
2246,3.3201523e14,8.199657,51.258347,3.3201523e14
2247,3.3201523e14,8.199717,51.299995,3.3201523e14
2248,3.3201523e14,8.199776,51.341686,3.3201523e14
2249,3.3201523e14,8.199838,51.383373,3.3201523e14
2250,3.3201523e14,8.199896,51.425053,3.3201523e14
2251,3.3201523e14,8.199957,51.46675,3.3201523e14
2252,3.3201523e14,8.20002,51.508488,3.3201523e14
2253,3.3201523e14,8.200077,51.550194,3.3201523e14
2254,3.3201523e14,8.20014,51.591934,3.3201523e14
2255,3.3201523e14,8.200196,51.633686,3.3201523e14
2256,3.3201523e14,8.200258,51.675434,3.3201523e14
2257,3.3201523e14,8.200318,51.717224,3.3201523e14
2258,3.3201523e14,8.200378,51.759,3.3201523e14
2259,3.3201523e14,8.200436,51.80077,3.3201523e14
2260,3.3201523e14,8.200499,51.842587,3.3201523e14
2261,3.3201523e14,8.200557,51.884388,3.3201523e14
2262,3.3201523e14,8.200618,51.92622,3.3201523e14
2263,3.3201523e14,8.200678,51.968052,3.3201523e14
2264,3.3201523e14,8.200736,52.0099,3.3201523e14
2265,3.3201523e14,8.200799,52.051743,3.3201523e14
2266,3.3201523e14,8.200856,52.093624,3.3201523e14
2267,3.3201523e14,8.200915,52.13549,3.3201523e14
2268,3.3201523e14,8.200975,52.177372,3.3201523e14
2269,3.3201523e14,8.2010355,52.219284,3.3201523e14
2270,3.3201523e14,8.201095,52.26118,3.3201523e14
2271,3.3201523e14,8.201155,52.30307,3.3201523e14
2272,3.3201523e14,8.201212,52.345024,3.3201523e14
2273,3.3201523e14,8.201276,52.38696,3.3201523e14
2274,3.3201523e14,8.201333,52.42892,3.3201523e14
2275,3.3201523e14,8.201394,52.470867,3.3201523e14
2276,3.3201523e14,8.201452,52.512833,3.3201523e14
2277,3.3201523e14,8.201514,52.55482,3.3201523e14
2278,3.3201523e14,8.201573,52.59679,3.3201523e14
2279,3.3201523e14,8.2016325,52.638794,3.3201523e14
2280,3.3201523e14,8.201691,52.6808,3.3201523e14
2281,3.3201523e14,8.201749,52.72283,3.3201523e14
2282,3.3201523e14,8.201809,52.764862,3.3201523e14
2283,3.3201523e14,8.201868,52.806904,3.3201523e14
2284,3.3201523e14,8.201926,52.848934,3.3201523e14
2285,3.3201523e14,8.201986,52.89099,3.3201523e14
2286,3.3201523e14,8.202049,52.933067,3.3201523e14
2287,3.3201523e14,8.202105,52.97516,3.3201523e14
2288,3.3201523e14,8.202168,53.01723,3.3201523e14
2289,3.3201523e14,8.202223,53.059334,3.3201523e14
2290,3.3201523e14,8.202284,53.101463,3.3201523e14
2291,3.3201523e14,8.202345,53.143543,3.3201523e14
2292,3.3201523e14,8.202401,53.185688,3.3201523e14
2293,3.3201523e14,8.20246,53.227814,3.3201523e14
2294,3.3201523e14,8.20252,53.26997,3.3201523e14
2295,3.3201523e14,8.2025795,53.31211,3.3201523e14
2296,3.3201523e14,8.20264,53.35429,3.3201523e14
2297,3.3201523e14,8.202696,53.39646,3.3201523e14
2298,3.3201523e14,8.202755,53.43864,3.3201523e14
2299,3.3201523e14,8.202815,53.480835,3.3201523e14
2300,3.3201523e14,8.202872,53.523052,3.3201523e14
2301,3.3201523e14,8.202933,53.565254,3.3201523e14
2302,3.3201523e14,8.20299,53.6075,3.3201523e14
2303,3.3201523e14,8.20305,53.649727,3.3201523e14
2304,3.3201523e14,8.203109,53.691956,3.3201523e14
2305,3.3201523e14,8.203169,53.734215,3.3201523e14
2306,3.3201523e14,8.203227,53.77648,3.3201523e14
2307,3.3201523e14,8.203287,53.818745,3.3201523e14
2308,3.3201523e14,8.203344,53.86101,3.3201523e14
2309,3.3201523e14,8.203404,53.903316,3.3201523e14
2310,3.3201523e14,8.203463,53.945602,3.3201523e14
2311,3.3201523e14,8.203523,53.98792,3.3201523e14
2312,3.3201523e14,8.203581,54.030212,3.3201523e14
2313,3.3201523e14,8.203639,54.072556,3.3201523e14
2314,3.3201523e14,8.203697,54.11488,3.3201523e14
2315,3.3201523e14,8.203756,54.15725,3.3201523e14
2316,3.3201523e14,8.203817,54.199585,3.3201523e14
2317,3.3201523e14,8.203876,54.24196,3.3201523e14
2318,3.3201523e14,8.203932,54.284317,3.3201523e14
2319,3.3201523e14,8.203991,54.326706,3.3201523e14
2320,3.3201523e14,8.204048,54.36908,3.3201523e14
2321,3.320152e14,8.204108,54.41147,3.320152e14
2322,3.320152e14,8.2041645,54.45389,3.320152e14
2323,3.320152e14,8.204225,54.496292,3.320152e14
2324,3.320152e14,8.204281,54.53871,3.320152e14
2325,3.320152e14,8.20434,54.581154,3.320152e14
2326,3.320152e14,8.204398,54.62358,3.320152e14
2327,3.320152e14,8.204456,54.666054,3.320152e14
2328,3.320152e14,8.204516,54.708496,3.320152e14
2329,3.320152e14,8.204573,54.750973,3.320152e14
2330,3.320152e14,8.204632,54.79344,3.320152e14
2331,3.320152e14,8.204691,54.835922,3.320152e14
2332,3.320152e14,8.20475,54.87843,3.320152e14
2333,3.320152e14,8.204805,54.92092,3.320152e14
2334,3.320152e14,8.2048645,54.96345,3.320152e14
2335,3.320152e14,8.204922,55.005943,3.320152e14
2336,3.320152e14,8.204983,55.04848,3.320152e14
2337,3.320152e14,8.205038,55.09102,3.320152e14
2338,3.320152e14,8.205101,55.133575,3.320152e14
2339,3.320152e14,8.205155,55.17613,3.320152e14
2340,3.320152e14,8.205214,55.218678,3.320152e14
2341,3.320152e14,8.205272,55.261234,3.320152e14
2342,3.320152e14,8.205331,55.303833,3.320152e14
2343,3.320152e14,8.205389,55.346394,3.320152e14
2344,3.320152e14,8.205448,55.388996,3.320152e14
2345,3.320152e14,8.205505,55.431595,3.320152e14
2346,3.320152e14,8.205563,55.47422,3.320152e14
2347,3.320152e14,8.205619,55.516853,3.320152e14
2348,3.320152e14,8.20568,55.559467,3.320152e14
2349,3.320152e14,8.205735,55.60211,3.320152e14
2350,3.320152e14,8.205796,55.644768,3.320152e14
2351,3.320152e14,8.205851,55.687412,3.320152e14
2352,3.320152e14,8.20591,55.73008,3.320152e14
2353,3.320152e14,8.205966,55.77271,3.320152e14
2354,3.320152e14,8.206023,55.815403,3.320152e14
2355,3.320152e14,8.206082,55.85809,3.320152e14
2356,3.320152e14,8.20614,55.900787,3.320152e14
2357,3.320152e14,8.206198,55.943474,3.320152e14
2358,3.320152e14,8.206254,55.986202,3.320152e14
2359,3.320152e14,8.206312,56.02892,3.320152e14
2360,3.320152e14,8.206371,56.07164,3.320152e14
2361,3.320152e14,8.206427,56.11436,3.320152e14
2362,3.320152e14,8.206487,56.157093,3.320152e14
2363,3.320152e14,8.206542,56.199856,3.320152e14
2364,3.320152e14,8.206598,56.242622,3.320152e14
2365,3.320152e14,8.206655,56.285393,3.320152e14
2366,3.320152e14,8.206715,56.32814,3.320152e14
2367,3.320152e14,8.206771,56.370945,3.320152e14
2368,3.320152e14,8.20683,56.413727,3.320152e14
2369,3.320152e14,8.206888,56.456528,3.320152e14
2370,3.320152e14,8.206944,56.499313,3.320152e14
2371,3.320152e14,8.207001,56.542114,3.320152e14
2372,3.320152e14,8.207057,56.58495,3.320152e14
2373,3.320152e14,8.207117,56.62779,3.320152e14
2374,3.320152e14,8.207173,56.670612,3.320152e14
2375,3.320152e14,8.207231,56.71345,3.320152e14
2376,3.320152e14,8.207288,56.756294,3.320152e14
2377,3.320152e14,8.207342,56.799152,3.320152e14
2378,3.320152e14,8.207401,56.842007,3.320152e14
2379,3.320152e14,8.207458,56.884888,3.320152e14
2380,3.320152e14,8.207516,56.927757,3.320152e14
2381,3.320152e14,8.207572,56.97064,3.320152e14
2382,3.320152e14,8.207629,57.013557,3.320152e14
2383,3.320152e14,8.207686,57.05645,3.320152e14
2384,3.320152e14,8.207746,57.099342,3.320152e14
2385,3.320152e14,8.207797,57.142277,3.320152e14
2386,3.320152e14,8.207855,57.185196,3.320152e14
2387,3.320152e14,8.20791,57.22812,3.320152e14
2388,3.320152e14,8.207967,57.27106,3.320152e14
2389,3.320152e14,8.208026,57.314003,3.320152e14
2390,3.320152e14,8.208085,57.356968,3.320152e14
2391,3.320152e14,8.208141,57.399914,3.320152e14
2392,3.320152e14,8.2081995,57.442867,3.320152e14
2393,3.320152e14,8.208251,57.485863,3.320152e14
2394,3.320152e14,8.208309,57.528854,3.320152e14
2395,3.320152e14,8.2083645,57.571804,3.320152e14
2396,3.320152e14,8.208424,57.61481,3.320152e14
2397,3.320152e14,8.20848,57.65779,3.320152e14
2398,3.320152e14,8.208536,57.700825,3.320152e14
2399,3.320152e14,8.208593,57.743843,3.320152e14
2400,3.320152e14,8.20865,57.786873,3.320152e14
2401,3.320152e14,8.20871,57.829903,3.320152e14
2402,3.320152e14,8.208761,57.872932,3.320152e14
2403,3.320152e14,8.208819,57.91599,3.320152e14
2404,3.320152e14,8.208874,57.959023,3.320152e14
2405,3.320152e14,8.208932,58.00209,3.320152e14
2406,3.320152e14,8.208988,58.045135,3.320152e14
2407,3.320152e14,8.2090435,58.08823,3.320152e14
2408,3.320152e14,8.209101,58.13132,3.320152e14
2409,3.320152e14,8.209159,58.174362,3.320152e14
2410,3.320152e14,8.209215,58.217476,3.320152e14
2411,3.320152e14,8.2092705,58.26057,3.320152e14
2412,3.320152e14,8.209328,58.303665,3.320152e14
2413,3.320152e14,8.209383,58.34677,3.320152e14
2414,3.320152e14,8.209437,58.389923,3.320152e14
2415,3.320152e14,8.209495,58.43303,3.320152e14
2416,3.320152e14,8.209551,58.476162,3.320152e14
2417,3.320152e14,8.209608,58.51929,3.320152e14
2418,3.320152e14,8.2096615,58.562447,3.320152e14
2419,3.320152e14,8.209718,58.60559,3.320152e14
2420,3.320152e14,8.209772,58.64874,3.320152e14
2421,3.320152e14,8.209829,58.691944,3.320152e14
2422,3.320152e14,8.209887,58.735085,3.320152e14
2423,3.320152e14,8.209938,58.778244,3.320152e14
2424,3.320152e14,8.209999,58.82145,3.320152e14
2425,3.320152e14,8.2100525,58.86462,3.320152e14
2426,3.320152e14,8.210112,58.907825,3.320152e14
2427,3.320152e14,8.210166,58.95103,3.320152e14
2428,3.320152e14,8.210221,58.994244,3.320152e14
2429,3.320152e14,8.210276,59.037457,3.320152e14
2430,3.320152e14,8.210331,59.080692,3.320152e14
2431,3.320152e14,8.210389,59.12392,3.320152e14
2432,3.320152e14,8.2104435,59.16714,3.320152e14
2433,3.320152e14,8.210499,59.210403,3.320152e14
2434,3.320152e14,8.210553,59.25363,3.320152e14
2435,3.320152e14,8.210613,59.29688,3.320152e14
2436,3.320152e14,8.210668,59.340145,3.320152e14
2437,3.320152e14,8.210721,59.383404,3.320152e14
2438,3.320152e14,8.210775,59.42668,3.320152e14
2439,3.320152e14,8.210831,59.469986,3.320152e14
2440,3.320152e14,8.210888,59.513237,3.320152e14
2441,3.320152e14,8.210943,59.556553,3.320152e14
2442,3.320152e14,8.210997,59.599846,3.320152e14
2443,3.320152e14,8.211055,59.643143,3.320152e14
2444,3.320152e14,8.211109,59.68645,3.320152e14
2445,3.320152e14,8.2111635,59.72976,3.320152e14
2446,3.320152e14,8.21122,59.773087,3.320152e14
2447,3.320152e14,8.211273,59.816406,3.320152e14
2448,3.320152e14,8.211331,59.859737,3.320152e14
2449,3.320152e14,8.211384,59.90309,3.320152e14
2450,3.320152e14,8.211442,59.946423,3.320152e14
2451,3.320152e14,8.211494,59.98979,3.320152e14
2452,3.320152e14,8.211552,60.033142,3.320152e14
2453,3.320152e14,8.211606,60.076508,3.320152e14
2454,3.320152e14,8.211658,60.119854,3.320152e14
2455,3.320152e14,8.211717,60.163246,3.320152e14
2456,3.320152e14,8.211769,60.206604,3.320152e14
2457,3.320152e14,8.211825,60.250004,3.320152e14
2458,3.320152e14,8.211882,60.293404,3.320152e14
2459,3.320152e14,8.211935,60.33681,3.320152e14
2460,3.320152e14,8.211992,60.380207,3.320152e14
2461,3.320152e14,8.212047,60.423603,3.320152e14
2462,3.320152e14,8.212098,60.467033,3.320152e14
2463,3.320152e14,8.212155,60.510433,3.320152e14
2464,3.320152e14,8.212207,60.55387,3.320152e14
2465,3.320152e14,8.212265,60.597305,3.320152e14
2466,3.320152e14,8.212318,60.64074,3.320152e14
2467,3.320152e14,8.212372,60.684185,3.320152e14
2468,3.320152e14,8.212428,60.72765,3.320152e14
2469,3.320152e14,8.2124815,60.77107,3.320152e14
2470,3.320152e14,8.212537,60.814564,3.320152e14
2471,3.320152e14,8.212591,60.858036,3.320152e14
2472,3.320152e14,8.2126465,60.90149,3.320152e14
2473,3.320152e14,8.212699,60.944965,3.320152e14
2474,3.320152e14,8.212756,60.988453,3.320152e14
2475,3.320152e14,8.212809,61.03193,3.320152e14
2476,3.320152e14,8.212867,61.07543,3.320152e14
2477,3.320152e14,8.21292,61.11894,3.320152e14
2478,3.320152e14,8.212975,61.162437,3.320152e14
2479,3.320152e14,8.213025,61.205933,3.320152e14
2480,3.320152e14,8.21308,61.249466,3.320152e14
2481,3.320152e14,8.213136,61.29299,3.320152e14
2482,3.320152e14,8.21319,61.33648,3.320152e14
2483,3.320152e14,8.2132435,61.380024,3.320152e14
2484,3.320152e14,8.213298,61.423576,3.320152e14
2485,3.320152e14,8.213351,61.467106,3.320152e14
2486,3.320152e14,8.213405,61.51065,3.320152e14
2487,3.320152e14,8.213462,61.554203,3.320152e14
2488,3.320152e14,8.213515,61.59776,3.320152e14
2489,3.320152e14,8.213571,61.641335,3.320152e14
2490,3.320152e14,8.213623,61.684887,3.320152e14
2491,3.320152e14,8.2136755,61.728466,3.320152e14
2492,3.320152e14,8.213732,61.772034,3.320152e14
2493,3.320152e14,8.213786,61.815628,3.320152e14
2494,3.320152e14,8.213838,61.859222,3.320152e14
2495,3.320152e14,8.213894,61.902794,3.320152e14
2496,3.320152e14,8.213946,61.946392,3.320152e14
2497,3.320152e14,8.214001,61.990013,3.320152e14
2498,3.320152e14,8.214053,62.03362,3.320152e14
2499,3.320152e14,8.2141075,62.07725,3.320152e14
2500,3.320152e14,8.214161,62.120846,3.320152e14
2501,3.320152e14,8.214215,62.16446,3.320152e14
2502,3.320152e14,8.214267,62.208096,3.320152e14
2503,3.320152e14,8.214322,62.251728,3.320152e14
2504,3.320152e14,8.214373,62.295357,3.320152e14
2505,3.320152e14,8.214428,62.339027,3.320152e14
2506,3.320152e14,8.214482,62.38267,3.320152e14
2507,3.320152e14,8.214538,62.426323,3.320152e14
2508,3.320152e14,8.214589,62.46998,3.320152e14
2509,3.320152e14,8.2146435,62.513638,3.320152e14
2510,3.320152e14,8.214698,62.557304,3.320152e14
2511,3.320152e14,8.214748,62.600975,3.320152e14
2512,3.320152e14,8.214805,62.644646,3.320152e14
2513,3.320152e14,8.214855,62.688335,3.320152e14
2514,3.320152e14,8.2149105,62.732025,3.320152e14
2515,3.320152e14,8.214962,62.775703,3.320152e14
2516,3.320152e14,8.215017,62.819412,3.320152e14
2517,3.320152e14,8.215069,62.863117,3.320152e14
2518,3.320152e14,8.215126,62.90681,3.320152e14
2519,3.320152e14,8.215176,62.950512,3.320152e14
2520,3.320152e14,8.21523,62.99425,3.320152e14
2521,3.320152e14,8.215282,63.03797,3.320152e14
2522,3.320152e14,8.215335,63.08168,3.320152e14
2523,3.320152e14,8.215387,63.125427,3.320152e14
2524,3.320152e14,8.215441,63.169155,3.320152e14
2525,3.320152e14,8.215495,63.212925,3.320152e14
2526,3.320152e14,8.215545,63.25665,3.320152e14
2527,3.320152e14,8.2156,63.30038,3.320152e14
2528,3.320152e14,8.215652,63.344124,3.320152e14
2529,3.320152e14,8.215701,63.387905,3.320152e14
2530,3.320152e14,8.215757,63.431664,3.320152e14
2531,3.320152e14,8.215808,63.475414,3.320152e14
2532,3.320152e14,8.215864,63.519196,3.320152e14
2533,3.320152e14,8.215914,63.562977,3.320152e14
2534,3.320152e14,8.21597,63.606747,3.320152e14
2535,3.320152e14,8.216021,63.65053,3.320152e14
2536,3.320152e14,8.216073,63.694324,3.320152e14
2537,3.320152e14,8.216126,63.73812,3.320152e14
2538,3.320152e14,8.216178,63.78193,3.320152e14
2539,3.320152e14,8.21623,63.825718,3.320152e14
2540,3.320152e14,8.216283,63.86952,3.320152e14
2541,3.320152e14,8.216337,63.913334,3.320152e14
2542,3.320152e14,8.216389,63.957157,3.320152e14
2543,3.320152e14,8.216442,64.00098,3.320152e14
2544,3.320152e14,8.216494,64.04479,3.320152e14
2545,3.320152e14,8.216543,64.088615,3.320152e14
2546,3.320152e14,8.216597,64.13244,3.320152e14
2547,3.320152e14,8.216651,64.17629,3.320152e14
2548,3.320152e14,8.216704,64.220146,3.320152e14
2549,3.320152e14,8.216754,64.26397,3.320152e14
2550,3.320152e14,8.216808,64.30782,3.320152e14
2551,3.320152e14,8.216861,64.351685,3.320152e14
2552,3.320152e14,8.2169075,64.39553,3.320152e14
2553,3.320152e14,8.216964,64.43941,3.320152e14
2554,3.320152e14,8.217014,64.48327,3.320152e14
2555,3.320152e14,8.217068,64.52713,3.320152e14
2556,3.320152e14,8.217118,64.57102,3.320152e14
2557,3.320152e14,8.217173,64.61489,3.320152e14
2558,3.320152e14,8.217224,64.65877,3.320152e14
2559,3.320152e14,8.217275,64.702675,3.320152e14
2560,3.320152e14,8.217327,64.74655,3.320152e14
2561,3.320152e14,8.217379,64.79046,3.320152e14
2562,3.320152e14,8.217428,64.83434,3.320152e14
2563,3.320152e14,8.217482,64.87825,3.320152e14
2564,3.320152e14,8.217535,64.922165,3.320152e14
2565,3.320152e14,8.217585,64.96609,3.320152e14
2566,3.320152e14,8.217638,65.00998,3.320152e14
2567,3.320152e14,8.2176895,65.05391,3.320152e14
2568,3.320152e14,8.217739,65.097824,3.320152e14
2569,3.320152e14,8.217792,65.141754,3.320152e14
2570,3.320152e14,8.217843,65.18569,3.320152e14
2571,3.320152e14,8.217896,65.229614,3.320152e14
2572,3.320152e14,8.217946,65.27357,3.320152e14
2573,3.320152e14,8.217997,65.317505,3.320152e14
2574,3.320152e14,8.21805,65.361435,3.320152e14
2575,3.320152e14,8.2181,65.40539,3.320152e14
2576,3.320152e14,8.218151,65.44935,3.320152e14
2577,3.320152e14,8.218203,65.49329,3.320152e14
2578,3.320152e14,8.218254,65.537285,3.320152e14
2579,3.320152e14,8.218309,65.58123,3.320152e14
2580,3.320152e14,8.218355,65.625206,3.320152e14
2581,3.320152e14,8.218408,65.66917,3.320152e14
2582,3.320152e14,8.218458,65.713165,3.320152e14
2583,3.320152e14,8.218511,65.75715,3.320152e14
2584,3.320152e14,8.218562,65.80113,3.320152e14
2585,3.320152e14,8.218613,65.84512,3.320152e14
2586,3.320152e14,8.218663,65.88911,3.320152e14
2587,3.320152e14,8.218712,65.93312,3.320152e14
2588,3.320152e14,8.218765,65.9771,3.320152e14
2589,3.320152e14,8.218817,66.02109,3.320152e14
2590,3.320152e14,8.218866,66.0651,3.320152e14
2591,3.320152e14,8.218918,66.109146,3.320152e14
2592,3.320152e14,8.218971,66.15313,3.320152e14
2593,3.320152e14,8.21902,66.19716,3.320152e14
2594,3.320152e14,8.219069,66.24119,3.320152e14
2595,3.320152e14,8.21912,66.2852,3.320152e14
2596,3.320152e14,8.219172,66.329216,3.320152e14
2597,3.320152e14,8.219224,66.37325,3.320152e14
2598,3.320152e14,8.2192745,66.41731,3.320152e14
2599,3.320152e14,8.21932,66.461365,3.320152e14
2600,3.320152e14,8.219375,66.50539,3.320152e14
2601,3.320152e14,8.219425,66.54943,3.320152e14
2602,3.320152e14,8.219474,66.59349,3.320152e14
2603,3.320152e14,8.219525,66.63753,3.320152e14
2604,3.320152e14,8.219579,66.68159,3.320152e14
2605,3.320152e14,8.219628,66.72566,3.320152e14
2606,3.320152e14,8.219677,66.76969,3.320152e14
2607,3.320152e14,8.219728,66.81379,3.320152e14
2608,3.320152e14,8.219777,66.85785,3.320152e14
2609,3.320152e14,8.21983,66.90191,3.320152e14
2610,3.320152e14,8.21988,66.94601,3.320152e14
2611,3.320152e14,8.219927,66.9901,3.320152e14
2612,3.320152e14,8.219978,67.03419,3.320152e14
2613,3.320152e14,8.220029,67.07827,3.320152e14
2614,3.320152e14,8.22008,67.12234,3.320152e14
2615,3.320152e14,8.220128,67.16647,3.320152e14
2616,3.320152e14,8.22018,67.21053,3.320152e14
2617,3.320152e14,8.220229,67.25463,3.320152e14
2618,3.320152e14,8.220279,67.298744,3.320152e14
2619,3.320152e14,8.22033,67.342865,3.320152e14
2620,3.320152e14,8.22038,67.38695,3.320152e14
2621,3.320152e14,8.22043,67.43106,3.320152e14
2622,3.320152e14,8.220481,67.475204,3.320152e14
2623,3.320152e14,8.220526,67.51929,3.320152e14
2624,3.320152e14,8.220578,67.56343,3.320152e14
2625,3.320152e14,8.220629,67.60756,3.320152e14
2626,3.320152e14,8.220678,67.65169,3.320152e14
2627,3.320152e14,8.220729,67.69583,3.320152e14
2628,3.320152e14,8.220777,67.73995,3.320152e14
2629,3.320152e14,8.220827,67.78409,3.320152e14
2630,3.320152e14,8.220876,67.82827,3.320152e14
2631,3.320152e14,8.220927,67.87239,3.320152e14
2632,3.320152e14,8.220978,67.91655,3.320152e14
2633,3.320152e14,8.221025,67.96068,3.320152e14
2634,3.320152e14,8.221075,68.00486,3.320152e14
2635,3.320152e14,8.221125,68.049,3.320152e14
2636,3.320152e14,8.221173,68.09317,3.320152e14
2637,3.320152e14,8.221223,68.13734,3.320152e14
2638,3.320152e14,8.221278,68.18149,3.320152e14
2639,3.320152e14,8.221304,68.22583,3.320152e14
2640,3.320152e14,8.221217,68.27122,3.320152e14
2641,3.320152e14,8.2210655,68.3177,3.320152e14
2642,3.320152e14,8.220992,68.363976,3.320152e14
2643,3.320152e14,8.22104,68.40958,3.320152e14
2644,3.320152e14,8.221098,68.4552,3.320152e14
2645,3.320152e14,8.221104,68.501,3.320152e14
2646,3.320152e14,8.2211,68.54619,3.320152e14
2647,3.320152e14,8.221142,68.590164,3.320152e14
2648,3.320152e14,8.221191,68.63356,3.320152e14
2649,3.320152e14,8.221214,68.67701,3.320152e14
2650,3.320152e14,8.221278,68.72021,3.320152e14
2651,3.320152e14,8.221435,68.76279,3.320152e14
2652,3.320152e14,8.221631,68.80516,3.320152e14
2653,3.320152e14,8.221789,68.847946,3.320152e14
2654,3.320152e14,8.221901,68.89108,3.320152e14
2655,3.320152e14,8.221998,68.93417,3.320152e14
2656,3.320152e14,8.222077,68.97741,3.320152e14
2657,3.320152e14,8.222111,69.0212,3.320152e14
2658,3.320152e14,8.2221155,69.06561,3.320152e14
2659,3.320152e14,8.222151,69.11012,3.320152e14
2660,3.320152e14,8.222219,69.15459,3.320152e14
2661,3.320152e14,8.22228,69.199356,3.320152e14
2662,3.320152e14,8.222303,69.24436,3.320152e14
2663,3.320152e14,8.222313,69.28926,3.320152e14
2664,3.320152e14,8.2223425,69.333786,3.320152e14
2665,3.320152e14,8.222369,69.37814,3.320152e14
2666,3.320152e14,8.22239,69.42254,3.320152e14
2667,3.320152e14,8.222435,69.46673,3.320152e14
2668,3.320152e14,8.222521,69.510574,3.320152e14
2669,3.320152e14,8.222629,69.554214,3.320152e14
2670,3.320152e14,8.22272,69.59797,3.320152e14
2671,3.320152e14,8.222797,69.64167,3.320152e14
2672,3.320152e14,8.222884,69.68524,3.320152e14
2673,3.320152e14,8.222962,69.7288,3.320152e14
2674,3.320152e14,8.223033,69.77259,3.320152e14
2675,3.320152e14,8.22309,69.81659,3.320152e14
2676,3.320152e14,8.223161,69.86066,3.320152e14
2677,3.320152e14,8.223241,69.90478,3.320152e14
2678,3.320152e14,8.223308,69.94905,3.320152e14
2679,3.320152e14,8.223358,69.99358,3.320152e14
2680,3.320152e14,8.223397,70.03809,3.320152e14
2681,3.320152e14,8.223444,70.08255,3.320152e14
2682,3.320152e14,8.223485,70.127045,3.320152e14
2683,3.320152e14,8.223519,70.1716,3.320152e14
2684,3.320152e14,8.223572,70.216125,3.320152e14
2685,3.320152e14,8.223637,70.26046,3.320152e14
2686,3.320152e14,8.223707,70.30474,3.320152e14
2687,3.320152e14,8.22377,70.34905,3.320152e14
2688,3.320152e14,8.223831,70.39327,3.320152e14
2689,3.320152e14,8.223899,70.4374,3.320152e14
2690,3.320152e14,8.223968,70.481476,3.320152e14
2691,3.320152e14,8.224031,70.525635,3.320152e14
2692,3.320152e14,8.224095,70.56979,3.320152e14
2693,3.320152e14,8.224168,70.61396,3.320152e14
2694,3.320152e14,8.224244,70.658134,3.320152e14
2695,3.320152e14,8.22431,70.702415,3.320152e14
2696,3.320152e14,8.224368,70.74674,3.320152e14
2697,3.320152e14,8.224428,70.7911,3.320152e14
2698,3.320152e14,8.224486,70.83548,3.320152e14
2699,3.320152e14,8.22454,70.87989,3.320152e14
2700,3.320152e14,8.224591,70.92436,3.320152e14
2701,3.320152e14,8.224649,70.96882,3.320152e14
2702,3.320152e14,8.224712,71.01323,3.320152e14
2703,3.320152e14,8.224772,71.057686,3.320152e14
2704,3.320152e14,8.224828,71.1021,3.320152e14
2705,3.320152e14,8.224886,71.1465,3.320152e14
2706,3.320152e14,8.22495,71.19084,3.320152e14
2707,3.320152e14,8.22501,71.23516,3.320152e14
2708,3.320152e14,8.225069,71.27952,3.320152e14
2709,3.320152e14,8.225133,71.32384,3.320152e14
2710,3.320152e14,8.225203,71.36813,3.320152e14
2711,3.320152e14,8.225267,71.41243,3.320152e14
2712,3.320152e14,8.225332,71.456764,3.320152e14
2713,3.320152e14,8.225392,71.50113,3.320152e14
2714,3.320152e14,8.225454,71.54548,3.320152e14
2715,3.320152e14,8.225513,71.58982,3.320152e14
2716,3.320152e14,8.2255745,71.63422,3.320152e14
2717,3.320152e14,8.225631,71.67864,3.320152e14
2718,3.320152e14,8.225695,71.723076,3.320152e14
2719,3.320152e14,8.225756,71.76744,3.320152e14
2720,3.320152e14,8.225814,71.81192,3.320152e14
2721,3.320152e14,8.225881,71.85633,3.320152e14
2722,3.320152e14,8.225918,71.90079,3.320152e14
2723,3.320152e14,8.225903,71.9458,3.320152e14
2724,3.320152e14,8.225842,71.99171,3.320152e14
2725,3.320152e14,8.225776,72.03813,3.320152e14
2726,3.320152e14,8.225745,72.08459,3.320152e14
2727,3.320152e14,8.225764,72.130615,3.320152e14
2728,3.320152e14,8.225817,72.17631,3.320152e14
2729,3.320152e14,8.225873,72.221825,3.320152e14
2730,3.320152e14,8.225913,72.26722,3.320152e14
2731,3.320152e14,8.225936,72.312355,3.320152e14
2732,3.320152e14,8.225964,72.35681,3.320152e14
2733,3.320152e14,8.226012,72.400505,3.320152e14
2734,3.320152e14,8.226082,72.44365,3.320152e14
2735,3.320152e14,8.226155,72.48658,3.320152e14
2736,3.320152e14,8.226232,72.52958,3.320152e14
2737,3.320152e14,8.22632,72.572495,3.320152e14
2738,3.320152e14,8.226437,72.615135,3.320152e14
2739,3.320152e14,8.226573,72.657555,3.320152e14
2740,3.320152e14,8.226706,72.70003,3.320152e14
2741,3.320152e14,8.226823,72.742744,3.320152e14
2742,3.320152e14,8.226918,72.78575,3.320152e14
2743,3.320152e14,8.226999,72.82886,3.320152e14
2744,3.320152e14,8.227075,72.872055,3.320152e14
2745,3.320152e14,8.227142,72.915306,3.320152e14
2746,3.320152e14,8.227206,72.9588,3.320152e14
2747,3.320152e14,8.227261,73.00265,3.320152e14
2748,3.320152e14,8.227311,73.04678,3.320152e14
2749,3.320152e14,8.227369,73.09106,3.320152e14
2750,3.320152e14,8.227436,73.13525,3.320152e14
2751,3.320152e14,8.227511,73.17949,3.320152e14
2752,3.320152e14,8.227576,73.2238,3.320152e14
2753,3.320152e14,8.227623,73.26823,3.320152e14
2754,3.320152e14,8.227668,73.31264,3.320152e14
2755,3.320152e14,8.227711,73.35691,3.320152e14
2756,3.320152e14,8.227762,73.40103,3.320152e14
2757,3.320152e14,8.227821,73.445145,3.320152e14
2758,3.320152e14,8.227883,73.48917,3.320152e14
2759,3.320152e14,8.227953,73.53323,3.320152e14
2760,3.320152e14,8.22803,73.577255,3.320152e14
2761,3.320152e14,8.228108,73.621155,3.320152e14
2762,3.320152e14,8.228197,73.66497,3.320152e14
2763,3.320152e14,8.228277,73.70874,3.320152e14
2764,3.320152e14,8.228355,73.75254,3.320152e14
2765,3.320152e14,8.228426,73.79642,3.320152e14
2766,3.320152e14,8.228496,73.84029,3.320152e14
2767,3.320152e14,8.228572,73.88412,3.320152e14
2768,3.320152e14,8.228651,73.92802,3.320152e14
2769,3.320152e14,8.228726,73.97199,3.320152e14
2770,3.320152e14,8.228804,74.016075,3.320152e14
2771,3.320152e14,8.228875,74.06024,3.320152e14
2772,3.320152e14,8.228949,74.104485,3.320152e14
2773,3.320152e14,8.229022,74.14873,3.320152e14
2774,3.320152e14,8.229093,74.19304,3.320152e14
2775,3.320152e14,8.229159,74.237366,3.320152e14
2776,3.320152e14,8.22922,74.28181,3.320152e14
2777,3.320152e14,8.229281,74.32622,3.320152e14
2778,3.320152e14,8.2293415,74.37068,3.320152e14
2779,3.320152e14,8.229406,74.415085,3.320152e14
2780,3.320152e14,8.229474,74.4595,3.320152e14
2781,3.320152e14,8.229542,74.503944,3.320152e14
2782,3.320152e14,8.229607,74.548386,3.320152e14
2783,3.320152e14,8.229684,74.59285,3.320152e14
2784,3.320152e14,8.229753,74.637184,3.320152e14
2785,3.320152e14,8.229823,74.68152,3.320152e14
2786,3.320152e14,8.229893,74.72586,3.320152e14
2787,3.320152e14,8.229962,74.7702,3.320152e14
2788,3.320152e14,8.230031,74.81452,3.320152e14
2789,3.320152e14,8.230102,74.85886,3.320152e14
2790,3.320152e14,8.230174,74.90319,3.320152e14
2791,3.320152e14,8.23025,74.94748,3.320152e14
2792,3.320152e14,8.230329,74.99183,3.320152e14
2793,3.320152e14,8.2304,75.036224,3.320152e14
2794,3.320152e14,8.230472,75.08062,3.320152e14
2795,3.320152e14,8.230541,75.12501,3.320152e14
2796,3.320152e14,8.230613,75.16943,3.320152e14
2797,3.320152e14,8.2306795,75.2139,3.320152e14
2798,3.320152e14,8.230748,75.25834,3.320152e14
2799,3.320152e14,8.230819,75.302826,3.320152e14
2800,3.320152e14,8.230886,75.34736,3.320152e14
2801,3.320152e14,8.23096,75.39186,3.320152e14
2802,3.320152e14,8.231024,75.43635,3.320152e14
2803,3.320152e14,8.231095,75.480865,3.320152e14
2804,3.320152e14,8.231164,75.52541,3.320152e14
2805,3.320152e14,8.231232,75.569916,3.320152e14
2806,3.320152e14,8.231301,75.614426,3.320152e14
2807,3.320152e14,8.231373,75.658936,3.320152e14
2808,3.320152e14,8.231442,75.70341,3.320152e14
2809,3.320152e14,8.231508,75.74791,3.320152e14
2810,3.320152e14,8.23158,75.79242,3.320152e14
2811,3.320152e14,8.231649,75.836914,3.320152e14
2812,3.320152e14,8.231721,75.88141,3.320152e14
2813,3.320152e14,8.23179,75.92587,3.320152e14
2814,3.320152e14,8.231863,75.970345,3.320152e14
2815,3.320152e14,8.231934,76.01483,3.320152e14
2816,3.320152e14,8.232001,76.05933,3.320152e14
2817,3.320152e14,8.232074,76.10379,3.320152e14
2818,3.320152e14,8.232144,76.14831,3.320152e14
2819,3.320152e14,8.232213,76.19282,3.320152e14
2820,3.320152e14,8.232282,76.237335,3.320152e14
2821,3.320152e14,8.232354,76.28184,3.320152e14
2822,3.320152e14,8.232426,76.32635,3.320152e14
2823,3.320152e14,8.232492,76.370895,3.320152e14
2824,3.320152e14,8.232561,76.4154,3.320152e14
2825,3.320152e14,8.232634,76.459915,3.320152e14
2826,3.320152e14,8.232715,76.50446,3.320152e14
2827,3.320152e14,8.23274,76.549164,3.320152e14
2828,3.320152e14,8.232644,76.595245,3.320152e14
2829,3.320152e14,8.232497,76.64236,3.320152e14
2830,3.320152e14,8.232457,76.68903,3.320152e14
2831,3.320152e14,8.23253,76.73503,3.320152e14
2832,3.320152e14,8.232574,76.78129,3.320152e14
2833,3.320152e14,8.232582,76.82749,3.320152e14
2834,3.320152e14,8.232616,76.872475,3.320152e14
2835,3.320152e14,8.232684,76.91628,3.320152e14
2836,3.320152e14,8.232729,76.95996,3.320152e14
2837,3.320152e14,8.232789,77.00356,3.320152e14
2838,3.320152e14,8.232948,77.046394,3.320152e14
2839,3.320152e14,8.23318,77.08878,3.320152e14
2840,3.320152e14,8.233387,77.1316,3.320152e14
2841,3.320152e14,8.233534,77.17481,3.320152e14
2842,3.320152e14,8.233668,77.21798,3.320152e14
2843,3.320152e14,8.233776,77.2613,3.320152e14
2844,3.320152e14,8.233817,77.30537,3.320152e14
2845,3.320152e14,8.233839,77.35007,3.320152e14
2846,3.320152e14,8.2339,77.394775,3.320152e14
2847,3.320152e14,8.233991,77.439575,3.320152e14
2848,3.320152e14,8.234049,77.48483,3.320152e14
2849,3.320152e14,8.234078,77.53029,3.320152e14
2850,3.320152e14,8.234115,77.57536,3.320152e14
2851,3.320152e14,8.234158,77.6201,3.320152e14
2852,3.320152e14,8.234182,77.66485,3.320152e14
2853,3.320152e14,8.234225,77.70949,3.320152e14
2854,3.320152e14,8.234323,77.75366,3.320152e14
2855,3.320152e14,8.2344475,77.79753,3.320152e14
2856,3.320152e14,8.2345705,77.84149,3.320152e14
2857,3.320152e14,8.23468,77.8854,3.320152e14
2858,3.320152e14,8.234796,77.92906,3.320152e14
2859,3.320152e14,8.234901,77.97274,3.320152e14
2860,3.320152e14,8.234984,78.0167,3.320152e14
2861,3.3201517e14,8.235068,78.060905,3.3201517e14
2862,3.3201517e14,8.235169,78.10508,3.3201517e14
2863,3.3201517e14,8.235272,78.14942,3.3201517e14
2864,3.3201517e14,8.235355,78.19407,3.3201517e14
2865,3.3201517e14,8.235418,78.23887,3.3201517e14
2866,3.3201517e14,8.235485,78.283585,3.3201517e14
2867,3.3201517e14,8.235543,78.32833,3.3201517e14
2868,3.3201517e14,8.235589,78.37323,3.3201517e14
2869,3.3201517e14,8.235651,78.41809,3.3201517e14
2870,3.3201517e14,8.23573,78.46275,3.3201517e14
2871,3.3201517e14,8.235817,78.50733,3.3201517e14
2872,3.3201517e14,8.235903,78.55193,3.3201517e14
2873,3.3201517e14,8.235988,78.596405,3.3201517e14
2874,3.3201517e14,8.236078,78.64073,3.3201517e14
2875,3.3201517e14,8.236167,78.685005,3.3201517e14
2876,3.3201517e14,8.23625,78.72935,3.3201517e14
2877,3.3201517e14,8.2363405,78.7737,3.3201517e14
2878,3.3201517e14,8.236439,78.81799,3.3201517e14
2879,3.3201517e14,8.236538,78.86238,3.3201517e14
2880,3.3201517e14,8.236628,78.90687,3.3201517e14
2881,3.3201517e14,8.236708,78.951416,3.3201517e14
2882,3.3201517e14,8.236792,78.99596,3.3201517e14
2883,3.3201517e14,8.236866,79.04057,3.3201517e14
2884,3.3201517e14,8.2369375,79.085236,3.3201517e14
2885,3.3201517e14,8.237011,79.129944,3.3201517e14
2886,3.3201517e14,8.237091,79.17461,3.3201517e14
2887,3.3201517e14,8.237172,79.21929,3.3201517e14
2888,3.3201517e14,8.237249,79.26397,3.3201517e14
2889,3.3201517e14,8.237328,79.30861,3.3201517e14
2890,3.3201517e14,8.23741,79.35316,3.3201517e14
2891,3.3201517e14,8.237488,79.397675,3.3201517e14
2892,3.3201517e14,8.237572,79.44223,3.3201517e14
2893,3.3201517e14,8.237659,79.4867,3.3201517e14
2894,3.3201517e14,8.237749,79.53118,3.3201517e14
2895,3.3201517e14,8.237837,79.57566,3.3201517e14
2896,3.3201517e14,8.237924,79.62015,3.3201517e14
2897,3.3201517e14,8.2380085,79.66466,3.3201517e14
2898,3.3201517e14,8.238093,79.70915,3.3201517e14
2899,3.3201517e14,8.238174,79.753716,3.3201517e14
2900,3.3201517e14,8.238254,79.79828,3.3201517e14
2901,3.3201517e14,8.2383375,79.84288,3.3201517e14
2902,3.3201517e14,8.238417,79.88747,3.3201517e14
2903,3.3201517e14,8.2385025,79.93206,3.3201517e14
2904,3.3201517e14,8.238578,79.97666,3.3201517e14
2905,3.3201517e14,8.238659,80.02126,3.3201517e14
2906,3.3201517e14,8.238742,80.06581,3.3201517e14
2907,3.3201517e14,8.238817,80.11038,3.3201517e14
2908,3.3201517e14,8.238902,80.154945,3.3201517e14
2909,3.3201517e14,8.238983,80.199486,3.3201517e14
2910,3.3201517e14,8.239065,80.24401,3.3201517e14
2911,3.3201517e14,8.239152,80.288536,3.3201517e14
2912,3.3201517e14,8.239233,80.33305,3.3201517e14
2913,3.3201517e14,8.239322,80.37753,3.3201517e14
2914,3.3201517e14,8.239402,80.422035,3.3201517e14
2915,3.3201517e14,8.239484,80.46657,3.3201517e14
2916,3.3201517e14,8.23957,80.511086,3.3201517e14
2917,3.3201517e14,8.239651,80.55561,3.3201517e14
2918,3.3201517e14,8.239732,80.60014,3.3201517e14
2919,3.3201517e14,8.239816,80.64468,3.3201517e14
2920,3.3201517e14,8.239896,80.68923,3.3201517e14
2921,3.3201517e14,8.239979,80.73378,3.3201517e14
2922,3.3201517e14,8.240061,80.77835,3.3201517e14
2923,3.3201517e14,8.240139,80.82288,3.3201517e14
2924,3.3201517e14,8.24022,80.86741,3.3201517e14
2925,3.3201517e14,8.240303,80.91195,3.3201517e14
2926,3.3201517e14,8.240386,80.956474,3.3201517e14
2927,3.3201517e14,8.240468,81.00101,3.3201517e14
2928,3.3201517e14,8.240552,81.04554,3.3201517e14
2929,3.3201517e14,8.240631,81.09003,3.3201517e14
2930,3.3201517e14,8.240717,81.134544,3.3201517e14
2931,3.3201517e14,8.240799,81.17902,3.3201517e14
2932,3.3201517e14,8.240879,81.22355,3.3201517e14
2933,3.3201517e14,8.240963,81.26804,3.3201517e14
2934,3.3201517e14,8.241046,81.31257,3.3201517e14
2935,3.3201517e14,8.241137,81.35707,3.3201517e14
2936,3.3201517e14,8.241163,81.4018,3.3201517e14
2937,3.3201517e14,8.241053,81.44806,3.3201517e14
2938,3.3201517e14,8.2409115,81.49532,3.3201517e14
2939,3.3201517e14,8.240891,81.54193,3.3201517e14
2940,3.3201517e14,8.240963,81.588036,3.3201517e14
2941,3.3201517e14,8.240998,81.634544,3.3201517e14
2942,3.3201517e14,8.241012,81.68063,3.3201517e14
2943,3.3201517e14,8.241068,81.725174,3.3201517e14
2944,3.3201517e14,8.241139,81.768814,3.3201517e14
2945,3.3201517e14,8.241187,81.81251,3.3201517e14
2946,3.3201517e14,8.241295,81.85575,3.3201517e14
2947,3.3201517e14,8.241518,81.89808,3.3201517e14
2948,3.3201517e14,8.241773,81.94039,3.3201517e14
2949,3.3201517e14,8.241971,81.98333,3.3201517e14
2950,3.3201517e14,8.242136,82.026405,3.3201517e14
2951,3.3201517e14,8.242279,82.069336,3.3201517e14
2952,3.3201517e14,8.24236,82.11292,3.3201517e14
2953,3.3201517e14,8.242392,82.1574,3.3201517e14
2954,3.3201517e14,8.242445,82.20205,3.3201517e14
2955,3.3201517e14,8.24254,82.24675,3.3201517e14
2956,3.3201517e14,8.242616,82.29189,3.3201517e14
2957,3.3201517e14,8.242658,82.337395,3.3201517e14
2958,3.3201517e14,8.242703,82.38256,3.3201517e14
2959,3.3201517e14,8.242743,82.42734,3.3201517e14
2960,3.3201517e14,8.242775,82.47216,3.3201517e14
2961,3.3201517e14,8.242819,82.51677,3.3201517e14
2962,3.3201517e14,8.242922,82.56089,3.3201517e14
2963,3.3201517e14,8.243071,82.60474,3.3201517e14
2964,3.3201517e14,8.243142,82.64883,3.3201517e14
2965,3.3201517e14,8.2430725,82.69438,3.3201517e14
2966,3.3201517e14,8.242977,82.74069,3.3201517e14
2967,3.3201517e14,8.242987,82.78637,3.3201517e14
2968,3.3201517e14,8.243061,82.831894,3.3201517e14
2969,3.3201517e14,8.243109,82.87798,3.3201517e14
2970,3.3201517e14,8.2431555,82.92357,3.3201517e14
2971,3.3201517e14,8.2432375,82.96786,3.3201517e14
2972,3.3201517e14,8.243314,83.01165,3.3201517e14
2973,3.3201517e14,8.243359,83.05557,3.3201517e14
2974,3.3201517e14,8.243473,83.09886,3.3201517e14
2975,3.3201517e14,8.243683,83.14138,3.3201517e14
2976,3.3201517e14,8.243913,83.18411,3.3201517e14
2977,3.3201517e14,8.244106,83.22731,3.3201517e14
2978,3.3201517e14,8.24429,83.27037,3.3201517e14
2979,3.3201517e14,8.244447,83.3134,3.3201517e14
2980,3.3201517e14,8.244533,83.35715,3.3201517e14
2981,3.3201517e14,8.244586,83.4015,3.3201517e14
2982,3.3201517e14,8.244669,83.44583,3.3201517e14
2983,3.3201517e14,8.244774,83.490326,3.3201517e14
2984,3.3201517e14,8.244855,83.53535,3.3201517e14
2985,3.3201517e14,8.244923,83.580536,3.3201517e14
2986,3.3201517e14,8.244996,83.62538,3.3201517e14
2987,3.3201517e14,8.24506,83.67002,3.3201517e14
2988,3.3201517e14,8.245101,83.71481,3.3201517e14
2989,3.3201517e14,8.245171,83.75932,3.3201517e14
2990,3.3201517e14,8.245291,83.80339,3.3201517e14
2991,3.3201517e14,8.24543,83.847336,3.3201517e14
2992,3.3201517e14,8.245566,83.89136,3.3201517e14
2993,3.3201517e14,8.245711,83.935165,3.3201517e14
2994,3.3201517e14,8.245856,83.978775,3.3201517e14
2995,3.3201517e14,8.245978,84.02257,3.3201517e14
2996,3.3201517e14,8.246085,84.06659,3.3201517e14
2997,3.3201517e14,8.246205,84.11063,3.3201517e14
2998,3.3201517e14,8.246333,84.15476,3.3201517e14
2999,3.3201517e14,8.246449,84.19918,3.3201517e14
3000,3.3201517e14,8.2465515,84.24383,3.3201517e14
3001,3.3201517e14,8.2466545,84.28842,3.3201517e14
3002,3.3201517e14,8.24674,84.3331,3.3201517e14
3003,3.3201517e14,8.246812,84.37789,3.3201517e14
3004,3.3201517e14,8.246888,84.422676,3.3201517e14
3005,3.3201517e14,8.246988,84.46731,3.3201517e14
3006,3.3201517e14,8.247094,84.511925,3.3201517e14
3007,3.3201517e14,8.247202,84.556496,3.3201517e14
3008,3.3201517e14,8.247315,84.60098,3.3201517e14
3009,3.3201517e14,8.247434,84.64529,3.3201517e14
3010,3.3201517e14,8.247545,84.689575,3.3201517e14
3011,3.3201517e14,8.247653,84.733894,3.3201517e14
3012,3.3201517e14,8.247769,84.778114,3.3201517e14
3013,3.3201517e14,8.247893,84.822365,3.3201517e14
3014,3.3201517e14,8.248017,84.86669,3.3201517e14
3015,3.3201517e14,8.248135,84.9111,3.3201517e14
3016,3.3201517e14,8.248246,84.9555,3.3201517e14
3017,3.3201517e14,8.248356,84.99997,3.3201517e14
3018,3.3201517e14,8.248453,85.04454,3.3201517e14
3019,3.3201517e14,8.2485485,85.089134,3.3201517e14
3020,3.3201517e14,8.2486515,85.13369,3.3201517e14
3021,3.3201517e14,8.248755,85.17827,3.3201517e14
3022,3.3201517e14,8.248861,85.22293,3.3201517e14
3023,3.3201517e14,8.248966,85.26749,3.3201517e14
3024,3.3201517e14,8.249072,85.31197,3.3201517e14
3025,3.3201517e14,8.249178,85.3565,3.3201517e14
3026,3.3201517e14,8.249283,85.400955,3.3201517e14
3027,3.3201517e14,8.249391,85.44535,3.3201517e14
3028,3.3201517e14,8.249506,85.48976,3.3201517e14
3029,3.3201517e14,8.249619,85.534164,3.3201517e14
3030,3.3201517e14,8.249732,85.57857,3.3201517e14
3031,3.3201517e14,8.249849,85.622955,3.3201517e14
3032,3.3201517e14,8.249958,85.66734,3.3201517e14
3033,3.3201517e14,8.250066,85.71176,3.3201517e14
3034,3.3201517e14,8.250173,85.75622,3.3201517e14
3035,3.3201517e14,8.2502775,85.80066,3.3201517e14
3036,3.3201517e14,8.250387,85.84514,3.3201517e14
3037,3.3201517e14,8.250495,85.88964,3.3201517e14
3038,3.3201517e14,8.250599,85.93413,3.3201517e14
3039,3.3201517e14,8.250706,85.978584,3.3201517e14
3040,3.3201517e14,8.250808,86.02305,3.3201517e14
3041,3.3201517e14,8.250912,86.06754,3.3201517e14
3042,3.3201517e14,8.25102,86.11198,3.3201517e14
3043,3.3201517e14,8.251129,86.15639,3.3201517e14
3044,3.3201517e14,8.251236,86.20075,3.3201517e14
3045,3.3201517e14,8.251348,86.24519,3.3201517e14
3046,3.3201517e14,8.251459,86.28958,3.3201517e14
3047,3.3201517e14,8.251569,86.33394,3.3201517e14
3048,3.3201517e14,8.251678,86.37833,3.3201517e14
3049,3.3201517e14,8.251785,86.42273,3.3201517e14
3050,3.3201517e14,8.251893,86.46712,3.3201517e14
3051,3.3201517e14,8.252003,86.51152,3.3201517e14
3052,3.3201517e14,8.25211,86.555916,3.3201517e14
3053,3.3201517e14,8.252215,86.60035,3.3201517e14
3054,3.3201517e14,8.252323,86.64472,3.3201517e14
3055,3.3201517e14,8.252431,86.68916,3.3201517e14
3056,3.3201517e14,8.252542,86.73356,3.3201517e14
3057,3.3201517e14,8.252605,86.77805,3.3201517e14
3058,3.3201517e14,8.252606,86.82334,3.3201517e14
3059,3.3201517e14,8.252557,86.8698,3.3201517e14
3060,3.3201517e14,8.252519,86.916664,3.3201517e14
3061,3.3201517e14,8.252545,86.96323,3.3201517e14
3062,3.3201517e14,8.252618,87.00923,3.3201517e14
3063,3.3201517e14,8.252706,87.05502,3.3201517e14
3064,3.3201517e14,8.252782,87.100655,3.3201517e14
3065,3.3201517e14,8.252839,87.14593,3.3201517e14
3066,3.3201517e14,8.25291,87.190254,3.3201517e14
3067,3.3201517e14,8.252999,87.23354,3.3201517e14
3068,3.3201517e14,8.253112,87.27619,3.3201517e14
3069,3.3201517e14,8.253228,87.31879,3.3201517e14
3070,3.3201517e14,8.253363,87.36141,3.3201517e14
3071,3.3201517e14,8.253529,87.4036,3.3201517e14
3072,3.3201517e14,8.253731,87.44536,3.3201517e14
3073,3.3201517e14,8.253929,87.48721,3.3201517e14
3074,3.3201517e14,8.254105,87.52945,3.3201517e14
3075,3.3201517e14,8.2542515,87.572014,3.3201517e14
3076,3.3201517e14,8.254379,87.61467,3.3201517e14
3077,3.3201517e14,8.2544985,87.657455,3.3201517e14
3078,3.3201517e14,8.254605,87.7004,3.3201517e14
3079,3.3201517e14,8.254701,87.74387,3.3201517e14
3080,3.3201517e14,8.254789,87.78781,3.3201517e14
3081,3.3201517e14,8.254888,87.83197,3.3201517e14
3082,3.3201517e14,8.255,87.87609,3.3201517e14
3083,3.3201517e14,8.255111,87.92025,3.3201517e14
3084,3.3201517e14,8.255209,87.96457,3.3201517e14
3085,3.3201517e14,8.255289,88.009,3.3201517e14
3086,3.3201517e14,8.255367,88.05329,3.3201517e14
3087,3.3201517e14,8.25545,88.09735,3.3201517e14
3088,3.3201517e14,8.255546,88.14126,3.3201517e14
3089,3.3201517e14,8.255649,88.18516,3.3201517e14
3090,3.3201517e14,8.255761,88.22904,3.3201517e14
3091,3.3201517e14,8.255882,88.27284,3.3201517e14
3092,3.3201517e14,8.256017,88.31644,3.3201517e14
3093,3.3201517e14,8.256153,88.35989,3.3201517e14
3094,3.3201517e14,8.256286,88.40334,3.3201517e14
3095,3.3201517e14,8.256403,88.446945,3.3201517e14
3096,3.3201517e14,8.256522,88.49048,3.3201517e14
3097,3.3201517e14,8.256644,88.53397,3.3201517e14
3098,3.3201517e14,8.256767,88.57751,3.3201517e14
3099,3.3201517e14,8.256895,88.62123,3.3201517e14
3100,3.3201517e14,8.257016,88.66512,3.3201517e14
3101,3.3201517e14,8.257136,88.70908,3.3201517e14
3102,3.3201517e14,8.257257,88.75311,3.3201517e14
3103,3.3201517e14,8.257373,88.797226,3.3201517e14
3104,3.3201517e14,8.257488,88.841415,3.3201517e14
3105,3.3201517e14,8.25759,88.88571,3.3201517e14
3106,3.3201517e14,8.257691,88.93005,3.3201517e14
3107,3.3201517e14,8.257792,88.9744,3.3201517e14
3108,3.3201517e14,8.257899,89.01869,3.3201517e14
3109,3.3201517e14,8.25801,89.063065,3.3201517e14
3110,3.3201517e14,8.258118,89.10743,3.3201517e14
3111,3.3201517e14,8.258231,89.151764,3.3201517e14
3112,3.3201517e14,8.258345,89.196,3.3201517e14
3113,3.3201517e14,8.258463,89.240204,3.3201517e14
3114,3.3201517e14,8.25858,89.284386,3.3201517e14
3115,3.3201517e14,8.258696,89.32852,3.3201517e14
3116,3.3201517e14,8.258807,89.372665,3.3201517e14
3117,3.3201517e14,8.258928,89.41677,3.3201517e14
3118,3.3201517e14,8.2590475,89.460846,3.3201517e14
3119,3.3201517e14,8.2591715,89.50495,3.3201517e14
3120,3.3201517e14,8.2592945,89.5491,3.3201517e14
3121,3.3201517e14,8.259411,89.59327,3.3201517e14
3122,3.3201517e14,8.259532,89.63747,3.3201517e14
3123,3.3201517e14,8.25965,89.68169,3.3201517e14
3124,3.3201517e14,8.259767,89.725945,3.3201517e14
3125,3.3201517e14,8.259876,89.77024,3.3201517e14
3126,3.3201517e14,8.259988,89.81456,3.3201517e14
3127,3.3201517e14,8.260102,89.85889,3.3201517e14
3128,3.3201517e14,8.260213,89.90321,3.3201517e14
3129,3.3201517e14,8.260329,89.947586,3.3201517e14
3130,3.3201517e14,8.260443,89.991974,3.3201517e14
3131,3.3201517e14,8.260555,90.03633,3.3201517e14
3132,3.3201517e14,8.260668,90.08069,3.3201517e14
3133,3.3201517e14,8.260783,90.125015,3.3201517e14
3134,3.3201517e14,8.260893,90.169304,3.3201517e14
3135,3.3201517e14,8.261007,90.2136,3.3201517e14
3136,3.3201517e14,8.261125,90.25788,3.3201517e14
3137,3.3201517e14,8.261238,90.30217,3.3201517e14
3138,3.3201517e14,8.261356,90.346405,3.3201517e14
3139,3.3201517e14,8.261474,90.39064,3.3201517e14
3140,3.3201517e14,8.261588,90.43491,3.3201517e14
3141,3.3201517e14,8.261707,90.47917,3.3201517e14
3142,3.3201517e14,8.261825,90.523415,3.3201517e14
3143,3.3201517e14,8.261937,90.567665,3.3201517e14
3144,3.3201517e14,8.262054,90.6119,3.3201517e14
3145,3.3201517e14,8.26217,90.65616,3.3201517e14
3146,3.3201517e14,8.26228,90.70045,3.3201517e14
3147,3.3201517e14,8.262396,90.74469,3.3201517e14
3148,3.3201517e14,8.262513,90.78897,3.3201517e14
3149,3.3201517e14,8.2626295,90.83326,3.3201517e14
3150,3.3201517e14,8.262743,90.87753,3.3201517e14
3151,3.3201517e14,8.262857,90.92186,3.3201517e14
3152,3.3201517e14,8.262968,90.96613,3.3201517e14
3153,3.3201517e14,8.2630825,91.01042,3.3201517e14
3154,3.3201517e14,8.263195,91.05468,3.3201517e14
3155,3.3201517e14,8.2633095,91.09896,3.3201517e14
3156,3.3201517e14,8.263426,91.143234,3.3201517e14
3157,3.3201517e14,8.263539,91.187485,3.3201517e14
3158,3.3201517e14,8.263654,91.231705,3.3201517e14
3159,3.3201517e14,8.263768,91.27601,3.3201517e14
3160,3.3201517e14,8.263884,91.320206,3.3201517e14
3161,3.3201517e14,8.264,91.364456,3.3201517e14
3162,3.3201517e14,8.264112,91.408676,3.3201517e14
3163,3.3201517e14,8.264227,91.45288,3.3201517e14
3164,3.3201517e14,8.264344,91.49711,3.3201517e14
3165,3.3201517e14,8.264456,91.54134,3.3201517e14
3166,3.3201517e14,8.264572,91.58556,3.3201517e14
3167,3.3201517e14,8.264688,91.629776,3.3201517e14
3168,3.3201517e14,8.264803,91.67403,3.3201517e14
3169,3.3201517e14,8.264914,91.71827,3.3201517e14
3170,3.3201517e14,8.265031,91.76246,3.3201517e14
3171,3.3201517e14,8.265142,91.806694,3.3201517e14
3172,3.3201517e14,8.265259,91.850914,3.3201517e14
3173,3.3201517e14,8.265372,91.89511,3.3201517e14
3174,3.3201517e14,8.265486,91.93935,3.3201517e14
3175,3.3201517e14,8.265602,91.983574,3.3201517e14
3176,3.3201517e14,8.265715,92.02779,3.3201517e14
3177,3.3201517e14,8.265827,92.07198,3.3201517e14
3178,3.3201517e14,8.265942,92.116165,3.3201517e14
3179,3.3201517e14,8.266058,92.1604,3.3201517e14
3180,3.3201517e14,8.2661705,92.204605,3.3201517e14
3181,3.3201517e14,8.26629,92.248825,3.3201517e14
3182,3.3201517e14,8.2663145,92.29325,3.3201517e14
3183,3.3201517e14,8.266183,92.33975,3.3201517e14
3184,3.3201517e14,8.266058,92.38702,3.3201517e14
3185,3.3201517e14,8.26608,92.433174,3.3201517e14
3186,3.3201517e14,8.266151,92.47937,3.3201517e14
3187,3.3201517e14,8.26618,92.525925,3.3201517e14
3188,3.3201517e14,8.266239,92.57097,3.3201517e14
3189,3.3201517e14,8.266332,92.614334,3.3201517e14
3190,3.3201517e14,8.266398,92.6577,3.3201517e14
3191,3.3201517e14,8.266522,92.70058,3.3201517e14
3192,3.3201517e14,8.266788,92.74226,3.3201517e14
3193,3.3201517e14,8.267094,92.78386,3.3201517e14
3194,3.3201517e14,8.267354,92.8262,3.3201517e14
3195,3.3201517e14,8.267582,92.86846,3.3201517e14
3196,3.3201517e14,8.26777,92.91069,3.3201517e14
3197,3.3201517e14,8.267856,92.9541,3.3201517e14
3198,3.3201517e14,8.267914,92.998245,3.3201517e14
3199,3.3201517e14,8.268016,93.042336,3.3201517e14
3200,3.3201517e14,8.268127,93.08691,3.3201517e14
3201,3.3201517e14,8.268194,93.132256,3.3201517e14
3202,3.3201517e14,8.26826,93.17729,3.3201517e14
3203,3.3201517e14,8.268324,93.22183,3.3201517e14
3204,3.3201517e14,8.268358,93.266525,3.3201517e14
3205,3.3201517e14,8.2684145,93.31089,3.3201517e14
3206,3.3201517e14,8.268542,93.35462,3.3201517e14
3207,3.3201517e14,8.26871,93.39808,3.3201517e14
3208,3.3201517e14,8.268883,93.44156,3.3201517e14
3209,3.3201517e14,8.269067,93.48465,3.3201517e14
3210,3.3201517e14,8.269247,93.52754,3.3201517e14
3211,3.3201517e14,8.269388,93.570755,3.3201517e14
3212,3.3201517e14,8.269523,93.61421,3.3201517e14
3213,3.3201517e14,8.269677,93.65758,3.3201517e14
3214,3.3201517e14,8.26983,93.701324,3.3201517e14
3215,3.3201517e14,8.269958,93.7456,3.3201517e14
3216,3.3201517e14,8.270076,93.78992,3.3201517e14
3217,3.3201517e14,8.270181,93.83425,3.3201517e14
3218,3.3201517e14,8.270257,93.87886,3.3201517e14
3219,3.3201517e14,8.27033,93.92351,3.3201517e14
3220,3.3201517e14,8.2704315,93.967926,3.3201517e14
3221,3.3201517e14,8.270551,94.0123,3.3201517e14
3222,3.3201517e14,8.270669,94.05664,3.3201517e14
3223,3.3201517e14,8.270805,94.10076,3.3201517e14
3224,3.3201517e14,8.270947,94.144585,3.3201517e14
3225,3.3201517e14,8.271077,94.18852,3.3201517e14
3226,3.3201517e14,8.271206,94.23237,3.3201517e14
3227,3.3201517e14,8.271352,94.27606,3.3201517e14
3228,3.3201517e14,8.271502,94.31987,3.3201517e14
3229,3.3201517e14,8.2716465,94.36385,3.3201517e14
3230,3.3201517e14,8.271793,94.4078,3.3201517e14
3231,3.3201517e14,8.271925,94.45185,3.3201517e14
3232,3.3201517e14,8.2720375,94.49607,3.3201517e14
3233,3.3201517e14,8.272147,94.54039,3.3201517e14
3234,3.3201517e14,8.272263,94.584656,3.3201517e14
3235,3.3201517e14,8.272381,94.62901,3.3201517e14
3236,3.3201517e14,8.272492,94.67343,3.3201517e14
3237,3.3201517e14,8.272618,94.71772,3.3201517e14
3238,3.3201517e14,8.272739,94.761925,3.3201517e14
3239,3.3201517e14,8.272861,94.80616,3.3201517e14
3240,3.3201517e14,8.272981,94.85028,3.3201517e14
3241,3.3201517e14,8.273111,94.8943,3.3201517e14
3242,3.3201517e14,8.273246,94.938354,3.3201517e14
3243,3.3201517e14,8.27338,94.9824,3.3201517e14
3244,3.3201517e14,8.273521,95.02639,3.3201517e14
3245,3.3201517e14,8.273655,95.070404,3.3201517e14
3246,3.3201517e14,8.273782,95.11448,3.3201517e14
3247,3.3201517e14,8.273906,95.15852,3.3201517e14
3248,3.3201517e14,8.274034,95.20259,3.3201517e14
3249,3.3201517e14,8.2741585,95.24675,3.3201517e14
3250,3.3201517e14,8.274281,95.29099,3.3201517e14
3251,3.3201517e14,8.2744055,95.33513,3.3201517e14
3252,3.3201517e14,8.274528,95.37935,3.3201517e14
3253,3.3201517e14,8.274644,95.42352,3.3201517e14
3254,3.3201517e14,8.274765,95.467674,3.3201517e14
3255,3.3201517e14,8.274889,95.51177,3.3201517e14
3256,3.3201517e14,8.275016,95.55586,3.3201517e14
3257,3.3201517e14,8.275144,95.59994,3.3201517e14
3258,3.3201517e14,8.275273,95.64398,3.3201517e14
3259,3.3201517e14,8.275407,95.68798,3.3201517e14
3260,3.3201517e14,8.275532,95.732025,3.3201517e14
3261,3.3201517e14,8.275658,95.776024,3.3201517e14
3262,3.3201517e14,8.2757845,95.82004,3.3201517e14
3263,3.3201517e14,8.27591,95.86409,3.3201517e14
3264,3.3201517e14,8.276041,95.90811,3.3201517e14
3265,3.3201517e14,8.276166,95.952194,3.3201517e14
3266,3.3201517e14,8.276288,95.99629,3.3201517e14
3267,3.3201517e14,8.276412,96.04038,3.3201517e14
3268,3.3201517e14,8.276536,96.08444,3.3201517e14
3269,3.3201517e14,8.276658,96.12848,3.3201517e14
3270,3.3201517e14,8.276779,96.17257,3.3201517e14
3271,3.3201517e14,8.276906,96.21663,3.3201517e14
3272,3.3201517e14,8.277033,96.26065,3.3201517e14
3273,3.3201517e14,8.277159,96.30468,3.3201517e14
3274,3.3201517e14,8.277282,96.34868,3.3201517e14
3275,3.3201517e14,8.27741,96.392685,3.3201517e14
3276,3.3201517e14,8.277535,96.43669,3.3201517e14
3277,3.3201517e14,8.277661,96.48067,3.3201517e14
3278,3.3201517e14,8.27779,96.52468,3.3201517e14
3279,3.3201517e14,8.277916,96.56866,3.3201517e14
3280,3.3201517e14,8.278042,96.6127,3.3201517e14
3281,3.3201517e14,8.278163,96.65669,3.3201517e14
3282,3.3201517e14,8.27829,96.700676,3.3201517e14
3283,3.3201517e14,8.278413,96.74476,3.3201517e14
3284,3.3201517e14,8.278538,96.788765,3.3201517e14
3285,3.3201517e14,8.278661,96.83274,3.3201517e14
3286,3.3201517e14,8.278788,96.87678,3.3201517e14
3287,3.3201517e14,8.27891,96.92078,3.3201517e14
3288,3.3201517e14,8.279035,96.9648,3.3201517e14
3289,3.3201517e14,8.279159,97.00878,3.3201517e14
3290,3.3201517e14,8.279285,97.052765,3.3201517e14
3291,3.3201517e14,8.279408,97.096756,3.3201517e14
3292,3.3201517e14,8.279535,97.14073,3.3201517e14
3293,3.3201517e14,8.27966,97.18472,3.3201517e14
3294,3.3201517e14,8.279784,97.2287,3.3201517e14
3295,3.3201517e14,8.27991,97.272644,3.3201517e14
3296,3.3201517e14,8.280035,97.31667,3.3201517e14
3297,3.3201517e14,8.280162,97.36065,3.3201517e14
3298,3.3201517e14,8.280286,97.4046,3.3201517e14
3299,3.3201517e14,8.280409,97.448616,3.3201517e14
3300,3.3201517e14,8.280534,97.49257,3.3201517e14
3301,3.3201517e14,8.280658,97.53658,3.3201517e14
3302,3.3201517e14,8.280783,97.580574,3.3201517e14
3303,3.3201517e14,8.280907,97.62453,3.3201517e14
3304,3.3201517e14,8.281031,97.668495,3.3201517e14
3305,3.3201517e14,8.281154,97.71246,3.3201517e14
3306,3.3201517e14,8.2812805,97.75644,3.3201517e14
3307,3.3201517e14,8.281403,97.8004,3.3201517e14
3308,3.3201517e14,8.281529,97.84437,3.3201517e14
3309,3.3201517e14,8.281652,97.8883,3.3201517e14
3310,3.3201517e14,8.281777,97.932274,3.3201517e14
3311,3.3201517e14,8.281901,97.97626,3.3201517e14
3312,3.3201517e14,8.282029,98.02015,3.3201517e14
3313,3.3201517e14,8.28215,98.06413,3.3201517e14
3314,3.3201517e14,8.282274,98.108116,3.3201517e14
3315,3.3201517e14,8.282398,98.15204,3.3201517e14
3316,3.3201517e14,8.282523,98.19602,3.3201517e14
3317,3.3201517e14,8.282647,98.23997,3.3201517e14
3318,3.3201517e14,8.28277,98.283905,3.3201517e14
3319,3.3201517e14,8.282897,98.32784,3.3201517e14
3320,3.3201517e14,8.283019,98.371826,3.3201517e14
3321,3.3201517e14,8.283143,98.41573,3.3201517e14
3322,3.3201517e14,8.283268,98.459694,3.3201517e14
3323,3.3201517e14,8.283392,98.50361,3.3201517e14
3324,3.3201517e14,8.283514,98.54758,3.3201517e14
3325,3.3201517e14,8.283638,98.591515,3.3201517e14
3326,3.3201517e14,8.283765,98.63544,3.3201517e14
3327,3.3201517e14,8.283888,98.67939,3.3201517e14
3328,3.3201517e14,8.284012,98.72329,3.3201517e14
3329,3.3201517e14,8.284135,98.7672,3.3201517e14
3330,3.3201517e14,8.284261,98.81115,3.3201517e14
3331,3.3201517e14,8.284383,98.85504,3.3201517e14
3332,3.3201517e14,8.284508,98.89899,3.3201517e14
3333,3.3201517e14,8.284635,98.94291,3.3201517e14
3334,3.3201517e14,8.284696,98.98692,3.3201517e14
3335,3.3201517e14,8.284679,99.03206,3.3201517e14
3336,3.3201517e14,8.284684,99.07847,3.3201517e14
3337,3.3201517e14,8.284738,99.12395,3.3201517e14
3338,3.3201517e14,8.284824,99.16875,3.3201517e14
3339,3.3201517e14,8.284944,99.21401,3.3201517e14
3340,3.3201517e14,8.285042,99.258934,3.3201517e14
3341,3.3201517e14,8.285104,99.30329,3.3201517e14
3342,3.3201517e14,8.285135,99.34735,3.3201517e14
3343,3.3201517e14,8.285183,99.390945,3.3201517e14
3344,3.3201517e14,8.285255,99.43447,3.3201517e14
3345,3.3201517e14,8.285357,99.47791,3.3201517e14
3346,3.3201517e14,8.285519,99.52066,3.3201517e14
3347,3.3201517e14,8.285717,99.5629,3.3201517e14
3348,3.3201517e14,8.285891,99.6053,3.3201517e14
3349,3.3201517e14,8.286042,99.647644,3.3201517e14
3350,3.3201517e14,8.286195,99.68956,3.3201517e14
3351,3.3201517e14,8.286337,99.73125,3.3201517e14
3352,3.3201517e14,8.286462,99.77321,3.3201517e14
3353,3.3201517e14,8.286591,99.8154,3.3201517e14
3354,3.3201517e14,8.28673,99.857796,3.3201517e14
3355,3.3201517e14,8.286874,99.90047,3.3201517e14
3356,3.3201517e14,8.287031,99.94313,3.3201517e14
3357,3.3201517e14,8.287182,99.98601,3.3201517e14
3358,3.3201517e14,8.287304,100.02935,3.3201517e14
3359,3.3201517e14,8.287402,100.07266,3.3201517e14
3360,3.3201517e14,8.287502,100.11581,3.3201517e14
3361,3.3201517e14,8.287593,100.15909,3.3201517e14
3362,3.3201517e14,8.287684,100.202545,3.3201517e14
3363,3.3201517e14,8.287797,100.246025,3.3201517e14
3364,3.3201517e14,8.287926,100.28939,3.3201517e14
3365,3.3201517e14,8.288065,100.3327,3.3201517e14
3366,3.3201517e14,8.288205,100.37593,3.3201517e14
3367,3.3201517e14,8.288334,100.41912,3.3201517e14
3368,3.3201517e14,8.288452,100.46229,3.3201517e14
3369,3.3201517e14,8.288572,100.50533,3.3201517e14
3370,3.3201517e14,8.288703,100.54825,3.3201517e14
3371,3.3201517e14,8.288836,100.59128,3.3201517e14
3372,3.3201517e14,8.288975,100.63449,3.3201517e14
3373,3.3201517e14,8.289122,100.67763,3.3201517e14
3374,3.3201517e14,8.289273,100.7208,3.3201517e14
3375,3.3201517e14,8.2894125,100.764114,3.3201517e14
3376,3.3201517e14,8.289542,100.80747,3.3201517e14
3377,3.3201517e14,8.289664,100.85096,3.3201517e14
3378,3.3201517e14,8.289784,100.894485,3.3201517e14
3379,3.3201517e14,8.289908,100.938095,3.3201517e14
3380,3.3201517e14,8.290031,100.98172,3.3201517e14
3381,3.3201517e14,8.290157,101.0255,3.3201517e14
3382,3.3201517e14,8.290282,101.06936,3.3201517e14
3383,3.3201517e14,8.290414,101.11314,3.3201517e14
3384,3.3201517e14,8.290541,101.156876,3.3201517e14
3385,3.3201517e14,8.290664,101.20065,3.3201517e14
3386,3.3201517e14,8.290788,101.24442,3.3201517e14
3387,3.3201517e14,8.290913,101.288155,3.3201517e14
3388,3.3201517e14,8.291037,101.33183,3.3201517e14
3389,3.3201517e14,8.291168,101.375496,3.3201517e14
3390,3.3201517e14,8.291301,101.41922,3.3201517e14
3391,3.3201517e14,8.291435,101.46294,3.3201517e14
3392,3.3201517e14,8.291572,101.50663,3.3201517e14
3393,3.3201517e14,8.291713,101.55031,3.3201517e14
3394,3.3201517e14,8.291841,101.593994,3.3201517e14
3395,3.3201517e14,8.291969,101.637726,3.3201517e14
3396,3.3201517e14,8.292096,101.68144,3.3201517e14
3397,3.3201517e14,8.292225,101.72521,3.3201517e14
3398,3.3201517e14,8.292357,101.76898,3.3201517e14
3399,3.3201517e14,8.292487,101.81285,3.3201517e14
3400,3.3201517e14,8.29262,101.8567,3.3201517e14
3401,3.3201517e14,8.2927475,101.90056,3.3201517e14
3402,3.320151e14,8.292875,101.94441,3.320151e14
3403,3.320151e14,8.293004,101.98826,3.320151e14
3404,3.320151e14,8.293124,102.03218,3.320151e14
3405,3.320151e14,8.293255,102.07599,3.320151e14
3406,3.320151e14,8.29338,102.11982,3.320151e14
3407,3.320151e14,8.293508,102.16371,3.320151e14
3408,3.320151e14,8.293641,102.20753,3.320151e14
3409,3.320151e14,8.293768,102.25136,3.320151e14
3410,3.320151e14,8.2939005,102.29512,3.320151e14
3411,3.320151e14,8.29403,102.338936,3.320151e14
3412,3.320151e14,8.294159,102.382706,3.320151e14
3413,3.320151e14,8.294291,102.426476,3.320151e14
3414,3.320151e14,8.294418,102.47025,3.320151e14
3415,3.320151e14,8.29455,102.51402,3.320151e14
3416,3.320151e14,8.29468,102.5578,3.320151e14
3417,3.320151e14,8.294808,102.60159,3.320151e14
3418,3.320151e14,8.29494,102.64538,3.320151e14
3419,3.320151e14,8.295069,102.68917,3.320151e14
3420,3.320151e14,8.295199,102.73298,3.320151e14
3421,3.320151e14,8.295326,102.776794,3.320151e14
3422,3.320151e14,8.295454,102.82053,3.320151e14
3423,3.320151e14,8.295578,102.86438,3.320151e14
3424,3.320151e14,8.295707,102.90815,3.320151e14
3425,3.320151e14,8.295836,102.95194,3.320151e14
3426,3.320151e14,8.295968,102.99571,3.320151e14
3427,3.320151e14,8.296096,103.03947,3.320151e14
3428,3.320151e14,8.296224,103.08323,3.320151e14
3429,3.320151e14,8.296352,103.12703,3.320151e14
3430,3.320151e14,8.296479,103.17077,3.320151e14
3431,3.320151e14,8.296608,103.21452,3.320151e14
3432,3.320151e14,8.296735,103.258255,3.320151e14
3433,3.320151e14,8.296864,103.30194,3.320151e14
3434,3.320151e14,8.296996,103.34571,3.320151e14
3435,3.320151e14,8.297125,103.38942,3.320151e14
3436,3.320151e14,8.297255,103.43314,3.320151e14
3437,3.320151e14,8.297381,103.476906,3.320151e14
3438,3.320151e14,8.297508,103.52064,3.320151e14
3439,3.320151e14,8.297638,103.56427,3.320151e14
3440,3.320151e14,8.297766,103.60804,3.320151e14
3441,3.320151e14,8.297894,103.65179,3.320151e14
3442,3.320151e14,8.298022,103.69554,3.320151e14
3443,3.320151e14,8.298151,103.739235,3.320151e14
3444,3.320151e14,8.298278,103.782936,3.320151e14
3445,3.320151e14,8.298407,103.826645,3.320151e14
3446,3.320151e14,8.298533,103.870346,3.320151e14
3447,3.320151e14,8.298663,103.91407,3.320151e14
3448,3.320151e14,8.298791,103.95771,3.320151e14
3449,3.320151e14,8.298917,104.00147,3.320151e14
3450,3.320151e14,8.299044,104.045166,3.320151e14
3451,3.320151e14,8.299172,104.088844,3.320151e14
3452,3.320151e14,8.299299,104.13251,3.320151e14
3453,3.320151e14,8.299432,104.17622,3.320151e14
3454,3.320151e14,8.29956,104.21991,3.320151e14
3455,3.320151e14,8.299686,104.26362,3.320151e14
3456,3.320151e14,8.299814,104.30729,3.320151e14
3457,3.320151e14,8.299942,104.350914,3.320151e14
3458,3.320151e14,8.300068,104.39461,3.320151e14
3459,3.320151e14,8.300197,104.43829,3.320151e14
3460,3.320151e14,8.300322,104.48195,3.320151e14
3461,3.320151e14,8.300452,104.52564,3.320151e14
3462,3.320151e14,8.300581,104.569305,3.320151e14
3463,3.320151e14,8.300708,104.61298,3.320151e14
3464,3.320151e14,8.300833,104.656654,3.320151e14
3465,3.320151e14,8.3009615,104.70034,3.320151e14
3466,3.320151e14,8.301089,104.74397,3.320151e14
3467,3.320151e14,8.301216,104.78764,3.320151e14
3468,3.320151e14,8.301344,104.83133,3.320151e14
3469,3.320151e14,8.30147,104.87495,3.320151e14
3470,3.320151e14,8.3016,104.9186,3.320151e14
3471,3.320151e14,8.301727,104.962265,3.320151e14
3472,3.320151e14,8.301852,105.00591,3.320151e14
3473,3.320151e14,8.301981,105.04955,3.320151e14
3474,3.320151e14,8.302108,105.093254,3.320151e14
3475,3.320151e14,8.302235,105.13686,3.320151e14
3476,3.320151e14,8.302362,105.18049,3.320151e14
3477,3.320151e14,8.302489,105.22419,3.320151e14
3478,3.320151e14,8.302616,105.26781,3.320151e14
3479,3.320151e14,8.302746,105.31145,3.320151e14
3480,3.320151e14,8.302873,105.35511,3.320151e14
3481,3.320151e14,8.302999,105.39872,3.320151e14
3482,3.320151e14,8.303123,105.442375,3.320151e14
3483,3.320151e14,8.30325,105.485985,3.320151e14
3484,3.320151e14,8.30338,105.52962,3.320151e14
3485,3.320151e14,8.303507,105.57327,3.320151e14
3486,3.320151e14,8.303633,105.61691,3.320151e14
3487,3.320151e14,8.303761,105.66054,3.320151e14
3488,3.320151e14,8.303886,105.704155,3.320151e14
3489,3.320151e14,8.304014,105.74775,3.320151e14
3490,3.320151e14,8.304139,105.7914,3.320151e14
3491,3.320151e14,8.304267,105.83499,3.320151e14
3492,3.320151e14,8.304393,105.87868,3.320151e14
3493,3.320151e14,8.304521,105.92227,3.320151e14
3494,3.320151e14,8.304647,105.96589,3.320151e14
3495,3.320151e14,8.30477,106.00949,3.320151e14
3496,3.320151e14,8.304898,106.05311,3.320151e14
3497,3.320151e14,8.305028,106.09669,3.320151e14
3498,3.320151e14,8.305154,106.140305,3.320151e14
3499,3.320151e14,8.305282,106.18392,3.320151e14
3500,3.320151e14,8.305407,106.22754,3.320151e14
3501,3.320151e14,8.305531,106.27113,3.320151e14
3502,3.320151e14,8.305656,106.31473,3.320151e14
3503,3.320151e14,8.305789,106.35832,3.320151e14
3504,3.320151e14,8.305911,106.401924,3.320151e14
3505,3.320151e14,8.306041,106.44551,3.320151e14
3506,3.320151e14,8.306166,106.489105,3.320151e14
3507,3.320151e14,8.306288,106.53272,3.320151e14
3508,3.320151e14,8.306416,106.57627,3.320151e14
3509,3.320151e14,8.306542,106.61994,3.320151e14
3510,3.320151e14,8.306668,106.66349,3.320151e14
3511,3.320151e14,8.306797,106.70708,3.320151e14
3512,3.320151e14,8.306921,106.750694,3.320151e14
3513,3.320151e14,8.307047,106.794266,3.320151e14
3514,3.320151e14,8.307172,106.8378,3.320151e14
3515,3.320151e14,8.307301,106.88141,3.320151e14
3516,3.320151e14,8.3074255,106.92496,3.320151e14
3517,3.320151e14,8.307555,106.96857,3.320151e14
3518,3.320151e14,8.307679,107.01212,3.320151e14
3519,3.320151e14,8.307802,107.05572,3.320151e14
3520,3.320151e14,8.307928,107.09929,3.320151e14
3521,3.320151e14,8.308053,107.142876,3.320151e14
3522,3.320151e14,8.308181,107.1864,3.320151e14
3523,3.320151e14,8.308309,107.23002,3.320151e14
3524,3.320151e14,8.308433,107.27356,3.320151e14
3525,3.320151e14,8.308558,107.317085,3.320151e14
3526,3.320151e14,8.308682,107.36067,3.320151e14
3527,3.320151e14,8.30881,107.404205,3.320151e14
3528,3.320151e14,8.308939,107.44777,3.320151e14
3529,3.320151e14,8.30906,107.49138,3.320151e14
3530,3.320151e14,8.309188,107.53491,3.320151e14
3531,3.320151e14,8.309313,107.57843,3.320151e14
3532,3.320151e14,8.309437,107.62202,3.320151e14
3533,3.320151e14,8.309562,107.66557,3.320151e14
3534,3.320151e14,8.309689,107.70911,3.320151e14
3535,3.320151e14,8.309814,107.75265,3.320151e14
3536,3.320151e14,8.309941,107.796196,3.320151e14
3537,3.320151e14,8.310065,107.839714,3.320151e14
3538,3.320151e14,8.310191,107.883316,3.320151e14
3539,3.320151e14,8.310314,107.92681,3.320151e14
3540,3.320151e14,8.310441,107.97033,3.320151e14
3541,3.320151e14,8.310568,108.0139,3.320151e14
3542,3.320151e14,8.310692,108.05741,3.320151e14
3543,3.320151e14,8.310819,108.10099,3.320151e14
3544,3.320151e14,8.310943,108.144485,3.320151e14
3545,3.320151e14,8.311068,108.18806,3.320151e14
3546,3.320151e14,8.311191,108.23159,3.320151e14
3547,3.320151e14,8.311317,108.27511,3.320151e14
3548,3.320151e14,8.311444,108.3186,3.320151e14
3549,3.320151e14,8.311568,108.36213,3.320151e14
3550,3.320151e14,8.311694,108.40567,3.320151e14
3551,3.320151e14,8.311818,108.449165,3.320151e14
3552,3.320151e14,8.311941,108.49267,3.320151e14
3553,3.320151e14,8.312069,108.53624,3.320151e14
3554,3.320151e14,8.312195,108.57975,3.320151e14
3555,3.320151e14,8.312318,108.62322,3.320151e14
3556,3.320151e14,8.312444,108.66677,3.320151e14
3557,3.320151e14,8.312567,108.71026,3.320151e14
3558,3.320151e14,8.312692,108.75378,3.320151e14
3559,3.320151e14,8.312817,108.79725,3.320151e14
3560,3.320151e14,8.312941,108.84079,3.320151e14
3561,3.320151e14,8.313066,108.88429,3.320151e14
3562,3.320151e14,8.313189,108.9278,3.320151e14
3563,3.320151e14,8.313318,108.971275,3.320151e14
3564,3.320151e14,8.313441,109.0148,3.320151e14
3565,3.320151e14,8.313564,109.05832,3.320151e14
3566,3.320151e14,8.313687,109.10176,3.320151e14
3567,3.320151e14,8.313814,109.14528,3.320151e14
3568,3.320151e14,8.313937,109.18876,3.320151e14
3569,3.320151e14,8.314066,109.23227,3.320151e14
3570,3.320151e14,8.31419,109.27577,3.320151e14
3571,3.320151e14,8.314314,109.31921,3.320151e14
3572,3.320151e14,8.314435,109.36278,3.320151e14
3573,3.320151e14,8.314559,109.406204,3.320151e14
3574,3.320151e14,8.314684,109.449715,3.320151e14
3575,3.320151e14,8.314811,109.49322,3.320151e14
3576,3.320151e14,8.314933,109.536705,3.320151e14
3577,3.320151e14,8.315059,109.58013,3.320151e14
3578,3.320151e14,8.315183,109.62363,3.320151e14
3579,3.320151e14,8.315307,109.667114,3.320151e14
3580,3.320151e14,8.315433,109.71054,3.320151e14
3581,3.320151e14,8.3155575,109.754036,3.320151e14
3582,3.320151e14,8.31568,109.79757,3.320151e14
3583,3.320151e14,8.315804,109.840996,3.320151e14
3584,3.320151e14,8.315927,109.88448,3.320151e14
3585,3.320151e14,8.316053,109.92793,3.320151e14
3586,3.320151e14,8.316181,109.97138,3.320151e14
3587,3.320151e14,8.316175,110.015205,3.320151e14
3588,3.320151e14,8.315977,110.06225,3.320151e14
3589,3.320151e14,8.315885,110.108826,3.320151e14
3590,3.320151e14,8.315937,110.15435,3.320151e14
3591,3.320151e14,8.315947,110.2012,3.320151e14
3592,3.320151e14,8.316005,110.24602,3.320151e14
3593,3.320151e14,8.316092,110.28866,3.320151e14
3594,3.320151e14,8.316131,110.331535,3.320151e14
3595,3.320151e14,8.316306,110.372765,3.320151e14
3596,3.320151e14,8.316635,110.41271,3.320151e14
3597,3.320151e14,8.316947,110.4538,3.320151e14
3598,3.320151e14,8.317266,110.49431,3.320151e14
3599,3.320151e14,8.317516,110.534836,3.320151e14
3600,3.320151e14,8.317614,110.57725,3.320151e14
3601,3.320151e14,8.317697,110.61989,3.320151e14
3602,3.320151e14,8.317807,110.66289,3.320151e14
3603,3.320151e14,8.317879,110.70751,3.320151e14
3604,3.320151e14,8.317966,110.75203,3.320151e14
3605,3.320151e14,8.318034,110.79615,3.320151e14
3606,3.320151e14,8.318031,110.84081,3.320151e14
3607,3.320151e14,8.3180685,110.88449,3.320151e14
3608,3.320151e14,8.318179,110.92746,3.320151e14
3609,3.320151e14,8.318324,110.97057,3.320151e14
3610,3.320151e14,8.318539,111.01284,3.320151e14
3611,3.320151e14,8.318769,111.05459,3.320151e14
3612,3.320151e14,8.318942,111.09683,3.320151e14
3613,3.320151e14,8.319111,111.13876,3.320151e14
3614,3.320151e14,8.319284,111.18083,3.320151e14
3615,3.320151e14,8.319435,111.22381,3.320151e14
3616,3.320151e14,8.319603,111.26688,3.320151e14
3617,3.320151e14,8.319753,111.310295,3.320151e14
3618,3.320151e14,8.319838,111.35434,3.320151e14
3619,3.320151e14,8.319915,111.398285,3.320151e14
3620,3.320151e14,8.319992,111.4422,3.320151e14
3621,3.320151e14,8.320074,111.48642,3.320151e14
3622,3.320151e14,8.320202,111.53014,3.320151e14
3623,3.320151e14,8.320351,111.57366,3.320151e14
3624,3.320151e14,8.320488,111.61718,3.320151e14
3625,3.320151e14,8.320636,111.66021,3.320151e14
3626,3.320151e14,8.320783,111.70308,3.320151e14
3627,3.320151e14,8.320934,111.746185,3.320151e14
3628,3.320151e14,8.321114,111.78907,3.320151e14
3629,3.320151e14,8.32129,111.83206,3.320151e14
3630,3.320151e14,8.321442,111.87546,3.320151e14
3631,3.320151e14,8.321581,111.91879,3.320151e14
3632,3.320151e14,8.321698,111.96231,3.320151e14
3633,3.320151e14,8.321808,112.00616,3.320151e14
3634,3.320151e14,8.321933,112.049904,3.320151e14
3635,3.320151e14,8.322058,112.09374,3.320151e14
3636,3.320151e14,8.322179,112.13759,3.320151e14
3637,3.320151e14,8.322309,112.181244,3.320151e14
3638,3.320151e14,8.3224325,112.22479,3.320151e14
3639,3.320151e14,8.322561,112.26835,3.320151e14
3640,3.320151e14,8.322706,112.31159,3.320151e14
3641,3.320151e14,8.322861,112.35492,3.320151e14
3642,3.320151e14,8.323014,112.39819,3.320151e14
3643,3.320151e14,8.323167,112.44146,3.320151e14
3644,3.320151e14,8.32331,112.484726,3.320151e14
3645,3.320151e14,8.323444,112.528145,3.320151e14
3646,3.320151e14,8.323583,112.57153,3.320151e14
3647,3.320151e14,8.323716,112.61505,3.320151e14
3648,3.320151e14,8.323849,112.65863,3.320151e14
3649,3.320151e14,8.323978,112.70222,3.320151e14
3650,3.320151e14,8.324105,112.74583,3.320151e14
3651,3.320151e14,8.324226,112.78938,3.320151e14
3652,3.320151e14,8.324356,112.832855,3.320151e14
3653,3.320151e14,8.324489,112.87626,3.320151e14
3654,3.320151e14,8.324632,112.9197,3.320151e14
3655,3.320151e14,8.324774,112.96302,3.320151e14
3656,3.320151e14,8.324916,113.006355,3.320151e14
3657,3.320151e14,8.325053,113.04962,3.320151e14
3658,3.320151e14,8.32519,113.09288,3.320151e14
3659,3.320151e14,8.325333,113.13626,3.320151e14
3660,3.320151e14,8.325471,113.179565,3.320151e14
3661,3.320151e14,8.325609,113.22295,3.320151e14
3662,3.320151e14,8.325743,113.26632,3.320151e14
3663,3.320151e14,8.3258705,113.309746,3.320151e14
3664,3.320151e14,8.326002,113.35317,3.320151e14
3665,3.320151e14,8.326134,113.396576,3.320151e14
3666,3.320151e14,8.326266,113.44,3.320151e14
3667,3.320151e14,8.326403,113.4834,3.320151e14
3668,3.320151e14,8.326537,113.52677,3.320151e14
3669,3.320151e14,8.326671,113.57006,3.320151e14
3670,3.320151e14,8.326805,113.61337,3.320151e14
3671,3.320151e14,8.326942,113.65669,3.320151e14
3672,3.320151e14,8.327083,113.69997,3.320151e14
3673,3.320151e14,8.327222,113.74323,3.320151e14
3674,3.320151e14,8.327355,113.78654,3.320151e14
3675,3.320151e14,8.32749,113.82986,3.320151e14
3676,3.320151e14,8.327625,113.87319,3.320151e14
3677,3.320151e14,8.327758,113.916565,3.320151e14
3678,3.320151e14,8.327894,113.959915,3.320151e14
3679,3.320151e14,8.328026,114.00328,3.320151e14
3680,3.320151e14,8.32816,114.04662,3.320151e14
3681,3.320151e14,8.328293,114.08999,3.320151e14
3682,3.320151e14,8.328426,114.133316,3.320151e14
3683,3.320151e14,8.328558,114.176636,3.320151e14
3684,3.320151e14,8.328698,114.21995,3.320151e14
3685,3.320151e14,8.328832,114.26322,3.320151e14
3686,3.320151e14,8.328966,114.30655,3.320151e14
3687,3.320151e14,8.329101,114.34988,3.320151e14
3688,3.320151e14,8.32924,114.39323,3.320151e14
3689,3.320151e14,8.32937,114.43648,3.320151e14
3690,3.320151e14,8.329507,114.47982,3.320151e14
3691,3.320151e14,8.329643,114.52313,3.320151e14
3692,3.320151e14,8.329777,114.56646,3.320151e14
3693,3.320151e14,8.32991,114.60978,3.320151e14
3694,3.320151e14,8.330043,114.65309,3.320151e14
3695,3.320151e14,8.330176,114.69647,3.320151e14
3696,3.320151e14,8.330307,114.739815,3.320151e14
3697,3.320151e14,8.3304405,114.78313,3.320151e14
3698,3.320151e14,8.330578,114.82647,3.320151e14
3699,3.320151e14,8.330716,114.86977,3.320151e14
3700,3.320151e14,8.330849,114.913055,3.320151e14
3701,3.320151e14,8.330985,114.95638,3.320151e14
3702,3.320151e14,8.331117,114.99972,3.320151e14
3703,3.320151e14,8.331251,115.043,3.320151e14
3704,3.320151e14,8.3313875,115.086296,3.320151e14
3705,3.320151e14,8.331518,115.12964,3.320151e14
3706,3.320151e14,8.331657,115.17296,3.320151e14
3707,3.320151e14,8.331788,115.21628,3.320151e14
3708,3.320151e14,8.331923,115.25956,3.320151e14
3709,3.320151e14,8.332055,115.30291,3.320151e14
3710,3.320151e14,8.3321905,115.34618,3.320151e14
3711,3.320151e14,8.332326,115.38954,3.320151e14
3712,3.320151e14,8.3324585,115.43284,3.320151e14
3713,3.320151e14,8.332592,115.476166,3.320151e14
3714,3.320151e14,8.332724,115.51946,3.320151e14
3715,3.320151e14,8.332856,115.56272,3.320151e14
3716,3.320151e14,8.332992,115.60602,3.320151e14
3717,3.320151e14,8.333131,115.64929,3.320151e14
3718,3.320151e14,8.333262,115.69263,3.320151e14
3719,3.320151e14,8.333396,115.735954,3.320151e14
3720,3.320151e14,8.333527,115.77922,3.320151e14
3721,3.320151e14,8.33366,115.82255,3.320151e14
3722,3.320151e14,8.333796,115.86578,3.320151e14
3723,3.320151e14,8.333929,115.90916,3.320151e14
3724,3.320151e14,8.334064,115.952415,3.320151e14
3725,3.320151e14,8.334192,115.99572,3.320151e14
3726,3.320151e14,8.334326,116.03902,3.320151e14
3727,3.320151e14,8.334459,116.08231,3.320151e14
3728,3.320151e14,8.334595,116.1256,3.320151e14
3729,3.320151e14,8.334728,116.16888,3.320151e14
3730,3.320151e14,8.334865,116.21219,3.320151e14
3731,3.320151e14,8.334997,116.25546,3.320151e14
3732,3.320151e14,8.335129,116.298706,3.320151e14
3733,3.320151e14,8.335262,116.342026,3.320151e14
3734,3.320151e14,8.335393,116.38527,3.320151e14
3735,3.320151e14,8.335527,116.428604,3.320151e14
3736,3.320151e14,8.335663,116.471855,3.320151e14
3737,3.320151e14,8.335797,116.51515,3.320151e14
3738,3.320151e14,8.33593,116.558426,3.320151e14
3739,3.320151e14,8.336061,116.60174,3.320151e14
3740,3.320151e14,8.336192,116.645004,3.320151e14
3741,3.320151e14,8.336328,116.68829,3.320151e14
3742,3.320151e14,8.33646,116.731575,3.320151e14
3743,3.320151e14,8.336595,116.77481,3.320151e14
3744,3.320151e14,8.336724,116.81811,3.320151e14
3745,3.320151e14,8.336857,116.86136,3.320151e14
3746,3.320151e14,8.33699,116.904655,3.320151e14
3747,3.320151e14,8.337126,116.94794,3.320151e14
3748,3.320151e14,8.337259,116.9912,3.320151e14
3749,3.320151e14,8.337391,117.034454,3.320151e14
3750,3.320151e14,8.337525,117.07773,3.320151e14
3751,3.320151e14,8.337655,117.12102,3.320151e14
3752,3.320151e14,8.337787,117.16429,3.320151e14
3753,3.320151e14,8.337921,117.20756,3.320151e14
3754,3.320151e14,8.338055,117.25083,3.320151e14
3755,3.320151e14,8.338187,117.2941,3.320151e14
3756,3.320151e14,8.338318,117.337364,3.320151e14
3757,3.320151e14,8.3384495,117.38066,3.320151e14
3758,3.320151e14,8.338584,117.42388,3.320151e14
3759,3.320151e14,8.338718,117.46714,3.320151e14
3760,3.320151e14,8.33885,117.510445,3.320151e14
3761,3.320151e14,8.338984,117.55371,3.320151e14
3762,3.320151e14,8.339118,117.59695,3.320151e14
3763,3.320151e14,8.339247,117.640205,3.320151e14
3764,3.320151e14,8.339378,117.68344,3.320151e14
3765,3.320151e14,8.339511,117.726746,3.320151e14
3766,3.320151e14,8.339646,117.76998,3.320151e14
3767,3.320151e14,8.339777,117.81327,3.320151e14
3768,3.320151e14,8.339906,117.856544,3.320151e14
3769,3.320151e14,8.340036,117.89977,3.320151e14
3770,3.320151e14,8.34017,117.94303,3.320151e14
3771,3.320151e14,8.340306,117.98633,3.320151e14
3772,3.320151e14,8.340441,118.02957,3.320151e14
3773,3.320151e14,8.340573,118.07282,3.320151e14
3774,3.320151e14,8.340704,118.116104,3.320151e14
3775,3.320151e14,8.340834,118.15931,3.320151e14
3776,3.320151e14,8.340963,118.2026,3.320151e14
3777,3.320151e14,8.341098,118.24582,3.320151e14
3778,3.320151e14,8.341231,118.28909,3.320151e14
3779,3.320151e14,8.341361,118.33236,3.320151e14
3780,3.320151e14,8.3414955,118.3756,3.320151e14
3781,3.320151e14,8.341625,118.41885,3.320151e14
3782,3.320151e14,8.341759,118.46208,3.320151e14
3783,3.320151e14,8.341891,118.505356,3.320151e14
3784,3.320151e14,8.342023,118.548584,3.320151e14
3785,3.320151e14,8.3421545,118.59184,3.320151e14
3786,3.320151e14,8.342287,118.63507,3.320151e14
3787,3.320151e14,8.342418,118.67835,3.320151e14
3788,3.320151e14,8.34255,118.7216,3.320151e14
3789,3.320151e14,8.342682,118.76482,3.320151e14
3790,3.320151e14,8.342811,118.808075,3.320151e14
3791,3.320151e14,8.342944,118.85133,3.320151e14
3792,3.320151e14,8.343075,118.89456,3.320151e14
3793,3.320151e14,8.343208,118.93777,3.320151e14
3794,3.320151e14,8.343341,118.981026,3.320151e14
3795,3.320151e14,8.3434725,119.02431,3.320151e14
3796,3.320151e14,8.343603,119.06759,3.320151e14
3797,3.320151e14,8.343736,119.11075,3.320151e14
3798,3.320151e14,8.343867,119.15402,3.320151e14
3799,3.320151e14,8.343999,119.19727,3.320151e14
3800,3.320151e14,8.34413,119.24051,3.320151e14
3801,3.320151e14,8.344259,119.28375,3.320151e14
3802,3.320151e14,8.344391,119.326965,3.320151e14
3803,3.320151e14,8.3445215,119.37024,3.320151e14
3804,3.320151e14,8.344652,119.413445,3.320151e14
3805,3.320151e14,8.344788,119.45669,3.320151e14
3806,3.320151e14,8.344918,119.4999,3.320151e14
3807,3.320151e14,8.34505,119.5432,3.320151e14
3808,3.320151e14,8.34518,119.586365,3.320151e14
3809,3.320151e14,8.34531,119.62968,3.320151e14
3810,3.320151e14,8.345443,119.672905,3.320151e14
3811,3.320151e14,8.345576,119.716125,3.320151e14
3812,3.320151e14,8.345705,119.75941,3.320151e14
3813,3.320151e14,8.345837,119.80263,3.320151e14
3814,3.320151e14,8.345967,119.84581,3.320151e14
3815,3.320151e14,8.346098,119.8891,3.320151e14
3816,3.320151e14,8.34623,119.932274,3.320151e14
3817,3.320151e14,8.346364,119.97556,3.320151e14
3818,3.320151e14,8.34633,120.01923,3.320151e14
3819,3.320151e14,8.346093,120.06696,3.320151e14
3820,3.320151e14,8.34604,120.11266,3.320151e14
3821,3.320151e14,8.34606,120.15908,3.320151e14
3822,3.320151e14,8.346063,120.20585,3.320151e14
3823,3.320151e14,8.346163,120.2487,3.320151e14
3824,3.320151e14,8.346173,120.291885,3.320151e14
3825,3.320151e14,8.3462925,120.33333,3.320151e14
3826,3.320151e14,8.346607,120.37254,3.320151e14
3827,3.320151e14,8.346939,120.413315,3.320151e14
3828,3.320151e14,8.34733,120.45261,3.320151e14
3829,3.320151e14,8.347611,120.492645,3.320151e14
3830,3.320151e14,8.347718,120.53462,3.320151e14
3831,3.320151e14,8.347845,120.5759,3.320151e14
3832,3.320151e14,8.347917,120.619484,3.320151e14
3833,3.320151e14,8.348006,120.663795,3.320151e14
3834,3.320151e14,8.34811,120.70756,3.320151e14
3835,3.320151e14,8.348109,120.752625,3.320151e14
3836,3.320151e14,8.348123,120.796425,3.320151e14
3837,3.320151e14,8.348165,120.83967,3.320151e14
3838,3.320151e14,8.348265,120.88306,3.320151e14
3839,3.320151e14,8.348496,120.924675,3.320151e14
3840,3.320151e14,8.348724,120.96665,3.320151e14
3841,3.320151e14,8.348934,121.008316,3.320151e14
3842,3.320151e14,8.349142,121.04928,3.320151e14
3843,3.320151e14,8.349297,121.09138,3.320151e14
3844,3.320151e14,8.349492,121.13339,3.320151e14
3845,3.320151e14,8.349681,121.17603,3.320151e14
3846,3.320151e14,8.349816,121.219696,3.320151e14
3847,3.320151e14,8.349935,121.26304,3.320151e14
3848,3.320151e14,8.349992,121.3071,3.320151e14
3849,3.320151e14,8.350043,121.35129,3.320151e14
3850,3.320151e14,8.350155,121.39486,3.320151e14
3851,3.320151e14,8.350275,121.4389,3.320151e14
3852,3.320151e14,8.350435,121.482155,3.320151e14
3853,3.320151e14,8.350588,121.52512,3.320151e14
3854,3.320151e14,8.350728,121.56819,3.320151e14
3855,3.320151e14,8.350901,121.61055,3.320151e14
3856,3.320151e14,8.351081,121.65329,3.320151e14
3857,3.320151e14,8.35127,121.69614,3.320151e14
3858,3.320151e14,8.351463,121.73885,3.320151e14
3859,3.320151e14,8.351604,121.78225,3.320151e14
3860,3.320151e14,8.351732,121.82557,3.320151e14
3861,3.320151e14,8.351848,121.869095,3.320151e14
3862,3.320151e14,8.351963,121.91304,3.320151e14
3863,3.320151e14,8.352098,121.95667,3.320151e14
3864,3.320151e14,8.35223,122.00048,3.320151e14
3865,3.320151e14,8.352352,122.04414,3.320151e14
3866,3.320151e14,8.352484,122.08746,3.320151e14
3867,3.320151e14,8.352618,122.13091,3.320151e14
3868,3.320151e14,8.352775,122.17396,3.320151e14
3869,3.320151e14,8.352946,122.21705,3.320151e14
3870,3.320151e14,8.353111,122.26021,3.320151e14
3871,3.320151e14,8.353277,122.30313,3.320151e14
3872,3.320151e14,8.353416,122.34634,3.320151e14
3873,3.320151e14,8.353562,122.38958,3.320151e14
3874,3.320151e14,8.353706,122.432884,3.320151e14
3875,3.320151e14,8.353846,122.47644,3.320151e14
3876,3.320151e14,8.353988,122.51976,3.320151e14
3877,3.320151e14,8.354115,122.563324,3.320151e14
3878,3.320151e14,8.354239,122.60683,3.320151e14
3879,3.320151e14,8.354374,122.650116,3.320151e14
3880,3.320151e14,8.354511,122.693535,3.320151e14
3881,3.320151e14,8.354664,122.736725,3.320151e14
3882,3.320151e14,8.354814,122.77988,3.320151e14
3883,3.320151e14,8.3549595,122.82306,3.320151e14
3884,3.320151e14,8.355114,122.866035,3.320151e14
3885,3.320151e14,8.355255,122.9092,3.320151e14
3886,3.320151e14,8.355407,122.95239,3.320151e14
3887,3.320151e14,8.355556,122.99556,3.320151e14
3888,3.320151e14,8.355695,123.03882,3.320151e14
3889,3.320151e14,8.355837,123.082054,3.320151e14
3890,3.320151e14,8.35597,123.12536,3.320151e14
3891,3.320151e14,8.356102,123.1687,3.320151e14
3892,3.320151e14,8.356244,123.211945,3.320151e14
3893,3.320151e14,8.356381,123.25526,3.320151e14
3894,3.320151e14,8.356524,123.298454,3.320151e14
3895,3.320151e14,8.3566675,123.341644,3.320151e14
3896,3.320151e14,8.356806,123.38482,3.320151e14
3897,3.320151e14,8.356951,123.42786,3.320151e14
3898,3.320151e14,8.3571005,123.47105,3.320151e14
3899,3.320151e14,8.357249,123.51419,3.320151e14
3900,3.320151e14,8.357393,123.55726,3.320151e14
3901,3.320151e14,8.357533,123.60052,3.320151e14
3902,3.320151e14,8.357674,123.64368,3.320151e14
3903,3.320151e14,8.357813,123.68688,3.320151e14
3904,3.320151e14,8.357955,123.73019,3.320151e14
3905,3.320151e14,8.358097,123.77337,3.320151e14
3906,3.320151e14,8.358234,123.81663,3.320151e14
3907,3.320151e14,8.358376,123.859825,3.320151e14
3908,3.320151e14,8.358512,123.903145,3.320151e14
3909,3.320151e14,8.358652,123.94626,3.320151e14
3910,3.320151e14,8.3588,123.98943,3.320151e14
3911,3.320151e14,8.358943,124.032646,3.320151e14
3912,3.320151e14,8.359088,124.075745,3.320151e14
3913,3.320151e14,8.359227,124.118996,3.320151e14
3914,3.320151e14,8.359369,124.162186,3.320151e14
3915,3.320151e14,8.35951,124.20536,3.320151e14
3916,3.320151e14,8.359656,124.24854,3.320151e14
3917,3.320151e14,8.3598,124.29177,3.320151e14
3918,3.320151e14,8.35994,124.33508,3.320151e14
3919,3.320151e14,8.360083,124.37829,3.320151e14
3920,3.320151e14,8.36003,124.42198,3.320151e14
3921,3.320151e14,8.359775,124.470276,3.320151e14
3922,3.320151e14,8.359739,124.515495,3.320151e14
3923,3.320151e14,8.359731,124.56283,3.320151e14
3924,3.320151e14,8.359766,124.608826,3.320151e14
3925,3.320151e14,8.359852,124.65149,3.320151e14
3926,3.320151e14,8.359853,124.69513,3.320151e14
3927,3.320151e14,8.360069,124.73476,3.320151e14
3928,3.320151e14,8.360392,124.77484,3.320151e14
3929,3.320151e14,8.360787,124.81491,3.320151e14
3930,3.320151e14,8.361207,124.85346,3.320151e14
3931,3.320151e14,8.361405,124.89493,3.320151e14
3932,3.320151e14,8.361556,124.935616,3.320151e14
3933,3.320151e14,8.3616495,124.978096,3.320151e14
3934,3.320151e14,8.361726,125.02237,3.320151e14
3935,3.320151e14,8.361857,125.06583,3.320151e14
3936,3.320151e14,8.3618765,125.11116,3.320151e14
3937,3.320151e14,8.361891,125.155106,3.320151e14
3938,3.320151e14,8.361904,125.19877,3.320151e14
3939,3.320151e14,8.36197,125.24246,3.320151e14
3940,3.320151e14,8.362187,125.28416,3.320151e14
3941,3.320151e14,8.362418,125.32652,3.320151e14
3942,3.320151e14,8.362676,125.36768,3.320151e14
3943,3.320151e14,8.362897,125.40878,3.320151e14
3944,3.320151e14,8.36307,125.450714,3.320151e14
3945,3.320151e14,8.363288,125.492065,3.320151e14
3946,3.320151e14,8.363477,125.535034,3.320151e14
3947,3.320151e14,8.363653,125.578156,3.320151e14
3948,3.320151e14,8.363776,125.62161,3.320151e14
3949,3.320151e14,8.36383,125.666046,3.320151e14
3950,3.320151e14,8.363906,125.709694,3.320151e14
3951,3.320151e14,8.363991,125.754074,3.320151e14
3952,3.320151e14,8.364133,125.79782,3.320151e14
3953,3.320151e14,8.3643,125.84112,3.320151e14
3954,3.320151e14,8.3644495,125.8845,3.320151e14
3955,3.320151e14,8.364627,125.926926,3.320151e14
3956,3.320151e14,8.364698,125.96993,3.320151e14
3957,3.320151e14,8.364783,126.014725,3.320151e14
3958,3.320151e14,8.364891,126.058624,3.320151e14
3959,3.320151e14,8.36506,126.103386,3.320151e14
3960,3.320151e14,8.365299,126.146736,3.320151e14
3961,3.320151e14,8.3653965,126.19003,3.320151e14
3962,3.320151e14,8.36546,126.234276,3.320151e14
3963,3.320151e14,8.365511,126.27705,3.320151e14
3964,3.320151e14,8.365519,126.32079,3.320151e14
3965,3.320151e14,8.36568,126.3644,3.320151e14
3966,3.320151e14,8.365875,126.40703,3.320151e14
3967,3.320151e14,8.36604,126.44927,3.320151e14
3968,3.320151e14,8.366149,126.49229,3.320151e14
3969,3.320151e14,8.366203,126.53653,3.320151e14
3970,3.320151e14,8.366351,126.57797,3.320151e14
3971,3.320151e14,8.366497,126.619934,3.320151e14
3972,3.320151e14,8.366606,126.663216,3.320151e14
3973,3.320151e14,8.366764,126.70541,3.320151e14
3974,3.320151e14,8.366949,126.74712,3.320151e14
3975,3.320151e14,8.3671465,126.78834,3.320151e14
3976,3.320151e14,8.367272,126.8309,3.320151e14
3977,3.320151e14,8.36741,126.87252,3.320151e14
3978,3.320151e14,8.367577,126.91303,3.320151e14
3979,3.320151e14,8.367711,126.95486,3.320151e14
3980,3.320151e14,8.367882,126.99679,3.320151e14
3981,3.320151e14,8.368083,127.03851,3.320151e14
3982,3.320151e14,8.368285,127.079796,3.320151e14
3983,3.320151e14,8.36844,127.121826,3.320151e14
3984,3.320151e14,8.368551,127.164566,3.320151e14
3985,3.320151e14,8.368701,127.20622,3.320151e14
3986,3.320151e14,8.368847,127.2485,3.320151e14
3987,3.320151e14,8.368992,127.2915,3.320151e14
3988,3.320151e14,8.369146,127.33441,3.320151e14
3989,3.320151e14,8.369303,127.37698,3.320151e14
3990,3.320151e14,8.369449,127.41954,3.320151e14
3991,3.320151e14,8.369562,127.46274,3.320151e14
3992,3.320151e14,8.369703,127.50543,3.320151e14
3993,3.320151e14,8.369864,127.54772,3.320151e14
3994,3.320151e14,8.370021,127.59047,3.320151e14
3995,3.320151e14,8.37019,127.633194,3.320151e14
3996,3.320151e14,8.370359,127.67583,3.320151e14
3997,3.320151e14,8.3705435,127.71812,3.320151e14
3998,3.320151e14,8.370706,127.76089,3.320151e14
3999,3.320151e14,8.370859,127.80398,3.320151e14
4000,3.320151e14,8.371024,127.8465,3.320151e14
4001,3.320151e14,8.371176,127.8896,3.320151e14
4002,3.320151e14,8.371328,127.93287,3.320151e14
4003,3.320151e14,8.371483,127.97626,3.320151e14
4004,3.320151e14,8.371644,128.01952,3.320151e14
4005,3.320151e14,8.371797,128.06279,3.320151e14
4006,3.320151e14,8.37193,128.10645,3.320151e14
4007,3.320151e14,8.372073,128.1497,3.320151e14
4008,3.320151e14,8.372227,128.19302,3.320151e14
4009,3.320151e14,8.372387,128.23636,3.320151e14
4010,3.320151e14,8.37255,128.2798,3.320151e14
4011,3.320151e14,8.372715,128.32304,3.320151e14
4012,3.320151e14,8.372882,128.36615,3.320151e14
4013,3.320151e14,8.373034,128.40953,3.320151e14
4014,3.320151e14,8.373192,128.45284,3.320151e14
4015,3.320151e14,8.373353,128.49602,3.320151e14
4016,3.320151e14,8.373515,128.53934,3.320151e14
4017,3.320151e14,8.373676,128.58275,3.320151e14
4018,3.320151e14,8.37383,128.62627,3.320151e14
4019,3.320151e14,8.373992,128.66963,3.320151e14
4020,3.320151e14,8.374143,128.7131,3.320151e14
4021,3.320151e14,8.374292,128.75665,3.320151e14
4022,3.320151e14,8.374449,128.80002,3.320151e14
4023,3.320151e14,8.374603,128.84346,3.320151e14
4024,3.320151e14,8.37476,128.88689,3.320151e14
4025,3.320151e14,8.374916,128.93045,3.320151e14
4026,3.320151e14,8.375074,128.97379,3.320151e14
4027,3.320151e14,8.375235,129.01717,3.320151e14
4028,3.320151e14,8.375389,129.06056,3.320151e14
4029,3.320151e14,8.375544,129.10394,3.320151e14
4030,3.320151e14,8.375702,129.14728,3.320151e14
4031,3.320151e14,8.375858,129.1906,3.320151e14
4032,3.320151e14,8.376017,129.23405,3.320151e14
4033,3.320151e14,8.376177,129.27736,3.320151e14
4034,3.320151e14,8.376333,129.3207,3.320151e14
4035,3.320151e14,8.376489,129.36407,3.320151e14
4036,3.320151e14,8.376643,129.40744,3.320151e14
4037,3.320151e14,8.376798,129.45082,3.320151e14
4038,3.320151e14,8.376954,129.49416,3.320151e14
4039,3.320151e14,8.3771105,129.53752,3.320151e14
4040,3.320151e14,8.37727,129.58092,3.320151e14
4041,3.320151e14,8.377424,129.6242,3.320151e14
4042,3.320151e14,8.377579,129.66759,3.320151e14
4043,3.320151e14,8.377732,129.71092,3.320151e14
4044,3.320151e14,8.377885,129.75429,3.320151e14
4045,3.320151e14,8.378046,129.79756,3.320151e14
4046,3.320151e14,8.378197,129.84093,3.320151e14
4047,3.320151e14,8.378358,129.88426,3.320151e14
4048,3.320151e14,8.378511,129.92757,3.320151e14
4049,3.320151e14,8.378668,129.97083,3.320151e14
4050,3.320151e14,8.378822,130.01422,3.320151e14
4051,3.320151e14,8.378978,130.05748,3.320151e14
4052,3.320151e14,8.379133,130.10077,3.320151e14
4053,3.320151e14,8.37929,130.14404,3.320151e14
4054,3.320151e14,8.379446,130.18744,3.320151e14
4055,3.320151e14,8.379601,130.23073,3.320151e14
4056,3.320151e14,8.379756,130.27399,3.320151e14
4057,3.320151e14,8.37991,130.31738,3.320151e14
4058,3.320151e14,8.380064,130.36072,3.320151e14
4059,3.320151e14,8.3802185,130.40404,3.320151e14
4060,3.320151e14,8.380372,130.44736,3.320151e14
4061,3.320151e14,8.38053,130.49063,3.320151e14
4062,3.320151e14,8.380684,130.53397,3.320151e14
4063,3.320151e14,8.380841,130.57729,3.320151e14
4064,3.320151e14,8.380993,130.62062,3.320151e14
4065,3.320151e14,8.381147,130.66393,3.320151e14
4066,3.320151e14,8.381302,130.70728,3.320151e14
4067,3.320151e14,8.381456,130.75056,3.320151e14
4068,3.320151e14,8.381613,130.79388,3.320151e14
4069,3.320151e14,8.381768,130.8372,3.320151e14
4070,3.320151e14,8.381922,130.88057,3.320151e14
4071,3.320151e14,8.382076,130.92386,3.320151e14
4072,3.320151e14,8.38223,130.96725,3.320151e14
4073,3.320151e14,8.382386,131.01062,3.320151e14
4074,3.320151e14,8.382538,131.05394,3.320151e14
4075,3.320151e14,8.382692,131.09727,3.320151e14
4076,3.320151e14,8.382848,131.14061,3.320151e14
4077,3.320151e14,8.383003,131.18399,3.320151e14
4078,3.320151e14,8.383155,131.22734,3.320151e14
4079,3.320151e14,8.383311,131.27068,3.320151e14
4080,3.320151e14,8.383463,131.31406,3.320151e14
4081,3.320151e14,8.383617,131.3574,3.320151e14
4082,3.320151e14,8.383773,131.40077,3.320151e14
4083,3.320151e14,8.383925,131.44414,3.320151e14
4084,3.320151e14,8.384081,131.48749,3.320151e14
4085,3.320151e14,8.384234,131.53093,3.320151e14
4086,3.320151e14,8.384388,131.57425,3.320151e14
4087,3.320151e14,8.384542,131.61766,3.320151e14
4088,3.320151e14,8.384697,131.66101,3.320151e14
4089,3.320151e14,8.384851,131.70436,3.320151e14
4090,3.320151e14,8.385006,131.74776,3.320151e14
4091,3.320151e14,8.385158,131.79115,3.320151e14
4092,3.320151e14,8.38531,131.83455,3.320151e14
4093,3.320151e14,8.385465,131.87798,3.320151e14
4094,3.320151e14,8.385619,131.92133,3.320151e14
4095,3.320151e14,8.385772,131.96475,3.320151e14
4096,3.320151e14,8.385924,132.00809,3.320151e14
4097,3.320151e14,8.386079,132.05154,3.320151e14
4098,3.320151e14,8.386232,132.09494,3.320151e14
4099,3.320151e14,8.386384,132.1383,3.320151e14
4100,3.320151e14,8.386538,132.1817,3.320151e14
4101,3.320151e14,8.386691,132.22514,3.320151e14
4102,3.320151e14,8.386845,132.2686,3.320151e14
4103,3.320151e14,8.386999,132.31192,3.320151e14
4104,3.320151e14,8.38715,132.35542,3.320151e14
4105,3.320151e14,8.387304,132.39877,3.320151e14
4106,3.320151e14,8.387455,132.44223,3.320151e14
4107,3.320151e14,8.387613,132.48557,3.320151e14
4108,3.320151e14,8.387761,132.52913,3.320151e14
4109,3.320151e14,8.387918,132.57248,3.320151e14
4110,3.320151e14,8.388065,132.61595,3.320151e14
4111,3.320151e14,8.388222,132.65935,3.320151e14
4112,3.320151e14,8.388374,132.70282,3.320151e14
4113,3.320151e14,8.388524,132.74626,3.320151e14
4114,3.320151e14,8.388679,132.7896,3.320151e14
4115,3.320151e14,8.388828,132.83318,3.320151e14
4116,3.320151e14,8.388986,132.87654,3.320151e14
4117,3.320151e14,8.3891325,132.92007,3.320151e14
4118,3.320151e14,8.389291,132.96342,3.320151e14
4119,3.320151e14,8.389438,133.00694,3.320151e14
4120,3.320151e14,8.389593,133.05028,3.320151e14
4121,3.320151e14,8.389743,133.09381,3.320151e14
4122,3.320151e14,8.389896,133.13725,3.320151e14
4123,3.320151e14,8.390048,133.18076,3.320151e14
4124,3.320151e14,8.390199,133.22426,3.320151e14
4125,3.320151e14,8.390352,133.26764,3.320151e14
4126,3.320151e14,8.390499,133.31119,3.320151e14
4127,3.320151e14,8.3906555,133.35455,3.320151e14
4128,3.320151e14,8.390802,133.39816,3.320151e14
4129,3.320151e14,8.390961,133.44145,3.320151e14
4130,3.320151e14,8.391107,133.48509,3.320151e14
4131,3.320151e14,8.391262,133.52846,3.320151e14
4132,3.320151e14,8.391409,133.57202,3.320151e14
4133,3.320151e14,8.391564,133.6155,3.320151e14
4134,3.320151e14,8.391713,133.659,3.320151e14
4135,3.320151e14,8.391864,133.70251,3.320151e14
4136,3.320151e14,8.392013,133.74597,3.320151e14
4137,3.320151e14,8.392164,133.78954,3.320151e14
4138,3.320151e14,8.392317,133.83295,3.320151e14
4139,3.320151e14,8.392467,133.87651,3.320151e14
4140,3.320151e14,8.392618,133.91992,3.320151e14
4141,3.320151e14,8.392765,133.96355,3.320151e14
4142,3.320151e14,8.3929205,134.00693,3.320151e14
4143,3.320151e14,8.393067,134.05057,3.320151e14
4144,3.320151e14,8.393224,134.09398,3.320151e14
4145,3.320151e14,8.393367,134.13765,3.320151e14
4146,3.320151e14,8.393519,134.18102,3.320151e14
4147,3.320151e14,8.393666,134.22467,3.320151e14
4148,3.320151e14,8.393817,134.26813,3.320151e14
4149,3.320151e14,8.393965,134.31175,3.320151e14
4150,3.320151e14,8.39412,134.35518,3.320151e14
4151,3.320151e14,8.394264,134.39876,3.320151e14
4152,3.320151e14,8.394416,134.44225,3.320151e14
4153,3.320151e14,8.394562,134.48592,3.320151e14
4154,3.320151e14,8.394713,134.5293,3.320151e14
4155,3.320151e14,8.394858,134.57304,3.320151e14
4156,3.320151e14,8.395012,134.61644,3.320151e14
4157,3.320151e14,8.395157,134.66011,3.320151e14
4158,3.320151e14,8.395309,134.70352,3.320151e14
4159,3.320151e14,8.3954525,134.74724,3.320151e14
4160,3.320151e14,8.395607,134.79066,3.320151e14
4161,3.320151e14,8.395751,134.83434,3.320151e14
4162,3.320151e14,8.395904,134.87782,3.320151e14
4163,3.320151e14,8.396047,134.92151,3.320151e14
4164,3.320151e14,8.396198,134.96498,3.320151e14
4165,3.320151e14,8.396339,135.0087,3.320151e14
4166,3.320151e14,8.396493,135.05212,3.320151e14
4167,3.320151e14,8.396634,135.09584,3.320151e14
4168,3.320151e14,8.396789,135.13928,3.320151e14
4169,3.320151e14,8.396946,135.18307,3.320151e14
4170,3.320151e14,8.396611,135.22768,3.320151e14
4171,3.320151e14,8.396391,135.28374,3.320151e14
4172,3.320151e14,8.396738,135.31557,3.320151e14
4173,3.320151e14,8.396168,135.39236,3.320151e14
4174,3.320151e14,8.397339,135.39775,3.320151e14
4175,3.320151e14,8.395786,135.50093,3.320151e14
4176,3.320151e14,8.398107,135.47522,3.320151e14
4177,3.320151e14,8.396029,135.5867,3.320151e14
4178,3.320151e14,8.39852,135.55959,3.320151e14
4179,3.320151e14,8.397707,135.62962,3.320151e14
4180,3.320151e14,8.397845,135.66774,3.320151e14
4181,3.320151e14,8.398563,135.68674,3.320151e14
4182,3.320151e14,8.397262,135.78058,3.320151e14
4183,3.320151e14,8.399218,135.77252,3.320151e14
4184,3.320151e14,8.398257,135.84825,3.320151e14
4185,3.320151e14,8.398407,135.8815,3.320151e14
4186,3.320151e14,8.398632,135.91017,3.320151e14
4187,3.320151e14,8.39713,135.99359,3.320151e14
4188,3.320151e14,8.398554,136.00314,3.320151e14
4189,3.320151e14,8.398144,136.0653,3.320151e14
4190,3.320151e14,8.398029,136.11508,3.320151e14
4191,3.320151e14,8.398837,136.1336,3.320151e14
4192,3.320151e14,8.39776,136.20338,3.320151e14
4193,3.320151e14,8.398834,136.2215,3.320151e14
4194,3.320151e14,8.39932,136.26303,3.320151e14
4195,3.320151e14,8.399258,136.31906,3.320151e14
4196,3.320151e14,8.400373,136.33572,3.320151e14
4197,3.320151e14,8.399657,136.39583,3.320151e14
4198,3.320151e14,8.399903,136.43169,3.320151e14
4199,3.320151e14,8.40039,136.46686,3.320151e14
4200,3.320151e14,8.39993,136.53024,3.320151e14
4201,3.320151e14,8.400696,136.55714,3.320151e14
4202,3.320151e14,8.400342,136.60956,3.320151e14
4203,3.320151e14,8.400097,136.65816,3.320151e14
4204,3.320151e14,8.400646,136.68877,3.320151e14
4205,3.320151e14,8.400333,136.74663,3.320151e14
4206,3.320151e14,8.401004,136.77979,3.320151e14
4207,3.320151e14,8.401296,136.82108,3.320151e14
4208,3.320151e14,8.401111,136.87225,3.320151e14
4209,3.320151e14,8.401717,136.90176,3.320151e14
4210,3.320151e14,8.401586,136.95305,3.320151e14
4211,3.320151e14,8.401917,136.9945,3.320151e14
4212,3.320151e14,8.4023695,137.0325,3.320151e14
4213,3.320151e14,8.402115,137.08646,3.320151e14
4214,3.320151e14,8.402453,137.12233,3.320151e14
4215,3.320151e14,8.402358,137.17014,3.320151e14
4216,3.320151e14,8.40236,137.21788,3.320151e14
4217,3.320151e14,8.402811,137.25517,3.320151e14
4218,3.320151e14,8.402698,137.30685,3.320151e14
4219,3.320151e14,8.402978,137.34624,3.320151e14
4220,3.320151e14,8.403126,137.38853,3.320151e14
4221,3.320151e14,8.403102,137.4367,3.320151e14
4222,3.320151e14,8.403565,137.4733,3.320151e14
4223,3.320151e14,8.403636,137.52087,3.320151e14
4224,3.320151e14,8.403853,137.5633,3.320151e14
4225,3.320151e14,8.404093,137.60376,3.320151e14
4226,3.320151e14,8.404003,137.65231,3.320151e14
4227,3.320151e14,8.404286,137.69167,3.320151e14
4228,3.320151e14,8.404362,137.73758,3.320151e14
4229,3.320151e14,8.404454,137.78299,3.320151e14
4230,3.320151e14,8.404694,137.82333,3.320151e14
4231,3.320151e14,8.404624,137.871,3.320151e14
4232,3.320151e14,8.404813,137.91202,3.320151e14
4233,3.320151e14,8.404953,137.95535,3.320151e14
4234,3.320151e14,8.405041,138.00072,3.320151e14
4235,3.320151e14,8.405325,138.04048,3.320151e14
4236,3.320151e14,8.40536,138.08603,3.320151e14
4237,3.320151e14,8.405512,138.12788,3.320151e14
4238,3.320151e14,8.405673,138.16985,3.320151e14
4239,3.320151e14,8.405722,138.21526,3.320151e14
4240,3.320151e14,8.405952,138.25592,3.320151e14
4241,3.320151e14,8.406008,138.30069,3.320151e14
4242,3.320151e14,8.406094,138.34406,3.320151e14
4243,3.320151e14,8.406226,138.38605,3.320151e14
4244,3.320151e14,8.406241,138.43143,3.320151e14
4245,3.320151e14,8.406418,138.47319,3.320151e14
4246,3.320151e14,8.406508,138.51723,3.320151e14
4247,3.320151e14,8.406593,138.56116,3.320151e14
4248,3.320151e14,8.406746,138.6031,3.320151e14
4249,3.320151e14,8.406791,138.6481,3.320151e14
4250,3.320151e14,8.406947,138.69064,3.320151e14
4251,3.320151e14,8.407066,138.73451,3.320151e14
4252,3.320151e14,8.407155,138.77936,3.320151e14
4253,3.320151e14,8.407304,138.8224,3.320151e14
4254,3.320151e14,8.407355,138.86821,3.320151e14
4255,3.320151e14,8.407476,138.91252,3.320151e14
4256,3.320151e14,8.407591,138.95764,3.320151e14
4257,3.320151e14,8.407672,139.00389,3.320151e14
4258,3.320151e14,8.407819,139.04881,3.320151e14
4259,3.320151e14,8.407893,139.09584,3.320151e14
4260,3.320151e14,8.408014,139.14198,3.320151e14
4261,3.320151e14,8.408151,139.18857,3.320151e14
4262,3.320151e14,8.408258,139.23639,3.320151e14
4263,3.320151e14,8.408426,139.28313,3.320151e14
4264,3.320151e14,8.408541,139.33159,3.320151e14
4265,3.320151e14,8.408683,139.37964,3.320151e14
4266,3.320151e14,8.408831,139.42786,3.320151e14
4267,3.320151e14,8.408957,139.4774,3.320151e14
4268,3.320151e14,8.40913,139.5261,3.320151e14
4269,3.320151e14,8.409268,139.57602,3.320151e14
4270,3.320151e14,8.409421,139.62575,3.320151e14
4271,3.320151e14,8.409581,139.67552,3.320151e14
4272,3.320151e14,8.409725,139.72617,3.320151e14
4273,3.320151e14,8.409906,139.77606,3.320151e14
4274,3.320151e14,8.410069,139.8267,3.320151e14
4275,3.320151e14,8.410244,139.87714,3.320151e14
4276,3.320151e14,8.410425,139.92734,3.320151e14
4277,3.320151e14,8.41059,139.97823,3.320151e14
4278,3.320151e14,8.410783,140.02832,3.320151e14
4279,3.320151e14,8.410958,140.07896,3.320151e14
4280,3.320151e14,8.411142,140.12921,3.320151e14
4281,3.320151e14,8.411329,140.17928,3.320151e14
4282,3.320151e14,8.411502,140.22958,3.320151e14
4283,3.320151e14,8.411694,140.27917,3.320151e14
4284,3.320151e14,8.411869,140.32901,3.320151e14
4285,3.320151e14,8.412053,140.37845,3.320151e14
4286,3.320151e14,8.41224,140.42755,3.320151e14
4287,3.320151e14,8.412415,140.47665,3.320151e14
4288,3.320151e14,8.412606,140.5251,3.320151e14
4289,3.320151e14,8.412782,140.57358,3.320151e14
4290,3.320151e14,8.412965,140.62161,3.320151e14
4291,3.320151e14,8.413153,140.66934,3.320151e14
4292,3.320151e14,8.413325,140.71698,3.320151e14
4293,3.320151e14,8.413512,140.76404,3.320151e14
4294,3.320151e14,8.413685,140.81099,3.320151e14
4295,3.320151e14,8.413862,140.85768,3.320151e14
4296,3.320151e14,8.41404,140.90408,3.320151e14
4297,3.320151e14,8.414207,140.95032,3.320151e14
4298,3.320151e14,8.414384,140.99612,3.320151e14
4299,3.320151e14,8.414552,141.04187,3.320151e14
4300,3.320151e14,8.414722,141.08728,3.320151e14
4301,3.320151e14,8.414894,141.13248,3.320151e14
4302,3.320151e14,8.415064,141.17755,3.320151e14
4303,3.320151e14,8.4152355,141.2224,3.320151e14
4304,3.320151e14,8.415399,141.26704,3.320151e14
4305,3.320151e14,8.415569,141.31161,3.320151e14
4306,3.320151e14,8.415736,141.35603,3.320151e14
4307,3.320151e14,8.415902,141.4004,3.320151e14
4308,3.320151e14,8.416069,141.44455,3.320151e14
4309,3.320151e14,8.416232,141.48877,3.320151e14
4310,3.320151e14,8.416398,141.53287,3.320151e14
4311,3.320151e14,8.416557,141.57684,3.320151e14
4312,3.320151e14,8.416723,141.62083,3.320151e14
4313,3.320151e14,8.416894,141.66478,3.320151e14
4314,3.320151e14,8.417056,141.70872,3.320151e14
4315,3.320151e14,8.417219,141.75258,3.320151e14
4316,3.320151e14,8.417385,141.79659,3.320151e14
4317,3.320151e14,8.417548,141.84047,3.320151e14
4318,3.320151e14,8.417713,141.88445,3.320151e14
4319,3.320151e14,8.41788,141.92845,3.320151e14
4320,3.320151e14,8.418048,141.97247,3.320151e14
4321,3.320151e14,8.418214,142.01642,3.320151e14
4322,3.320151e14,8.418378,142.06053,3.320151e14
4323,3.320151e14,8.418544,142.10463,3.320151e14
4324,3.320151e14,8.418713,142.1488,3.320151e14
4325,3.320151e14,8.418881,142.19295,3.320151e14
4326,3.320151e14,8.419047,142.23721,3.320151e14
4327,3.320151e14,8.419212,142.28151,3.320151e14
4328,3.320151e14,8.419381,142.32578,3.320151e14
4329,3.320151e14,8.419549,142.37025,3.320151e14
4330,3.320151e14,8.41972,142.41458,3.320151e14
4331,3.320151e14,8.419891,142.45905,3.320151e14
4332,3.320151e14,8.420061,142.50348,3.320151e14
4333,3.320151e14,8.420228,142.54799,3.320151e14
4334,3.320151e14,8.420394,142.59254,3.320151e14
4335,3.320151e14,8.420567,142.6371,3.320151e14
4336,3.320151e14,8.420737,142.68172,3.320151e14
4337,3.320151e14,8.42091,142.72636,3.320151e14
4338,3.320151e14,8.421078,142.77101,3.320151e14
4339,3.320151e14,8.421242,142.81569,3.320151e14
4340,3.320151e14,8.421415,142.86035,3.320151e14
4341,3.320151e14,8.421586,142.90506,3.320151e14
4342,3.320151e14,8.421759,142.94974,3.320151e14
4343,3.320151e14,8.42193,142.99443,3.320151e14
4344,3.320151e14,8.422098,143.03912,3.320151e14
4345,3.320151e14,8.422268,143.0839,3.320151e14
4346,3.320151e14,8.422439,143.12862,3.320151e14
4347,3.320151e14,8.422609,143.17331,3.320151e14
4348,3.320151e14,8.422779,143.21806,3.320151e14
4349,3.320151e14,8.422948,143.26282,3.320151e14
4350,3.320151e14,8.423117,143.30753,3.320151e14
4351,3.320151e14,8.423289,143.35226,3.320151e14
4352,3.320151e14,8.423462,143.39691,3.320151e14
4353,3.320151e14,8.42363,143.44168,3.320151e14
4354,3.320151e14,8.423799,143.48636,3.320151e14
4355,3.320151e14,8.423968,143.53107,3.320151e14
4356,3.320151e14,8.424139,143.57573,3.320151e14
4357,3.320151e14,8.424311,143.62042,3.320151e14
4358,3.320151e14,8.424479,143.6651,3.320151e14
4359,3.320151e14,8.424645,143.70978,3.320151e14
4360,3.320151e14,8.424817,143.75452,3.320151e14
4361,3.320151e14,8.424985,143.79918,3.320151e14
4362,3.320151e14,8.425155,143.84378,3.320151e14
4363,3.320151e14,8.425324,143.88846,3.320151e14
4364,3.320151e14,8.425494,143.93306,3.320151e14
4365,3.320151e14,8.425663,143.97775,3.320151e14
4366,3.320151e14,8.425833,144.02232,3.320151e14
4367,3.320151e14,8.426,144.0669,3.320151e14
4368,3.320151e14,8.426172,144.11156,3.320151e14
4369,3.320151e14,8.426341,144.15611,3.320151e14
4370,3.320151e14,8.42651,144.20082,3.320151e14
4371,3.320151e14,8.426679,144.24532,3.320151e14
4372,3.320151e14,8.426842,144.28998,3.320151e14
4373,3.320151e14,8.427015,144.33458,3.320151e14
4374,3.320151e14,8.427183,144.37921,3.320151e14
4375,3.320151e14,8.427353,144.42368,3.320151e14
4376,3.320151e14,8.427524,144.4683,3.320151e14
4377,3.320151e14,8.427689,144.51295,3.320151e14
4378,3.320151e14,8.427858,144.55743,3.320151e14
4379,3.320151e14,8.428025,144.60211,3.320151e14
4380,3.320151e14,8.428198,144.64658,3.320151e14
4381,3.320151e14,8.428366,144.6912,3.320151e14
4382,3.320151e14,8.428534,144.73572,3.320151e14
4383,3.320151e14,8.428705,144.78036,3.320151e14
4384,3.320151e14,8.428869,144.8249,3.320151e14
4385,3.320151e14,8.429039,144.86942,3.320151e14
4386,3.320151e14,8.429208,144.914,3.320151e14
4387,3.320151e14,8.429378,144.95859,3.320151e14
4388,3.320151e14,8.4295435,145.0031,3.320151e14
4389,3.320151e14,8.429709,145.04771,3.320151e14
4390,3.320151e14,8.429878,145.09215,3.320151e14
4391,3.320151e14,8.43005,145.13678,3.320151e14
4392,3.320151e14,8.430219,145.18124,3.320151e14
4393,3.320151e14,8.430382,145.22588,3.320151e14
4394,3.320151e14,8.430551,145.27037,3.320151e14
4395,3.320151e14,8.430716,145.31494,3.320151e14
4396,3.320151e14,8.430887,145.35944,3.320151e14
4397,3.320151e14,8.431053,145.40398,3.320151e14
4398,3.320151e14,8.431218,145.44853,3.320151e14
4399,3.320151e14,8.431388,145.49306,3.320151e14
4400,3.320151e14,8.431553,145.5376,3.320151e14
4401,3.320151e14,8.431723,145.58208,3.320151e14
4402,3.320151e14,8.431887,145.62666,3.320151e14
4403,3.320151e14,8.4320545,145.67114,3.320151e14
4404,3.320151e14,8.43222,145.7157,3.320151e14
4405,3.320151e14,8.432385,145.76013,3.320151e14
4406,3.320151e14,8.432553,145.80473,3.320151e14
4407,3.320151e14,8.432719,145.84921,3.320151e14
4408,3.320151e14,8.432887,145.89375,3.320151e14
4409,3.320151e14,8.433048,145.93825,3.320151e14
4410,3.320151e14,8.433217,145.98282,3.320151e14
4411,3.320151e14,8.433381,146.02728,3.320151e14
4412,3.320151e14,8.433546,146.07176,3.320151e14
4413,3.320151e14,8.433712,146.11627,3.320151e14
4414,3.320151e14,8.433877,146.16077,3.320151e14
4415,3.320151e14,8.434042,146.20529,3.320151e14
4416,3.320151e14,8.434206,146.24982,3.320151e14
4417,3.320151e14,8.434372,146.29425,3.320151e14
4418,3.320151e14,8.434535,146.33879,3.320151e14
4419,3.320151e14,8.434701,146.38322,3.320151e14
4420,3.320151e14,8.434862,146.42776,3.320151e14
4421,3.320151e14,8.435031,146.47224,3.320151e14
4422,3.320151e14,8.43519,146.51671,3.320151e14
4423,3.320151e14,8.43535,146.5612,3.320151e14
4424,3.320151e14,8.435515,146.60568,3.320151e14
4425,3.320151e14,8.435678,146.6502,3.320151e14
4426,3.320151e14,8.435845,146.69463,3.320151e14
4427,3.320151e14,8.436005,146.73907,3.320151e14
4428,3.320151e14,8.436166,146.78343,3.320151e14
4429,3.320151e14,8.436326,146.82791,3.320151e14
4430,3.320151e14,8.43649,146.87234,3.320151e14
4431,3.320151e14,8.436654,146.91682,3.320151e14
4432,3.320151e14,8.436812,146.96123,3.320151e14
4433,3.320151e14,8.436969,147.00566,3.320151e14
4434,3.320151e14,8.437129,147.05002,3.320151e14
4435,3.320151e14,8.437292,147.09447,3.320151e14
4436,3.320151e14,8.43745,147.13881,3.320151e14
4437,3.320151e14,8.437609,147.18318,3.320151e14
4438,3.320151e14,8.437766,147.22755,3.320151e14
4439,3.320151e14,8.437924,147.27191,3.320151e14
4440,3.320151e14,8.438084,147.3162,3.320151e14
4441,3.320151e14,8.438243,147.36046,3.320151e14
4442,3.320151e14,8.438401,147.40479,3.320151e14
4443,3.320151e14,8.438554,147.44904,3.320151e14
4444,3.320151e14,8.43871,147.4933,3.320151e14
4445,3.320151e14,8.438865,147.53755,3.320151e14
4446,3.320151e14,8.439016,147.58174,3.320151e14
4447,3.320151e14,8.439171,147.62593,3.320151e14
4448,3.320151e14,8.439324,147.67009,3.320151e14
4449,3.320151e14,8.439478,147.71419,3.320151e14
4450,3.320151e14,8.439631,147.75833,3.320151e14
4451,3.320151e14,8.43978,147.80229,3.320151e14
4452,3.320151e14,8.439932,147.84634,3.320151e14
4453,3.320151e14,8.440083,147.89026,3.320151e14
4454,3.320151e14,8.44023,147.93423,3.320151e14
4455,3.320151e14,8.440379,147.97806,3.320151e14
4456,3.320151e14,8.440524,148.02182,3.320151e14
4457,3.320151e14,8.440669,148.06567,3.320151e14
4458,3.320151e14,8.440817,148.10928,3.320151e14
4459,3.320151e14,8.440957,148.15298,3.320151e14
4460,3.320151e14,8.4411,148.19643,3.320151e14
4461,3.320151e14,8.441237,148.24005,3.320151e14
4462,3.320151e14,8.4413805,148.2833,3.320151e14
4463,3.320151e14,8.441515,148.3267,3.320151e14
4464,3.320151e14,8.441654,148.36967,3.320151e14
4465,3.320151e14,8.441783,148.41296,3.320151e14
4466,3.320151e14,8.441923,148.45572,3.320151e14
4467,3.320151e14,8.44205,148.49872,3.320151e14
4468,3.320151e14,8.442184,148.54121,3.320151e14
4469,3.320151e14,8.4423065,148.5839,3.320151e14
4470,3.320151e14,8.442435,148.62607,3.320151e14
4471,3.320151e14,8.442553,148.66837,3.320151e14
4472,3.320151e14,8.442675,148.71014,3.320151e14
4473,3.320151e14,8.442789,148.75197,3.320151e14
4474,3.320151e14,8.442906,148.79332,3.320151e14
4475,3.320151e14,8.443013,148.83464,3.320151e14
4476,3.320151e14,8.443122,148.87549,3.320151e14
4477,3.320151e14,8.443225,148.91617,3.320151e14
4478,3.320151e14,8.443322,148.95633,3.320151e14
4479,3.320151e14,8.4434185,148.99625,3.320151e14
4480,3.320151e14,8.443509,149.03566,3.320151e14
4481,3.320151e14,8.443595,149.07475,3.320151e14
4482,3.320151e14,8.443675,149.11324,3.320151e14
4483,3.320151e14,8.443748,149.15135,3.320151e14
4484,3.320151e14,8.443818,149.18874,3.320151e14
4485,3.320151e14,8.44388,149.22565,3.320151e14
4486,3.3201503e14,8.443937,149.2618,3.3201503e14
4487,3.3201503e14,8.443988,149.2974,3.3201503e14
4488,3.3201503e14,8.44403,149.33221,3.3201503e14
4489,3.3201503e14,8.444058,149.36638,3.3201503e14
4490,3.3201503e14,8.444084,149.39948,3.3201503e14
4491,3.3201503e14,8.4440975,149.43196,3.3201503e14
4492,3.3201503e14,8.444108,149.46347,3.3201503e14
4493,3.3201503e14,8.444104,149.49432,3.3201503e14
4494,3.3201503e14,8.444097,149.52406,3.3201503e14
4495,3.3201503e14,8.444069,149.55322,3.3201503e14
4496,3.3201503e14,8.444044,149.5812,3.3201503e14
4497,3.3201503e14,8.444001,149.60886,3.3201503e14
4498,3.3201503e14,8.443959,149.63545,3.3201503e14
4499,3.3201503e14,8.4438925,149.6619,3.3201503e14
4500,3.3201503e14,8.443834,149.68748,3.3201503e14
4501,3.3201503e14,8.443751,149.71341,3.3201503e14
4502,3.3201503e14,8.443687,149.73851,3.3201503e14
4503,3.3201503e14,8.44359,149.76448,3.3201503e14
4504,3.3201503e14,8.443517,149.78998,3.3201503e14
4505,3.3201503e14,8.443407,149.81694,3.3201503e14
4506,3.3201503e14,8.443338,149.84343,3.3201503e14
4507,3.3201503e14,8.443223,149.87244,3.3201503e14
4508,3.3201503e14,8.443177,149.90071,3.3201503e14
4509,3.3201503e14,8.4430485,149.93274,3.3201503e14
4510,3.3201503e14,8.443025,149.9635,3.3201503e14
4511,3.3201503e14,8.44288,149.99944,3.3201503e14
4512,3.3201503e14,8.442905,150.03291,3.3201503e14
4513,3.3201503e14,8.4427395,150.07391,3.3201503e14
4514,3.3201503e14,8.442838,150.10991,3.3201503e14
4515,3.3201503e14,8.442622,150.15703,3.3201503e14
4516,3.3201503e14,8.442826,150.19496,3.3201503e14
4517,3.3201503e14,8.442518,150.24976,3.3201503e14
4518,3.3201503e14,8.442898,150.28796,3.3201503e14
4519,3.3201503e14,8.442413,150.35277,3.3201503e14
4520,3.3201503e14,8.443073,150.38826,3.3201503e14
4521,3.3201503e14,8.442267,150.46695,3.3201503e14
4522,3.3201503e14,8.443394,150.49489,3.3201503e14
4523,3.3201503e14,8.442042,150.59357,3.3201503e14
4524,3.3201503e14,8.44391,150.60709,3.3201503e14
4525,3.3201503e14,8.441705,150.7322,3.3201503e14
4526,3.3201503e14,8.444534,150.72635,3.3201503e14
4527,3.3201503e14,8.441494,150.87189,3.3201503e14
4528,3.3201503e14,8.444779,150.85733,3.3201503e14
4529,3.3201503e14,8.442131,150.98741,3.3201503e14
4530,3.3201503e14,8.443988,151.0091,3.3201503e14
4531,3.3201503e14,8.443664,151.08665,3.3201503e14
4532,3.3201503e14,8.442921,151.17708,3.3201503e14
4533,3.3201503e14,8.444852,151.2036,3.3201503e14
4534,3.3201503e14,8.442718,151.32599,3.3201503e14
4535,3.3201503e14,8.444913,151.34276,3.3201503e14
4536,3.3201503e14,8.4436865,151.43962,3.3201503e14
4537,3.3201503e14,8.444076,151.4992,3.3201503e14
4538,3.3201503e14,8.444954,151.54813,3.3201503e14
4539,3.3201503e14,8.443573,151.64955,3.3201503e14
4540,3.3201503e14,8.445382,151.67339,3.3201503e14
4541,3.3201503e14,8.444105,151.76752,3.3201503e14
4542,3.3201503e14,8.444846,151.8137,3.3201503e14
4543,3.3201503e14,8.445152,151.86995,3.3201503e14
4544,3.3201503e14,8.444326,151.952,3.3201503e14
4545,3.3201503e14,8.445683,151.98119,3.3201503e14
4546,3.3201503e14,8.444573,152.06593,3.3201503e14
4547,3.3201503e14,8.445385,152.10452,3.3201503e14
4548,3.3201503e14,8.445385,152.16148,3.3201503e14
4549,3.3201503e14,8.444924,152.22859,3.3201503e14
4550,3.3201503e14,8.445905,152.26065,3.3201503e14
4551,3.3201503e14,8.445008,152.33498,3.3201503e14
4552,3.3201503e14,8.445767,152.36963,3.3201503e14
4553,3.3201503e14,8.445587,152.42525,3.3201503e14
4554,3.3201503e14,8.445385,152.481,3.3201503e14
4555,3.3201503e14,8.446068,152.51543,3.3201503e14
4556,3.3201503e14,8.44536,152.58115,3.3201503e14
4557,3.3201503e14,8.446043,152.61363,3.3201503e14
4558,3.3201503e14,8.445776,152.66766,3.3201503e14
4559,3.3201503e14,8.445756,152.7156,3.3201503e14
4560,3.3201503e14,8.446195,152.75253,3.3201503e14
4561,3.3201503e14,8.445685,152.81094,3.3201503e14
4562,3.3201503e14,8.446268,152.84348,3.3201503e14
4563,3.3201503e14,8.445963,152.89627,3.3201503e14
4564,3.3201503e14,8.44608,152.93898,3.3201503e14
4565,3.3201503e14,8.446325,152.97859,3.3201503e14
4566,3.3201503e14,8.445984,153.03166,3.3201503e14
4567,3.3201503e14,8.446464,153.06537,3.3201503e14
4568,3.3201503e14,8.446166,153.11708,3.3201503e14
4569,3.3201503e14,8.446366,153.15686,3.3201503e14
4570,3.3201503e14,8.446461,153.19922,3.3201503e14
4571,3.3201503e14,8.446278,153.24796,3.3201503e14
4572,3.3201503e14,8.446644,153.28392,3.3201503e14
4573,3.3201503e14,8.446377,153.3345,3.3201503e14
4574,3.3201503e14,8.446625,153.37299,3.3201503e14
4575,3.3201503e14,8.446611,153.41753,3.3201503e14
4576,3.3201503e14,8.446555,153.46323,3.3201503e14
4577,3.3201503e14,8.446809,153.5017,3.3201503e14
4578,3.3201503e14,8.446601,153.55081,3.3201503e14
4579,3.3201503e14,8.4468565,153.58917,3.3201503e14
4580,3.3201503e14,8.4467745,153.63548,3.3201503e14
4581,3.3201503e14,8.446816,153.67877,3.3201503e14
4582,3.3201503e14,8.446958,153.71988,3.3201503e14
4583,3.3201503e14,8.446829,153.76733,3.3201503e14
4584,3.3201503e14,8.447049,153.80666,3.3201503e14
4585,3.3201503e14,8.446944,153.85362,3.3201503e14
4586,3.3201503e14,8.447054,153.89557,3.3201503e14
4587,3.3201503e14,8.447102,153.939,3.3201503e14
4588,3.3201503e14,8.447052,153.98471,3.3201503e14
4589,3.3201503e14,8.447221,154.02551,3.3201503e14
4590,3.3201503e14,8.447121,154.07248,3.3201503e14
4591,3.3201503e14,8.447256,154.1139,3.3201503e14
4592,3.3201503e14,8.447244,154.15892,3.3201503e14
4593,3.3201503e14,8.447264,154.20319,3.3201503e14
4594,3.3201503e14,8.447363,154.24565,3.3201503e14
4595,3.3201503e14,8.447301,154.29192,3.3201503e14
4596,3.3201503e14,8.4474325,154.3336,3.3201503e14
4597,3.3201503e14,8.44738,154.37952,3.3201503e14
4598,3.3201503e14,8.447454,154.42271,3.3201503e14
4599,3.3201503e14,8.447491,154.4667,3.3201503e14
4600,3.3201503e14,8.447477,154.51193,3.3201503e14
4601,3.3201503e14,8.447575,154.55449,3.3201503e14
4602,3.3201503e14,8.447525,154.60048,3.3201503e14
4603,3.3201503e14,8.447617,154.64319,3.3201503e14
4604,3.3201503e14,8.447603,154.68826,3.3201503e14
4605,3.3201503e14,8.44764,154.7324,3.3201503e14
4606,3.3201503e14,8.44769,154.77608,3.3201503e14
4607,3.3201503e14,8.447668,154.82138,3.3201503e14
4608,3.3201503e14,8.447748,154.8643,3.3201503e14
4609,3.3201503e14,8.447719,154.90987,3.3201503e14
4610,3.3201503e14,8.447779,154.95326,3.3201503e14
4611,3.3201503e14,8.447785,154.99796,3.3201503e14
4612,3.3201503e14,8.447799,155.04243,3.3201503e14
4613,3.3201503e14,8.447847,155.08614,3.3201503e14
4614,3.3201503e14,8.44783,155.13142,3.3201503e14
4615,3.3201503e14,8.447889,155.1749,3.3201503e14
4616,3.3201503e14,8.447873,155.22011,3.3201503e14
4617,3.3201503e14,8.447911,155.26414,3.3201503e14
4618,3.3201503e14,8.447921,155.3088,3.3201503e14
4619,3.3201503e14,8.447932,155.3536,3.3201503e14
4620,3.3201503e14,8.447966,155.39783,3.3201503e14
4621,3.3201503e14,8.447953,155.4432,3.3201503e14
4622,3.3201503e14,8.447995,155.48735,3.3201503e14
4623,3.3201503e14,8.447988,155.53284,3.3201503e14
4624,3.3201503e14,8.448014,155.57755,3.3201503e14
4625,3.3201503e14,8.448024,155.6228,3.3201503e14
4626,3.3201503e14,8.4480295,155.6682,3.3201503e14
4627,3.3201503e14,8.448053,155.71335,3.3201503e14
4628,3.3201503e14,8.44805,155.75923,3.3201503e14
4629,3.3201503e14,8.448085,155.80453,3.3201503e14
4630,3.3201503e14,8.448079,155.85081,3.3201503e14
4631,3.3201503e14,8.448103,155.8965,3.3201503e14
4632,3.3201503e14,8.448108,155.94276,3.3201503e14
4633,3.3201503e14,8.44812,155.9892,3.3201503e14
4634,3.3201503e14,8.448144,156.03552,3.3201503e14
4635,3.3201503e14,8.448146,156.08257,3.3201503e14
4636,3.3201503e14,8.44817,156.12906,3.3201503e14
4637,3.3201503e14,8.448171,156.17648,3.3201503e14
4638,3.3201503e14,8.448195,156.22345,3.3201503e14
4639,3.3201503e14,8.448207,156.27104,3.3201503e14
4640,3.3201503e14,8.44822,156.31859,3.3201503e14
4641,3.3201503e14,8.448239,156.36627,3.3201503e14
4642,3.3201503e14,8.448252,156.41428,3.3201503e14
4643,3.3201503e14,8.448277,156.46213,3.3201503e14
4644,3.3201503e14,8.448288,156.5106,3.3201503e14
4645,3.3201503e14,8.448317,156.5588,3.3201503e14
4646,3.3201503e14,8.448329,156.60738,3.3201503e14
4647,3.3201503e14,8.448353,156.65593,3.3201503e14
4648,3.3201503e14,8.448371,156.70474,3.3201503e14
4649,3.3201503e14,8.448392,156.75357,3.3201503e14
4650,3.3201503e14,8.448419,156.80234,3.3201503e14
4651,3.3201503e14,8.448439,156.85147,3.3201503e14
4652,3.3201503e14,8.448468,156.90048,3.3201503e14
4653,3.3201503e14,8.448486,156.94977,3.3201503e14
4654,3.3201503e14,8.448511,156.9989,3.3201503e14
4655,3.3201503e14,8.448536,157.04816,3.3201503e14
4656,3.3201503e14,8.448564,157.09747,3.3201503e14
4657,3.3201503e14,8.448591,157.14667,3.3201503e14
4658,3.3201503e14,8.44862,157.19609,3.3201503e14
4659,3.3201503e14,8.448649,157.24525,3.3201503e14
4660,3.3201503e14,8.448675,157.2947,3.3201503e14
4661,3.3201503e14,8.44871,157.34389,3.3201503e14
4662,3.3201503e14,8.448736,157.3933,3.3201503e14
4663,3.3201503e14,8.4487705,157.44241,3.3201503e14
4664,3.3201503e14,8.448797,157.4917,3.3201503e14
4665,3.3201503e14,8.448831,157.54088,3.3201503e14
4666,3.3201503e14,8.448864,157.59007,3.3201503e14
4667,3.3201503e14,8.448899,157.63916,3.3201503e14
4668,3.3201503e14,8.448931,157.6882,3.3201503e14
4669,3.3201503e14,8.448966,157.73717,3.3201503e14
4670,3.3201503e14,8.448998,157.78612,3.3201503e14
4671,3.3201503e14,8.449036,157.83498,3.3201503e14
4672,3.3201503e14,8.449072,157.88377,3.3201503e14
4673,3.3201503e14,8.449108,157.93248,3.3201503e14
4674,3.3201503e14,8.449146,157.98116,3.3201503e14
4675,3.3201503e14,8.44918,158.02977,3.3201503e14
4676,3.3201503e14,8.44922,158.07832,3.3201503e14
4677,3.3201503e14,8.449257,158.12683,3.3201503e14
4678,3.3201503e14,8.449297,158.17519,3.3201503e14
4679,3.3201503e14,8.449334,158.22362,3.3201503e14
4680,3.3201503e14,8.449374,158.27171,3.3201503e14
4681,3.3201503e14,8.44941,158.32007,3.3201503e14
4682,3.3201503e14,8.449461,158.36815,3.3201503e14
4683,3.3201503e14,8.449496,158.41624,3.3201503e14
4684,3.3201503e14,8.44954,158.46416,3.3201503e14
4685,3.3201503e14,8.449584,158.51222,3.3201503e14
4686,3.3201503e14,8.449486,158.56029,3.3201503e14
4687,3.3201503e14,8.449382,158.61221,3.3201503e14
4688,3.3201503e14,8.44942,158.65938,3.3201503e14
4689,3.3201503e14,8.449188,158.71233,3.3201503e14
4690,3.3201503e14,8.4492,158.76022,3.3201503e14
4691,3.3201503e14,8.448952,158.81424,3.3201503e14
4692,3.3201503e14,8.449118,158.85724,3.3201503e14
4693,3.3201503e14,8.448982,158.90787,3.3201503e14
4694,3.3201503e14,8.449172,158.95053,3.3201503e14
4695,3.3201503e14,8.4491825,158.99641,3.3201503e14
4696,3.3201503e14,8.449437,159.03654,3.3201503e14
4697,3.3201503e14,8.449523,159.08142,3.3201503e14
4698,3.3201503e14,8.449713,159.12347,3.3201503e14
4699,3.3201503e14,8.449857,159.1661,3.3201503e14
4700,3.3201503e14,8.449917,159.21089,3.3201503e14
4701,3.3201503e14,8.449989,159.25545,3.3201503e14
4702,3.3201503e14,8.449971,159.30223,3.3201503e14
4703,3.3201503e14,8.450058,159.34666,3.3201503e14
4704,3.3201503e14,8.44996,159.39622,3.3201503e14
4705,3.3201503e14,8.450045,159.44118,3.3201503e14
4706,3.3201503e14,8.44997,159.4897,3.3201503e14
4707,3.3201503e14,8.450084,159.53424,3.3201503e14
4708,3.3201503e14,8.450038,159.58282,3.3201503e14
4709,3.3201503e14,8.450206,159.62605,3.3201503e14
4710,3.3201503e14,8.450217,159.67316,3.3201503e14
4711,3.3201503e14,8.450379,159.71695,3.3201503e14
4712,3.3201503e14,8.450418,159.7635,3.3201503e14
4713,3.3201503e14,8.450584,159.80693,3.3201503e14
4714,3.3201503e14,8.450624,159.85379,3.3201503e14
4715,3.3201503e14,8.450741,159.89883,3.3201503e14
4716,3.3201503e14,8.450789,159.94556,3.3201503e14
4717,3.3201503e14,8.450878,159.99146,3.3201503e14
4718,3.3201503e14,8.4509115,160.03915,3.3201503e14
4719,3.3201503e14,8.450977,160.08586,3.3201503e14
4720,3.3201503e14,8.451029,160.13312,3.3201503e14
4721,3.3201503e14,8.451079,160.18054,3.3201503e14
4722,3.3201503e14,8.45114,160.22783,3.3201503e14
4723,3.3201503e14,8.451207,160.27487,3.3201503e14
4724,3.3201503e14,8.451294,160.32164,3.3201503e14
4725,3.3201503e14,8.451355,160.36902,3.3201503e14
4726,3.3201503e14,8.451456,160.41525,3.3201503e14
4727,3.3201503e14,8.451523,160.46223,3.3201503e14
4728,3.3201503e14,8.451631,160.50853,3.3201503e14
4729,3.3201503e14,8.451698,160.55579,3.3201503e14
4730,3.3201503e14,8.451816,160.6017,3.3201503e14
4731,3.3201503e14,8.451874,160.64928,3.3201503e14
4732,3.3201503e14,8.451979,160.69565,3.3201503e14
4733,3.3201503e14,8.452025,160.74341,3.3201503e14
4734,3.3201503e14,8.452145,160.78954,3.3201503e14
4735,3.3201503e14,8.452174,160.83792,3.3201503e14
4736,3.3201503e14,8.452297,160.88394,3.3201503e14
4737,3.3201503e14,8.452315,160.93236,3.3201503e14
4738,3.3201503e14,8.45245,160.97804,3.3201503e14
4739,3.3201503e14,8.452457,161.02681,3.3201503e14
4740,3.3201503e14,8.452617,161.07182,3.3201503e14
4741,3.3201503e14,8.452612,161.12083,3.3201503e14
4742,3.3201503e14,8.452797,161.16512,3.3201503e14
4743,3.3201503e14,8.452765,161.21463,3.3201503e14
4744,3.3201503e14,8.452995,161.25787,3.3201503e14
4745,3.3201503e14,8.452924,161.30841,3.3201503e14
4746,3.3201503e14,8.4532,161.35043,3.3201503e14
4747,3.3201503e14,8.45307,161.40237,3.3201503e14
4748,3.3201503e14,8.45342,161.44272,3.3201503e14
4749,3.3201503e14,8.453187,161.49712,3.3201503e14
4750,3.3201503e14,8.453643,161.5346,3.3201503e14
4751,3.3201503e14,8.453274,161.59239,3.3201503e14
4752,3.3201503e14,8.453898,161.62589,3.3201503e14
4753,3.3201503e14,8.4533205,161.68877,3.3201503e14
4754,3.3201503e14,8.454201,161.71603,3.3201503e14
4755,3.3201503e14,8.453314,161.78645,3.3201503e14
4756,3.3201503e14,8.454572,161.8047,3.3201503e14
4757,3.3201503e14,8.453243,161.88603,3.3201503e14
4758,3.3201503e14,8.455032,161.89194,3.3201503e14
4759,3.3201503e14,8.453107,161.98769,3.3201503e14
4760,3.3201503e14,8.455528,161.97888,3.3201503e14
4761,3.3201503e14,8.45299,162.08873,3.3201503e14
4762,3.3201503e14,8.455897,162.06847,3.3201503e14
4763,3.3201503e14,8.453138,162.18134,3.3201503e14
4764,3.3201503e14,8.455833,162.16513,3.3201503e14
4765,3.3201503e14,8.453817,162.25844,3.3201503e14
4766,3.3201503e14,8.455251,162.2719,3.3201503e14
4767,3.3201503e14,8.454872,162.32849,3.3201503e14
4768,3.3201503e14,8.454589,162.38367,3.3201503e14
4769,3.3201503e14,8.455779,162.40509,3.3201503e14
4770,3.3201503e14,8.454295,162.48846,3.3201503e14
4771,3.3201503e14,8.456175,162.49315,3.3201503e14
4772,3.3201503e14,8.454568,162.57791,3.3201503e14
4773,3.3201503e14,8.455982,162.59242,3.3201503e14
4774,3.3201503e14,8.455295,162.6557,3.3201503e14
4775,3.3201503e14,8.455514,162.69846,3.3201503e14
4776,3.3201503e14,8.456066,162.73404,3.3201503e14
4777,3.3201503e14,8.455238,162.80157,3.3201503e14
4778,3.3201503e14,8.456504,162.82054,3.3201503e14
4779,3.3201503e14,8.455392,162.89404,3.3201503e14
4780,3.3201503e14,8.456501,162.91592,3.3201503e14
4781,3.3201503e14,8.455927,162.97679,3.3201503e14
4782,3.3201503e14,8.456253,163.01706,3.3201503e14
4783,3.3201503e14,8.456547,163.05823,3.3201503e14
4784,3.3201503e14,8.456082,163.11693,3.3201503e14
4785,3.3201503e14,8.456947,163.1449,3.3201503e14
4786,3.3201503e14,8.456196,163.20984,3.3201503e14
4787,3.3201503e14,8.457035,163.2381,3.3201503e14
4788,3.3201503e14,8.456584,163.29596,3.3201503e14
4789,3.3201503e14,8.456923,163.33568,3.3201503e14
4790,3.3201503e14,8.457064,163.37997,3.3201503e14
4791,3.3201503e14,8.45684,163.43285,3.3201503e14
4792,3.3201503e14,8.457428,163.46692,3.3201503e14
4793,3.3201503e14,8.456937,163.52565,3.3201503e14
4794,3.3201503e14,8.457582,163.55806,3.3201503e14
4795,3.3201503e14,8.457235,163.6135,3.3201503e14
4796,3.3201503e14,8.457592,163.65256,3.3201503e14
4797,3.3201503e14,8.457619,163.69928,3.3201503e14
4798,3.3201503e14,8.457575,163.74751,3.3201503e14
4799,3.3201503e14,8.457941,163.78627,3.3201503e14
4800,3.3201503e14,8.457653,163.84007,3.3201503e14
4801,3.3201503e14,8.458142,163.876,3.3201503e14
4802,3.3201503e14,8.45787,163.9293,3.3201503e14
4803,3.3201503e14,8.4582205,163.96814,3.3201503e14
4804,3.3201503e14,8.45816,164.01639,3.3201503e14
4805,3.3201503e14,8.458258,164.06108,3.3201503e14
4806,3.3201503e14,8.45846,164.1034,3.3201503e14
4807,3.3201503e14,8.458341,164.15295,3.3201503e14
4808,3.3201503e14,8.458687,164.19176,3.3201503e14
4809,3.3201503e14,8.4585,164.24275,3.3201503e14
4810,3.3201503e14,8.458831,164.28181,3.3201503e14
4811,3.3201503e14,8.458734,164.33076,3.3201503e14
4812,3.3201503e14,8.458922,164.37294,3.3201503e14
4813,3.3201503e14,8.458987,164.41801,3.3201503e14
4814,3.3201503e14,8.459007,164.46404,3.3201503e14
4815,3.3201503e14,8.459214,164.50568,3.3201503e14
4816,3.3201503e14,8.45913,164.55405,3.3201503e14
4817,3.3201503e14,8.459399,164.59431,3.3201503e14
4818,3.3201503e14,8.459307,164.64275,3.3201503e14
4819,3.3201503e14,8.459532,164.68388,3.3201503e14
4820,3.3201503e14,8.4595175,164.73048,3.3201503e14
4821,3.3201503e14,8.459648,164.77377,3.3201503e14
4822,3.3201503e14,8.45974,164.81792,3.3201503e14
4823,3.3201503e14,8.459767,164.86354,3.3201503e14
4824,3.3201503e14,8.459943,164.90576,3.3201503e14
4825,3.3201503e14,8.45991,164.9527,3.3201503e14
4826,3.3201503e14,8.460113,164.99425,3.3201503e14
4827,3.3201503e14,8.460079,165.0411,3.3201503e14
4828,3.3201503e14,8.460257,165.08328,3.3201503e14
4829,3.3201503e14,8.460275,165.12909,3.3201503e14
4830,3.3201503e14,8.460392,165.17264,3.3201503e14
4831,3.3201503e14,8.460472,165.21709,3.3201503e14
4832,3.3201503e14,8.4605255,165.26208,3.3201503e14
4833,3.3201503e14,8.460657,165.30525,3.3201503e14
4834,3.3201503e14,8.460677,165.35124,3.3201503e14
4835,3.3201503e14,8.460841,165.39377,3.3201503e14
4836,3.3201503e14,8.460848,165.4401,3.3201503e14
4837,3.3201503e14,8.461005,165.48291,3.3201503e14
4838,3.3201503e14,8.461025,165.52888,3.3201503e14
4839,3.3201503e14,8.461155,165.57233,3.3201503e14
4840,3.3201503e14,8.461215,165.61768,3.3201503e14
4841,3.3201503e14,8.461312,165.66206,3.3201503e14
4842,3.3201503e14,8.461407,165.7067,3.3201503e14
4843,3.3201503e14,8.461473,165.75189,3.3201503e14
4844,3.3201503e14,8.461592,165.79596,3.3201503e14
4845,3.3201503e14,8.461642,165.84163,3.3201503e14
4846,3.3201503e14,8.461779,165.88556,3.3201503e14
4847,3.3201503e14,8.461827,165.93143,3.3201503e14
4848,3.3201503e14,8.461954,165.97557,3.3201503e14
4849,3.3201503e14,8.462009,166.0213,3.3201503e14
4850,3.3201503e14,8.462128,166.06573,3.3201503e14
4851,3.3201503e14,8.462208,166.11115,3.3201503e14
4852,3.3201503e14,8.462311,166.15611,3.3201503e14
4853,3.3201503e14,8.462404,166.20114,3.3201503e14
4854,3.3201503e14,8.462486,166.24649,3.3201503e14
4855,3.3201503e14,8.4626,166.29118,3.3201503e14
4856,3.3201503e14,8.46267,166.33685,3.3201503e14
4857,3.3201503e14,8.462799,166.3813,3.3201503e14
4858,3.3201503e14,8.462863,166.42705,3.3201503e14
4859,3.3201503e14,8.462992,166.47136,3.3201503e14
4860,3.3201503e14,8.463057,166.51712,3.3201503e14
4861,3.3201503e14,8.463186,166.5613,3.3201503e14
4862,3.3201503e14,8.463258,166.60684,3.3201503e14
4863,3.3201503e14,8.463383,166.65103,3.3201503e14
4864,3.3201503e14,8.463457,166.69626,3.3201503e14
4865,3.3201503e14,8.4635725,166.74039,3.3201503e14
4866,3.3201503e14,8.463661,166.78523,3.3201503e14
4867,3.3201503e14,8.46377,166.8294,3.3201503e14
4868,3.3201503e14,8.463861,166.87376,3.3201503e14
4869,3.3201503e14,8.463958,166.91779,3.3201503e14
4870,3.3201503e14,8.464059,166.96165,3.3201503e14
4871,3.3201503e14,8.464156,167.00548,3.3201503e14
4872,3.3201503e14,8.464264,167.04884,3.3201503e14
4873,3.3201503e14,8.464352,167.09236,3.3201503e14
4874,3.3201503e14,8.464458,167.13528,3.3201503e14
4875,3.3201503e14,8.464544,167.17847,3.3201503e14
4876,3.3201503e14,8.464653,167.22076,3.3201503e14
4877,3.3201503e14,8.464738,167.26363,3.3201503e14
4878,3.3201503e14,8.464851,167.3054,3.3201503e14
4879,3.3201503e14,8.464926,167.34781,3.3201503e14
4880,3.3201503e14,8.465037,167.38896,3.3201503e14
4881,3.3201503e14,8.46511,167.43095,3.3201503e14
4882,3.3201503e14,8.465232,167.47145,3.3201503e14
4883,3.3201503e14,8.4653,167.51303,3.3201503e14
4884,3.3201503e14,8.465419,167.55295,3.3201503e14
4885,3.3201503e14,8.465477,167.59412,3.3201503e14
4886,3.3201503e14,8.465603,167.63345,3.3201503e14
4887,3.3201503e14,8.465655,167.67422,3.3201503e14
4888,3.3201503e14,8.465788,167.71304,3.3201503e14
4889,3.3201503e14,8.465829,167.75357,3.3201503e14
4890,3.3201503e14,8.465961,167.79193,3.3201503e14
4891,3.3201503e14,8.465995,167.8323,3.3201503e14
4892,3.3201503e14,8.466136,167.87024,3.3201503e14
4893,3.3201503e14,8.466163,167.91072,3.3201503e14
4894,3.3201503e14,8.4663105,167.94833,3.3201503e14
4895,3.3201503e14,8.466321,167.98909,3.3201503e14
4896,3.3201503e14,8.466476,168.02654,3.3201503e14
4897,3.3201503e14,8.466476,168.06789,3.3201503e14
4898,3.3201503e14,8.46665,168.10524,3.3201503e14
4899,3.3201503e14,8.466623,168.14755,3.3201503e14
4900,3.3201503e14,8.466816,168.18498,3.3201503e14
4901,3.3201503e14,8.466756,168.22867,3.3201503e14
4902,3.3201503e14,8.466986,168.26588,3.3201503e14
4903,3.3201503e14,8.466879,168.3115,3.3201503e14
4904,3.3201503e14,8.467165,168.34856,3.3201503e14
4905,3.3201503e14,8.466985,168.39677,3.3201503e14
4906,3.3201503e14,8.467348,168.43318,3.3201503e14
4907,3.3201503e14,8.467071,168.48486,3.3201503e14
4908,3.3201503e14,8.467545,168.51987,3.3201503e14
4909,3.3201503e14,8.46713,168.57613,3.3201503e14
4910,3.3201503e14,8.467767,168.6086,3.3201503e14
4911,3.3201503e14,8.467144,168.67076,3.3201503e14
4912,3.3201503e14,8.468024,168.69896,3.3201503e14
4913,3.3201503e14,8.467101,168.76955,3.3201503e14
4914,3.3201503e14,8.468339,168.79065,3.3201503e14
4915,3.3201503e14,8.466981,168.87248,3.3201503e14
4916,3.3201503e14,8.468718,168.88332,3.3201503e14
4917,3.3201503e14,8.466779,168.97968,3.3201503e14
4918,3.3201503e14,8.46915,168.97711,3.3201503e14
4919,3.3201503e14,8.466544,169.08922,3.3201503e14
4920,3.3201503e14,8.469516,169.07368,3.3201503e14
4921,3.3201503e14,8.4664755,169.19496,3.3201503e14
4922,3.3201503e14,8.469555,169.17647,3.3201503e14
4923,3.3201503e14,8.466856,169.28802,3.3201503e14
4924,3.3201503e14,8.469049,169.28876,3.3201503e14
4925,3.3201503e14,8.467729,169.36917,3.3201503e14
4926,3.3201503e14,8.468226,169.40924,3.3201503e14
4927,3.3201503e14,8.468675,169.45108,3.3201503e14
4928,3.3201503e14,8.467566,169.5281,3.3201503e14
4929,3.3201503e14,8.469239,169.54204,3.3201503e14
4930,3.3201503e14,8.467386,169.63467,3.3201503e14
4931,3.3201503e14,8.469225,169.64336,3.3201503e14
4932,3.3201503e14,8.467746,169.72588,3.3201503e14
4933,3.3201503e14,8.468708,169.75314,3.3201503e14
4934,3.3201503e14,8.468388,169.80928,3.3201503e14
4935,3.3201503e14,8.468098,169.8649,3.3201503e14
4936,3.3201503e14,8.46891,169.89545,3.3201503e14
4937,3.3201503e14,8.467767,169.96939,3.3201503e14
4938,3.3201503e14,8.469032,169.98856,3.3201503e14
4939,3.3201503e14,8.467848,170.06192,3.3201503e14
4940,3.3201503e14,8.468751,170.08823,3.3201503e14
4941,3.3201503e14,8.468228,170.14604,3.3201503e14
4942,3.3201503e14,8.468289,170.19064,3.3201503e14
4943,3.3201503e14,8.468604,170.22931,3.3201503e14
4944,3.3201503e14,8.467933,170.2897,3.3201503e14
4945,3.3201503e14,8.468735,170.31682,3.3201503e14
4946,3.3201503e14,8.467846,170.38123,3.3201503e14
4947,3.3201503e14,8.468565,170.40927,3.3201503e14
4948,3.3201503e14,8.467997,170.46603,3.3201503e14
4949,3.3201503e14,8.468212,170.50479,3.3201503e14
4950,3.3201503e14,8.468202,170.54842,3.3201503e14
4951,3.3201503e14,8.467872,170.59912,3.3201503e14
4952,3.3201503e14,8.468307,170.63263,3.3201503e14
4953,3.3201503e14,8.467688,170.6895,3.3201503e14
4954,3.3201503e14,8.468213,170.72018,3.3201503e14
4955,3.3201503e14,8.467664,170.77489,3.3201503e14
4956,3.3201503e14,8.467956,170.8106,3.3201503e14
4957,3.3201503e14,8.467727,170.85771,3.3201503e14
4958,3.3201503e14,8.467644,170.9015,3.3201503e14
4959,3.3201503e14,8.467762,170.9407,3.3201503e14
4960,3.3201503e14,8.467381,170.9908,3.3201503e14
4961,3.3201503e14,8.467685,171.02539,3.3201503e14
4962,3.3201503e14,8.46722,171.077,3.3201503e14
4963,3.3201503e14,8.467488,171.11214,3.3201503e14
4964,3.3201503e14,8.467147,171.16063,3.3201503e14
4965,3.3201503e14,8.467209,171.1999,3.3201503e14
4966,3.3201503e14,8.46709,171.24298,3.3201503e14
4967,3.3201503e14,8.466914,171.28719,3.3201503e14
4968,3.3201503e14,8.4669895,171.32565,3.3201503e14
4969,3.3201503e14,8.466661,171.37291,3.3201503e14
4970,3.3201503e14,8.466812,171.40915,3.3201503e14
4971,3.3201503e14,8.466455,171.45645,3.3201503e14
4972,3.3201503e14,8.466552,171.49338,3.3201503e14
4973,3.3201503e14,8.466284,171.53825,3.3201503e14
4974,3.3201503e14,8.466247,171.57773,3.3201503e14
4975,3.3201503e14,8.466109,171.61905,3.3201503e14
4976,3.3201503e14,8.465924,171.6612,3.3201503e14
4977,3.3201503e14,8.465899,171.69948,3.3201503e14
4978,3.3201503e14,8.465619,171.7431,3.3201503e14
4979,3.3201503e14,8.465643,171.77975,3.3201503e14
4980,3.3201503e14,8.465333,171.82338,3.3201503e14
4981,3.3201503e14,8.465328,171.85992,3.3201503e14
4982,3.3201503e14,8.4650545,171.9021,3.3201503e14
4983,3.3201503e14,8.464974,171.93965,3.3201503e14
4984,3.3201503e14,8.464774,171.97949,3.3201503e14
4985,3.3201503e14,8.464599,172.0185,3.3201503e14
4986,3.3201503e14,8.464468,172.05618,3.3201503e14
4987,3.3201503e14,8.464217,172.09612,3.3201503e14
4988,3.3201503e14,8.46413,172.1322,3.3201503e14
4989,3.3201503e14,8.463844,172.17235,3.3201503e14
4990,3.3201503e14,8.463757,172.20781,3.3201503e14
4991,3.3201503e14,8.4634695,172.2474,3.3201503e14
4992,3.3201503e14,8.463352,172.28291,3.3201503e14
4993,3.3201503e14,8.46309,172.32146,3.3201503e14
4994,3.3201506e14,8.462931,172.35757,3.3201506e14
4995,3.3201506e14,8.462707,172.39487,3.3201506e14
4996,3.3201506e14,8.462498,172.43166,3.3201506e14
4997,3.3201506e14,8.462306,172.468,3.3201506e14
4998,3.3201506e14,8.462057,172.50552,3.3201506e14
4999,3.3201506e14,8.461894,172.541,3.3201506e14
5000,3.3201506e14,8.461622,172.57892,3.3201506e14
5001,3.3201506e14,8.461472,172.61435,3.3201506e14
5002,3.3201506e14,8.461196,172.65256,3.3201506e14
5003,3.3201506e14,8.461037,172.68842,3.3201506e14
5004,3.3201506e14,8.460771,172.72684,3.3201506e14
5005,3.3201506e14,8.460603,172.76341,3.3201506e14
5006,3.3201506e14,8.460359,172.80197,3.3201506e14
5007,3.3201506e14,8.460175,172.83972,3.3201506e14
5008,3.3201506e14,8.459955,172.87868,3.3201506e14
5009,3.3201506e14,8.459755,172.91768,3.3201506e14
5010,3.3201506e14,8.459562,172.95723,3.3201506e14
5011,3.3201506e14,8.459355,172.99785,3.3201506e14
5012,3.3201506e14,8.459186,173.03828,3.3201506e14
5013,3.3201506e14,8.458974,173.08054,3.3201506e14
5014,3.3201506e14,8.458824,173.12225,3.3201506e14
5015,3.3201506e14,8.458614,173.16624,3.3201506e14
5016,3.3201506e14,8.45848,173.20943,3.3201506e14
5017,3.3201506e14,8.458283,173.25502,3.3201506e14
5018,3.3201506e14,8.458164,173.3001,3.3201506e14
5019,3.3201506e14,8.457982,173.34747,3.3201506e14
5020,3.3201506e14,8.4578705,173.39433,3.3201506e14
5021,3.3201506e14,8.457706,173.44327,3.3201506e14
5022,3.3201506e14,8.457603,173.49213,3.3201506e14
5023,3.3201506e14,8.457462,173.5428,3.3201506e14
5024,3.3201506e14,8.457364,173.59335,3.3201506e14
5025,3.3201506e14,8.45724,173.6455,3.3201506e14
5026,3.3201506e14,8.457149,173.6978,3.3201506e14
5027,3.3201506e14,8.457042,173.75124,3.3201506e14
5028,3.3201503e14,8.456959,173.80501,3.3201503e14
5029,3.3201503e14,8.456871,173.85956,3.3201503e14
5030,3.3201503e14,8.456792,173.91457,3.3201503e14
5031,3.3201503e14,8.456717,173.96994,3.3201503e14
5032,3.3201503e14,8.456644,174.02583,3.3201503e14
5033,3.3201503e14,8.456581,174.08173,3.3201503e14
5034,3.3201503e14,8.456516,174.13828,3.3201503e14
5035,3.3201503e14,8.456467,174.19438,3.3201503e14
5036,3.3201503e14,8.456395,174.25116,3.3201503e14
5037,3.3201503e14,8.456358,174.30736,3.3201503e14
5038,3.3201503e14,8.456292,174.3642,3.3201503e14
5039,3.3201503e14,8.456265,174.41998,3.3201503e14
5040,3.3201503e14,8.456193,174.47668,3.3201503e14
5041,3.3201503e14,8.456174,174.532,3.3201503e14
5042,3.32015e14,8.4560995,174.58829,3.32015e14
5043,3.32015e14,8.45609,174.64278,3.32015e14
5044,3.32015e14,8.45601,174.69853,3.32015e14
5045,3.32015e14,8.456012,174.75197,3.32015e14
5046,3.32015e14,8.455922,174.80722,3.32015e14
5047,3.32015e14,8.455942,174.85942,3.32015e14
5048,3.32015e14,8.455829,174.91405,3.32015e14
5049,3.32015e14,8.45587,174.9648,3.32015e14
5050,3.32015e14,8.455731,175.01909,3.32015e14
5051,3.32015e14,8.455805,175.06825,3.32015e14
5052,3.32015e14,8.455628,175.12239,3.32015e14
5053,3.32015e14,8.455743,175.16948,3.32015e14
5054,3.32015e14,8.455509,175.22385,3.32015e14
5055,3.32015e14,8.455694,175.26854,3.32015e14
5056,3.32015e14,8.4553795,175.32388,3.32015e14
5057,3.32015e14,8.4556675,175.3654,3.32015e14
5058,3.32015e14,8.455218,175.42273,3.32015e14
5059,3.32015e14,8.455662,175.45988,3.32015e14
5060,3.32015e14,8.455024,175.52097,3.32015e14
5061,3.32015e14,8.455716,175.55211,3.32015e14
5062,3.3201503e14,8.454767,175.61932,3.3201503e14
5063,3.3201503e14,8.455827,175.64171,3.3201503e14
5064,3.3201503e14,8.454418,175.71884,3.3201503e14
5065,3.3201503e14,8.456047,175.7286,3.3201503e14
5066,3.3201503e14,8.453966,175.82071,3.3201503e14
5067,3.3201503e14,8.456383,175.81316,3.3201503e14
5068,3.3201503e14,8.453412,175.92488,3.3201503e14
5069,3.3201503e14,8.45674,175.89743,3.3201503e14
5070,3.3201503e14,8.45296,176.02618,3.3201503e14
5071,3.3201503e14,8.456811,175.98633,3.3201503e14
5072,3.3201503e14,8.453048,176.11143,3.3201503e14
5073,3.3201503e14,8.456123,176.08655,3.3201503e14
5074,3.3201503e14,8.453953,176.17584,3.3201503e14
5075,3.3201503e14,8.454832,176.20038,3.3201503e14
5076,3.3201503e14,8.455151,176.23836,3.3201503e14
5077,3.3201503e14,8.453718,176.31537,3.3201503e14
5078,3.3201503e14,8.455844,176.31494,3.3201503e14
5079,3.3201503e14,8.453366,176.41367,3.3201503e14
5080,3.3201503e14,8.455627,176.40862,3.3201503e14
5081,3.3201503e14,8.453878,176.49033,3.3201503e14
5082,3.3201503e14,8.454703,176.51674,3.3201503e14
5083,3.3201503e14,8.454754,176.56084,3.3201503e14
5084,3.3201503e14,8.453813,176.6271,3.3201503e14
5085,3.3201503e14,8.455273,176.64151,3.3201503e14
5086,3.3201503e14,8.453548,176.7244,3.3201503e14
5087,3.3201503e14,8.45509,176.73631,3.3201503e14
5088,3.3201503e14,8.453961,176.80585,3.3201503e14
5089,3.3201503e14,8.454417,176.84155,3.3201503e14
5090,3.3201503e14,8.454609,176.88353,3.3201503e14
5091,3.3201503e14,8.453839,176.94672,3.3201503e14
5092,3.3201503e14,8.454938,176.96942,3.3201503e14
5093,3.3201503e14,8.453726,177.04184,3.3201503e14
5094,3.3201503e14,8.454745,177.06592,3.3201503e14
5095,3.3201503e14,8.454066,177.12685,3.3201503e14
5096,3.3201503e14,8.454251,177.16936,3.3201503e14
5097,3.3201503e14,8.45451,177.21065,3.3201503e14
5098,3.3201503e14,8.453871,177.27127,3.3201503e14
5099,3.3201503e14,8.454689,177.30049,3.3201503e14
5100,3.3201503e14,8.453848,177.36543,3.3201503e14
5101,3.3201503e14,8.454525,177.39772,3.3201503e14
5102,3.3201503e14,8.454128,177.45322,3.3201503e14
5103,3.3201503e14,8.454194,177.49881,3.3201503e14
5104,3.3201503e14,8.45444,177.54053,3.3201503e14
5105,3.3201503e14,8.453963,177.59802,3.3201503e14
5106,3.3201503e14,8.454562,177.63234,3.3201503e14
5107,3.3201503e14,8.453983,177.69194,3.3201503e14
5108,3.3201503e14,8.454443,177.72914,3.3201503e14
5109,3.3201503e14,8.454183,177.7818,3.3201503e14
5110,3.3201503e14,8.454214,177.82838,3.3201503e14
5111,3.3201503e14,8.454406,177.87143,3.3201503e14
5112,3.3201503e14,8.454071,177.92601,3.3201503e14
5113,3.3201503e14,8.454497,177.964,3.3201503e14
5114,3.3201503e14,8.45409,178.01982,3.3201503e14
5115,3.3201503e14,8.454427,178.05974,3.3201503e14
5116,3.3201503e14,8.4542465,178.11078,3.3201503e14
5117,3.3201503e14,8.454295,178.1569,3.3201503e14
5118,3.3201503e14,8.454423,178.20142,3.3201503e14
5119,3.3201503e14,8.454208,178.25317,3.3201503e14
5120,3.3201503e14,8.454502,178.29381,3.3201503e14
5121,3.3201503e14,8.454223,178.34697,3.3201503e14
5122,3.3201503e14,8.454486,178.38834,3.3201503e14
5123,3.3201503e14,8.454334,178.43867,3.3201503e14
5124,3.3201503e14,8.454409,178.48402,3.3201503e14
5125,3.3201503e14,8.454465,178.52983,3.3201503e14
5126,3.3201503e14,8.454354,178.57927,3.3201503e14
5127,3.3201503e14,8.4545555,178.62186,3.3201503e14
5128,3.3201503e14,8.454369,178.6728,3.3201503e14
5129,3.3201503e14,8.454577,178.71513,3.3201503e14
5130,3.3201503e14,8.454449,178.76483,3.3201503e14
5131,3.3201503e14,8.4545555,178.80939,3.3201503e14
5132,3.3201503e14,8.454559,178.85616,3.3201503e14
5133,3.3201503e14,8.45453,178.90361,3.3201503e14
5134,3.3201503e14,8.454648,178.94771,3.3201503e14
5135,3.3201503e14,8.454541,178.99686,3.3201503e14
5136,3.3201503e14,8.454702,179.04002,3.3201503e14
5137,3.3201503e14,8.454596,179.08902,3.3201503e14
5138,3.3201503e14,8.454716,179.13307,3.3201503e14
5139,3.3201503e14,8.454681,179.18044,3.3201503e14
5140,3.3201503e14,8.45472,179.22632,3.3201503e14
5141,3.3201503e14,8.454773,179.27177,3.3201503e14
5142,3.3201503e14,8.454733,179.319,3.3201503e14
5143,3.3201503e14,8.454843,179.36317,3.3201503e14
5144,3.3201503e14,8.45478,179.41107,3.3201503e14
5145,3.3201503e14,8.454892,179.45515,3.3201503e14
5146,3.3201503e14,8.454848,179.50244,3.3201503e14
5147,3.3201503e14,8.454918,179.54726,3.3201503e14
5148,3.3201503e14,8.454927,179.59341,3.3201503e14
5149,3.3201503e14,8.454947,179.63924,3.3201503e14
5150,3.3201503e14,8.455008,179.68416,3.3201503e14
5151,3.3201503e14,8.454987,179.73083,3.3201503e14
5152,3.3201503e14,8.455074,179.77515,3.3201503e14
5153,3.3201503e14,8.455041,179.82182,3.3201503e14
5154,3.3201503e14,8.455125,179.8661,3.3201503e14
5155,3.3201503e14,8.4551115,179.9123,3.3201503e14
5156,3.3201503e14,8.455168,179.95697,3.3201503e14
5157,3.3201503e14,8.455185,180.00232,3.3201503e14
5158,3.3201503e14,8.455209,180.0476,3.3201503e14
5159,3.3201503e14,8.455256,180.09216,3.3201503e14
5160,3.3201503e14,8.455257,180.13788,3.3201503e14
5161,3.3201503e14,8.455325,180.18188,3.3201503e14
5162,3.3201503e14,8.455314,180.22752,3.3201503e14
5163,3.3201503e14,8.455385,180.2714,3.3201503e14
5164,3.3201503e14,8.455132,180.31718,3.3201503e14
5165,3.3201503e14,8.454906,180.36816,3.3201503e14
5166,3.3201503e14,8.455164,180.4062,3.3201503e14
5167,3.3201503e14,8.454596,180.46669,3.3201503e14
5168,3.3201503e14,8.455287,180.4917,3.3201503e14
5169,3.3201503e14,8.454275,180.55885,3.3201503e14
5170,3.3201503e14,8.455467,180.5726,3.3201503e14
5171,3.3201503e14,8.45443,180.64423,3.3201503e14
5172,3.3201503e14,8.455916,180.65276,3.3201503e14
5173,3.3201503e14,8.454528,180.72447,3.3201503e14
5174,3.3201503e14,8.455445,180.74255,3.3201503e14
5175,3.3201503e14,8.454652,180.80322,3.3201503e14
5176,3.3201503e14,8.454981,180.8387,3.3201503e14
5177,3.3201503e14,8.454904,180.88142,3.3201503e14
5178,3.3201503e14,8.454417,180.93129,3.3201503e14
5179,3.3201503e14,8.45495,180.95734,3.3201503e14
5180,3.3201503e14,8.45424,181.01491,3.3201503e14
5181,3.3201503e14,8.455287,181.03287,3.3201503e14
5182,3.3201503e14,8.454601,181.08958,3.3201503e14
5183,3.3201503e14,8.455413,181.10916,3.3201503e14
5184,3.3201503e14,8.454882,181.15894,3.3201503e14
5185,3.3201503e14,8.455293,181.18797,3.3201503e14
5186,3.3201503e14,8.45524,181.22864,3.3201503e14
5187,3.3201503e14,8.455155,181.26897,3.3201503e14
5188,3.3201503e14,8.455358,181.30037,3.3201503e14
5189,3.3201503e14,8.454818,181.34755,3.3201503e14
5190,3.3201503e14,8.455255,181.37251,3.3201503e14
5191,3.3201503e14,8.454718,181.42061,3.3201503e14
5192,3.3201503e14,8.455266,181.4429,3.3201503e14
5193,3.3201503e14,8.454832,181.48581,3.3201503e14
5194,3.3201503e14,8.455181,181.5088,3.3201503e14
5195,3.3201503e14,8.455005,181.54355,3.3201503e14
5196,3.3201503e14,8.455183,181.56984,3.3201503e14
5197,3.3201503e14,8.455295,181.59627,3.3201503e14
5198,3.3201503e14,8.455179,181.62543,3.3201503e14
5199,3.3201503e14,8.455379,181.64442,3.3201503e14
5200,3.3201503e14,8.455045,181.67374,3.3201503e14
5201,3.3201503e14,8.455342,181.68694,3.3201503e14
5202,3.3201503e14,8.454999,181.71254,3.3201503e14
5203,3.3201503e14,8.455265,181.72047,3.3201503e14
5204,3.3201503e14,8.454947,181.73781,3.3201503e14
5205,3.3201503e14,8.455113,181.74033,3.3201503e14
5206,3.3201503e14,8.454973,181.74634,3.3201503e14
5207,3.3201503e14,8.455074,181.74263,3.3201503e14
5208,3.3201503e14,8.455105,181.73544,3.3201503e14
5209,3.3201503e14,8.455055,181.72386,3.3201503e14
5210,3.3201503e14,8.45516,181.7027,3.3201503e14
5211,3.3201503e14,8.455017,181.68146,3.3201503e14
5212,3.3201503e14,8.455204,181.64671,3.3201503e14
5213,3.3201503e14,8.45501,181.61418,3.3201503e14
5214,3.3201503e14,8.455161,181.567,3.3201503e14
5215,3.3201503e14,8.454929,181.523,3.3201503e14
5216,3.3201503e14,8.455051,181.46637,3.3201503e14
5217,3.3201503e14,8.454876,181.41327,3.3201503e14
5218,3.3201503e14,8.454951,181.35194,3.3201503e14
5219,3.3201503e14,8.4548025,181.2945,3.3201503e14
5220,3.3201503e14,8.454782,181.23456,3.3201503e14
5221,3.3201503e14,8.454673,181.17897,3.3201503e14
5222,3.3201503e14,8.454587,181.12651,3.3201503e14
5223,3.3201503e14,8.4545145,181.07869,3.3201503e14
5224,3.3201503e14,8.454346,181.03908,3.3201503e14
5225,3.3201503e14,8.454265,181.00453,3.3201503e14
5226,3.3201503e14,8.45403,180.9818,3.3201503e14
5227,3.3201503e14,8.453948,180.96437,3.3201503e14
5228,3.3201503e14,8.453677,180.961,3.3201503e14
5229,3.3201503e14,8.453581,180.96303,3.3201503e14
5230,3.3201503e14,8.453269,180.97972,3.3201503e14
5231,3.3201503e14,8.453144,181.001,3.3201503e14
5232,3.3201503e14,8.452814,181.03586,3.3201503e14
5233,3.3201503e14,8.452673,181.07417,3.3201503e14
5234,3.3201503e14,8.452332,181.12361,3.3201503e14
5235,3.3201503e14,8.452143,181.17494,3.3201503e14
5236,3.3201503e14,8.4517765,181.23439,3.3201503e14
5237,3.3201503e14,8.451542,181.29387,3.3201503e14
5238,3.3201503e14,8.451161,181.35846,3.3201503e14
5239,3.3201503e14,8.45088,181.42111,3.3201503e14
5240,3.3201503e14,8.450473,181.48598,3.3201503e14
5241,3.3201503e14,8.450135,181.54732,3.3201503e14
5242,3.3201503e14,8.449698,181.6082,3.3201503e14
5243,3.3201503e14,8.449318,181.66425,3.3201503e14
5244,3.3201503e14,8.4488535,181.71782,3.3201503e14
5245,3.3201503e14,8.44841,181.76564,3.3201503e14
5246,3.3201503e14,8.447895,181.80936,3.3201503e14
5247,3.3201503e14,8.4473915,181.84677,3.3201503e14
5248,3.3201503e14,8.446824,181.87927,3.3201503e14
5249,3.3201503e14,8.446246,181.90514,3.3201503e14
5250,3.3201503e14,8.4456,181.92554,3.3201503e14
5251,3.3201503e14,8.444929,181.9392,3.3201503e14
5252,3.3201503e14,8.444188,181.94716,3.3201503e14
5253,3.3201503e14,8.443418,181.94843,3.3201503e14
5254,3.3201503e14,8.442577,181.94377,3.3201503e14
5255,3.3201503e14,8.44169,181.93245,3.3201503e14
5256,3.3201503e14,8.4407215,181.91515,3.3201503e14
5257,3.3201503e14,8.439698,181.89119,3.3201503e14
5258,3.3201503e14,8.43859,181.86107,3.3201503e14
5259,3.3201503e14,8.437416,181.82423,3.3201503e14
5260,3.3201503e14,8.436153,181.781,3.3201503e14
5261,3.3201503e14,8.434808,181.73094,3.3201503e14
5262,3.3201503e14,8.433359,181.67427,3.3201503e14
5263,3.3201503e14,8.431829,181.61081,3.3201503e14
5264,3.3201503e14,8.430188,181.54086,3.3201503e14
5265,3.3201503e14,8.42846,181.46404,3.3201503e14
5266,3.3201503e14,8.426616,181.38132,3.3201503e14
5267,3.3201503e14,8.424696,181.2922,3.3201503e14
5268,3.3201503e14,8.422658,181.19833,3.3201503e14
5269,3.3201503e14,8.4205675,181.09946,3.3201503e14
5270,3.3201503e14,8.418373,180.99783,3.3201503e14
5271,3.3201503e14,8.416146,180.89331,3.3201503e14
5272,3.3201503e14,8.413836,180.78905,3.3201503e14
5273,3.3201503e14,8.411544,180.68452,3.3201503e14
5274,3.3201503e14,8.40918,180.58405,3.3201503e14
5275,3.3201503e14,8.406905,180.48625,3.3201503e14
5276,3.3201503e14,8.404563,180.39658,3.3201503e14
5277,3.3201503e14,8.402378,180.3118,3.3201503e14
5278,3.3201503e14,8.400118,180.23912,3.3201503e14
5279,3.3201503e14,8.39811,180.17229,3.3201503e14
5280,3.3201503e14,8.395969,180.12149,3.3201503e14
5281,3.3201503e14,8.394203,180.0758,3.3201503e14
5282,3.3201503e14,8.392179,180.04971,3.3201503e14
5283,3.3201503e14,8.390692,180.02551,3.3201503e14
5284,3.3201503e14,8.388749,180.02582,3.3201503e14
5285,3.3201503e14,8.387604,180.0216,3.3201503e14
5286,3.3201503e14,8.385632,180.04875,3.3201503e14
5287,3.3201503e14,8.384887,180.06027,3.3201503e14
5288,3.3201503e14,8.382729,180.11502,3.3201503e14
5289,3.3201503e14,8.382528,180.136,3.3201503e14
5290,3.3201503e14,8.379937,180.21965,3.3201503e14
5291,3.3201503e14,8.380499,180.24077,3.3201503e14
5292,3.3201503e14,8.377132,180.3568,3.3201503e14
5293,3.3201503e14,8.378784,180.36685,3.3201503e14
5294,3.3201503e14,8.374283,180.51869,3.3201503e14
5295,3.3201503e14,8.377233,180.50836,3.3201503e14
5296,3.3201503e14,8.37165,180.68779,3.3201503e14
5297,3.3201503e14,8.375239,180.6645,3.3201503e14
5298,3.3201503e14,8.36998,180.83234,3.3201503e14
5299,3.3201503e14,8.372024,180.83905,3.3201503e14
5300,3.3201503e14,8.369457,180.94589,3.3201503e14
5301,3.3201503e14,8.368132,181.02612,3.3201503e14
5302,3.3201503e14,8.368855,181.06102,3.3201503e14
5303,3.3201503e14,8.365022,181.19116,3.3201503e14
5304,3.3201503e14,8.367002,181.18924,3.3201503e14
5305,3.3201503e14,8.363324,181.3033,3.3201503e14
5306,3.3201503e14,8.363675,181.32608,3.3201503e14
5307,3.3201503e14,8.362445,181.37994,3.3201503e14
5308,3.3201503e14,8.360138,181.45383,3.3201503e14
5309,3.3201503e14,8.360992,181.45483,3.3201503e14
5310,3.3201503e14,8.357623,181.54045,3.3201503e14
5311,3.3201503e14,8.358211,181.53511,3.3201503e14
5312,3.3201503e14,8.356107,181.58252,3.3201503e14
5313,3.3201503e14,8.354704,181.61153,3.3201503e14
5314,3.3201503e14,8.354567,181.60959,3.3201503e14
5315,3.3201503e14,8.351754,181.6601,3.3201503e14
5316,3.3201503e14,8.35209,181.63805,3.3201503e14
5317,3.3201503e14,8.3497305,181.66887,3.3201503e14
5318,3.3201503e14,8.348809,181.66495,3.3201503e14
5319,3.3201503e14,8.34798,181.65582,3.3201503e14
5320,3.3201503e14,8.345709,181.67389,3.3201503e14
5321,3.3201503e14,8.345678,181.64032,3.3201503e14
5322,3.3201503e14,8.343353,181.65141,3.3201503e14
5323,3.3201503e14,8.342668,181.62411,3.3201503e14
5324,3.3201503e14,8.34141,181.606,3.3201503e14
5325,3.3201503e14,8.3395815,181.5969,3.3201503e14
5326,3.3201503e14,8.339183,181.55447,3.3201503e14
5327,3.3201503e14,8.33702,181.54617,3.3201503e14
5328,3.3201503e14,8.3364,181.50195,3.3201503e14
5329,3.3201503e14,8.334904,181.47372,3.3201503e14
5330,3.3201503e14,8.333429,181.4425,3.3201503e14
5331,3.3201503e14,8.332726,181.39261,3.3201503e14
5332,3.3201503e14,8.330779,181.36633,3.3201503e14
5333,3.3201503e14,8.330143,181.3101,3.3201503e14
5334,3.3201503e14,8.328544,181.27248,3.3201503e14
5335,3.3201503e14,8.327335,181.2251,3.3201503e14
5336,3.3201503e14,8.326391,181.17091,3.3201503e14
5337,3.3201503e14,8.324687,181.1317,3.3201503e14
5338,3.3201503e14,8.323974,181.07115,3.3201503e14
5339,3.3201503e14,8.322367,181.02916,3.3201503e14
5340,3.3201503e14,8.321324,180.97594,3.3201503e14
5341,3.3201503e14,8.320205,180.9251,3.3201503e14
5342,3.3201503e14,8.318714,180.88304,3.3201503e14
5343,3.3201503e14,8.317895,180.8286,3.3201503e14
5344,3.3201503e14,8.316333,180.79144,3.3201503e14
5345,3.3201503e14,8.315374,180.744,3.3201503e14
5346,3.3201503e14,8.314125,180.70506,3.3201503e14
5347,3.3201503e14,8.312819,180.67014,3.3201503e14
5348,3.3201503e14,8.31188,180.6303,3.3201503e14
5349,3.3201503e14,8.310402,180.60431,3.3201503e14
5350,3.3201503e14,8.309461,180.56998,3.3201503e14
5351,3.3201503e14,8.308147,180.54637,3.3201503e14
5352,3.3201503e14,8.30697,180.5227,3.3201503e14
5353,3.3201503e14,8.305922,180.49884,3.3201503e14
5354,3.3201503e14,8.304549,180.48422,3.3201503e14
5355,3.3201503e14,8.303594,180.46326,3.3201503e14
5356,3.3201503e14,8.30226,180.45201,3.3201503e14
5357,3.3201503e14,8.301172,180.43782,3.3201503e14
5358,3.3201503e14,8.300042,180.42609,3.3201503e14
5359,3.3201503e14,8.298768,180.41878,3.3201503e14
5360,3.3201503e14,8.297765,180.40701,3.3201503e14
5361,3.3201503e14,8.296452,180.40282,3.3201503e14
5362,3.3201503e14,8.295409,180.39403,3.3201503e14
5363,3.3201503e14,8.294217,180.38893,3.3201503e14
5364,3.3201503e14,8.293025,180.3844,3.3201503e14
5365,3.3201503e14,8.291966,180.37749,3.3201503e14
5366,3.3201503e14,8.290692,180.37537,3.3201503e14
5367,3.3201503e14,8.289657,180.36873,3.3201503e14
5368,3.3201503e14,8.288436,180.36607,3.3201503e14
5369,3.3201503e14,8.287301,180.36159,3.3201503e14
5370,3.3201503e14,8.286182,180.35695,3.3201503e14
5371,3.3201503e14,8.284958,180.35455,3.3201503e14
5372,3.3201503e14,8.283897,180.3491,3.3201503e14
5373,3.3201503e14,8.28267,180.347,3.3201503e14
5374,3.3201503e14,8.281567,180.34244,3.3201503e14
5375,3.3201503e14,8.280407,180.33925,3.3201503e14
5376,3.3201503e14,8.279226,180.33655,3.3201503e14
5377,3.3201503e14,8.278135,180.33232,3.3201503e14
5378,3.3201503e14,8.277008,180.33072,3.3201503e14
5379,3.3201503e14,8.275952,180.32713,3.3201503e14
5380,3.3201503e14,8.2746725,180.32848,3.3201503e14
5381,3.3201503e14,8.2735405,180.32948,3.3201503e14
5382,3.3201503e14,8.272333,180.33517,3.3201503e14
5383,3.3201503e14,8.271327,180.33992,3.3201503e14
5384,3.3201503e14,8.270374,180.34409,3.3201503e14
5385,3.3201503e14,8.269347,180.34738,3.3201503e14
5386,3.3201503e14,8.268371,180.34673,3.3201503e14
5387,3.3201503e14,8.26736,180.34605,3.3201503e14
5388,3.3201503e14,8.266596,180.34138,3.3201503e14
5389,3.3201503e14,8.265923,180.33635,3.3201503e14
5390,3.3201503e14,8.2653055,180.32999,3.3201503e14
5391,3.3201503e14,8.264688,180.32243,3.3201503e14
5392,3.3201503e14,8.263964,180.31578,3.3201503e14
5393,3.3201503e14,8.263275,180.3076,3.3201503e14
5394,3.3201503e14,8.262482,180.30107,3.3201503e14
5395,3.3201503e14,8.261704,180.29428,3.3201503e14
5396,3.3201503e14,8.260925,180.2882,3.3201503e14
5397,3.3201503e14,8.260148,180.28278,3.3201503e14
5398,3.3201503e14,8.2594,180.2767,3.3201503e14
5399,3.3201503e14,8.258551,180.27147,3.3201503e14
5400,3.3201503e14,8.257676,180.26538,3.3201503e14
5401,3.3201503e14,8.2567625,180.2596,3.3201503e14
5402,3.3201503e14,8.255903,180.25345,3.3201503e14
5403,3.3201503e14,8.255096,180.24698,3.3201503e14
5404,3.3201503e14,8.25425,180.24072,3.3201503e14
5405,3.3201503e14,8.25337,180.2333,3.3201503e14
5406,3.3201503e14,8.252416,180.22568,3.3201503e14
5407,3.3201503e14,8.251477,180.21684,3.3201503e14
5408,3.3201503e14,8.25057,180.2074,3.3201503e14
5409,3.3201503e14,8.249698,180.1972,3.3201503e14
5410,3.3201503e14,8.248861,180.18568,3.3201503e14
5411,3.3201503e14,8.247998,180.17346,3.3201503e14
5412,3.3201503e14,8.24715,180.1597,3.3201503e14
5413,3.3201503e14,8.246288,180.14536,3.3201503e14
5414,3.3201503e14,8.245449,180.13033,3.3201503e14
5415,3.3201503e14,8.244631,180.11487,3.3201503e14
5416,3.3201503e14,8.243798,180.09924,3.3201503e14
5417,3.3201503e14,8.24296,180.08339,3.3201503e14
5418,3.3201503e14,8.242077,180.0678,3.3201503e14
5419,3.3201503e14,8.241177,180.05217,3.3201503e14
5420,3.3201503e14,8.240246,180.0367,3.3201503e14
5421,3.3201503e14,8.239301,180.02148,3.3201503e14
5422,3.3201503e14,8.238357,180.0061,3.3201503e14
5423,3.3201503e14,8.2374,179.99107,3.3201503e14
5424,3.3201503e14,8.236466,179.97565,3.3201503e14
5425,3.3201503e14,8.235517,179.96034,3.3201503e14
5426,3.3201503e14,8.23458,179.94469,3.3201503e14
5427,3.3201503e14,8.233354,179.92957,3.3201503e14
5428,3.3201503e14,8.23186,179.92134,3.3201503e14
5429,3.3201503e14,8.23087,179.9071,3.3201503e14
5430,3.3201503e14,8.229667,179.89967,3.3201503e14
5431,3.3201503e14,8.228676,179.8842,3.3201503e14
5432,3.3201503e14,8.227454,179.87006,3.3201503e14
5433,3.3201503e14,8.226449,179.85268,3.3201503e14
5434,3.3201503e14,8.225816,179.8323,3.3201503e14
5435,3.3201503e14,8.225175,179.81528,3.3201503e14
5436,3.3201503e14,8.224682,179.79338,3.3201503e14
5437,3.3201503e14,8.223766,179.77795,3.3201503e14
5438,3.3201503e14,8.22295,179.75998,3.3201503e14
5439,3.3201503e14,8.222022,179.74774,3.3201503e14
5440,3.3201503e14,8.221134,179.73726,3.3201503e14
5441,3.3201503e14,8.220172,179.72798,3.3201503e14
5442,3.3201503e14,8.218961,179.72244,3.3201503e14
5443,3.3201503e14,8.217878,179.7142,3.3201503e14
5444,3.3201503e14,8.216799,179.71004,3.3201503e14
5445,3.3201503e14,8.215932,179.70271,3.3201503e14
5446,3.3201503e14,8.214878,179.69986,3.3201503e14
5447,3.3201503e14,8.213977,179.69536,3.3201503e14
5448,3.3201503e14,8.213184,179.69264,3.3201503e14
5449,3.3201503e14,8.212567,179.6896,3.3201503e14
5450,3.3201503e14,8.212013,179.68556,3.3201503e14
5451,3.3201503e14,8.211225,179.68398,3.3201503e14
5452,3.3201503e14,8.210419,179.68057,3.3201503e14
5453,3.3201503e14,8.209535,179.68024,3.3201503e14
5454,3.3201503e14,8.208882,179.6783,3.3201503e14
5455,3.3201503e14,8.20825,179.67868,3.3201503e14
5456,3.3201503e14,8.207616,179.67935,3.3201503e14
5457,3.3201503e14,8.206945,179.68007,3.3201503e14
5458,3.3201503e14,8.206224,179.6817,3.3201503e14
5459,3.3201503e14,8.205594,179.68185,3.3201503e14
5460,3.3201503e14,8.204919,179.68382,3.3201503e14
5461,3.3201503e14,8.204341,179.6851,3.3201503e14
5462,3.3201503e14,8.20378,179.68823,3.3201503e14
5463,3.3201503e14,8.203296,179.69127,3.3201503e14
5464,3.3201503e14,8.202789,179.69524,3.3201503e14
5465,3.3201503e14,8.202157,179.70073,3.3201503e14
5466,3.3201503e14,8.201471,179.7067,3.3201503e14
5467,3.3201503e14,8.200736,179.71478,3.3201503e14
5468,3.3201503e14,8.2001,179.72292,3.3201503e14
5469,3.3201503e14,8.199459,179.7327,3.3201503e14
5470,3.3201503e14,8.198809,179.74254,3.3201503e14
5471,3.3201503e14,8.198107,179.7529,3.3201503e14
5472,3.3201503e14,8.197396,179.76332,3.3201503e14
5473,3.3201503e14,8.196739,179.7732,3.3201503e14
5474,3.3201503e14,8.196097,179.78346,3.3201503e14
5475,3.3201503e14,8.195509,179.79305,3.3201503e14
5476,3.3201503e14,8.19492,179.80315,3.3201503e14
5477,3.3201503e14,8.194384,179.8127,3.3201503e14
5478,3.3201503e14,8.193844,179.8225,3.3201503e14
5479,3.3201503e14,8.193275,179.83218,3.3201503e14
5480,3.3201503e14,8.192678,179.84213,3.3201503e14
5481,3.3201503e14,8.19207,179.85248,3.3201503e14
5482,3.3201503e14,8.191508,179.86272,3.3201503e14
5483,3.3201503e14,8.190957,179.8734,3.3201503e14
5484,3.3201503e14,8.190414,179.88388,3.3201503e14
5485,3.3201503e14,8.189822,179.89453,3.3201503e14
5486,3.3201503e14,8.18923,179.90503,3.3201503e14
5487,3.3201503e14,8.188647,179.91545,3.3201503e14
5488,3.3201503e14,8.1880865,179.92584,3.3201503e14
5489,3.3201503e14,8.18754,179.93607,3.3201503e14
5490,3.3201503e14,8.18698,179.94662,3.3201503e14
5491,3.3201503e14,8.186436,179.95659,3.3201503e14
5492,3.3201503e14,8.185874,179.96703,3.3201503e14
5493,3.3201503e14,8.185324,179.97688,3.3201503e14
5494,3.3201503e14,8.184739,179.98706,3.3201503e14
5495,3.3201503e14,8.184171,179.9969,3.3201503e14
5496,3.3201503e14,8.183607,180.00674,3.3201503e14
5497,3.3201503e14,8.183068,180.0164,3.3201503e14
5498,3.3201503e14,8.182543,180.02553,3.3201503e14
5499,3.3201503e14,8.181998,180.03474,3.3201503e14
5500,3.3201503e14,8.181466,180.04332,3.3201503e14
5501,3.3201503e14,8.180923,180.05206,3.3201503e14
5502,3.3201503e14,8.180421,180.06013,3.3201503e14
5503,3.3201503e14,8.179915,180.06845,3.3201503e14
5504,3.3201503e14,8.179422,180.07631,3.3201503e14
5505,3.3201503e14,8.178914,180.0842,3.3201503e14
5506,3.3201503e14,8.1784115,180.09207,3.3201503e14
5507,3.3201503e14,8.177913,180.09967,3.3201503e14
5508,3.3201503e14,8.1774025,180.10745,3.3201503e14
5509,3.3201503e14,8.176908,180.11476,3.3201503e14
5510,3.3201503e14,8.1764,180.12253,3.3201503e14
5511,3.3201503e14,8.175921,180.1297,3.3201503e14
5512,3.3201503e14,8.175428,180.13727,3.3201503e14
5513,3.3201503e14,8.174954,180.1443,3.3201503e14
5514,3.3201503e14,8.174465,180.15155,3.3201503e14
5515,3.3201503e14,8.1739855,180.15842,3.3201503e14
5516,3.3201503e14,8.173513,180.1653,3.3201503e14
5517,3.3201503e14,8.17305,180.17224,3.3201503e14
5518,3.3201503e14,8.172597,180.17888,3.3201503e14
5519,3.3201503e14,8.172137,180.18573,3.3201503e14
5520,3.3201503e14,8.171694,180.19215,3.3201503e14
5521,3.3201503e14,8.171227,180.1989,3.3201503e14
5522,3.3201503e14,8.170792,180.2052,3.3201503e14
5523,3.3201503e14,8.170343,180.21172,3.3201503e14
5524,3.3201503e14,8.169913,180.21796,3.3201503e14
5525,3.3201503e14,8.169483,180.22432,3.3201503e14
5526,3.3201503e14,8.169062,180.23059,3.3201503e14
5527,3.3201503e14,8.168641,180.23686,3.3201503e14
5528,3.3201503e14,8.168219,180.24307,3.3201503e14
5529,3.3201503e14,8.167805,180.24913,3.3201503e14
5530,3.3201503e14,8.167393,180.25525,3.3201503e14
5531,3.3201503e14,8.166996,180.2613,3.3201503e14
5532,3.3201503e14,8.166597,180.26743,3.3201503e14
5533,3.3201503e14,8.166204,180.2734,3.3201503e14
5534,3.3201503e14,8.165807,180.27943,3.3201503e14
5535,3.3201503e14,8.165414,180.2854,3.3201503e14
5536,3.3201503e14,8.165028,180.29143,3.3201503e14
5537,3.3201503e14,8.164639,180.2974,3.3201503e14
5538,3.3201503e14,8.16426,180.3033,3.3201503e14
5539,3.3201503e14,8.163883,180.30923,3.3201503e14
5540,3.3201503e14,8.163509,180.31514,3.3201503e14
5541,3.3201503e14,8.163143,180.32088,3.3201503e14
5542,3.3201503e14,8.162776,180.3266,3.3201503e14
5543,3.3201503e14,8.162411,180.33226,3.3201503e14
5544,3.3201503e14,8.162052,180.33783,3.3201503e14
5545,3.3201503e14,8.161694,180.34346,3.3201503e14
5546,3.3201503e14,8.1613455,180.34883,3.3201503e14
5547,3.3201503e14,8.160996,180.35425,3.3201503e14
5548,3.3201503e14,8.160656,180.35959,3.3201503e14
5549,3.3201503e14,8.160305,180.36482,3.3201503e14
5550,3.3201503e14,8.15996,180.36987,3.3201503e14
5551,3.3201503e14,8.159622,180.37502,3.3201503e14
5552,3.3201503e14,8.159285,180.3798,3.3201503e14
5553,3.3201503e14,8.15895,180.38477,3.3201503e14
5554,3.3201503e14,8.158616,180.38943,3.3201503e14
5555,3.3201503e14,8.158286,180.39403,3.3201503e14
5556,3.3201503e14,8.157958,180.3984,3.3201503e14
5557,3.3201503e14,8.157633,180.40263,3.3201503e14
5558,3.3201503e14,8.157307,180.40677,3.3201503e14
5559,3.3201503e14,8.156982,180.41069,3.3201503e14
5560,3.3201503e14,8.156654,180.41446,3.3201503e14
5561,3.3201503e14,8.156337,180.41798,3.3201503e14
5562,3.3201503e14,8.156012,180.42139,3.3201503e14
5563,3.3201503e14,8.155695,180.4244,3.3201503e14
5564,3.3201503e14,8.15537,180.42738,3.3201503e14
5565,3.3201503e14,8.15505,180.4299,3.3201503e14
5566,3.3201503e14,8.154725,180.43233,3.3201503e14
5567,3.3201503e14,8.154406,180.43416,3.3201503e14
5568,3.3201503e14,8.154078,180.43585,3.3201503e14
5569,3.3201503e14,8.153768,180.43698,3.3201503e14
5570,3.32015e14,8.153439,180.4379,3.32015e14
5571,3.32015e14,8.153129,180.43822,3.32015e14
5572,3.32015e14,8.152797,180.43826,3.32015e14
5573,3.32015e14,8.152477,180.43744,3.32015e14
5574,3.32015e14,8.152144,180.43654,3.32015e14
5575,3.32015e14,8.151819,180.43448,3.32015e14
5576,3.32015e14,8.151476,180.43233,3.32015e14
5577,3.32015e14,8.1511545,180.42888,3.32015e14
5578,3.32015e14,8.1508045,180.42516,3.32015e14
5579,3.32015e14,8.150479,180.41995,3.32015e14
5580,3.32015e14,8.150121,180.41461,3.32015e14
5581,3.32015e14,8.149789,180.40732,3.32015e14
5582,3.32015e14,8.149415,180.39978,3.32015e14
5583,3.32015e14,8.149073,180.39003,3.32015e14
5584,3.32015e14,8.148686,180.37982,3.32015e14
5585,3.32015e14,8.148341,180.3672,3.32015e14
5586,3.32015e14,8.147939,180.35396,3.32015e14
5587,3.32015e14,8.147701,180.33792,3.32015e14
5588,3.32015e14,8.147551,180.32057,3.32015e14
5589,3.32015e14,8.147579,180.29787,3.32015e14
5590,3.32015e14,8.147416,180.27496,3.32015e14
5591,3.32015e14,8.147353,180.24518,3.32015e14
5592,3.32015e14,8.146979,180.21735,3.32015e14
5593,3.32015e14,8.14683,180.18225,3.32015e14
5594,3.32015e14,8.146413,180.15,3.32015e14
5595,3.32015e14,8.14633,180.10861,3.32015e14
5596,3.32015e14,8.145924,180.07013,3.32015e14
5597,3.32015e14,8.145814,180.021,3.32015e14
5598,3.32015e14,8.145274,179.97488,3.32015e14
5599,3.32015e14,8.145062,179.91605,3.32015e14
5600,3.32015e14,8.144418,179.86005,3.32015e14
5601,3.32015e14,8.144235,179.78993,3.32015e14
5602,3.32015e14,8.143618,179.72395,3.32015e14
5603,3.32015e14,8.143526,179.64288,3.32015e14
5604,3.32015e14,8.142882,179.56754,3.32015e14
5605,3.32015e14,8.142772,179.47565,3.32015e14
5606,3.32015e14,8.141967,179.39189,3.32015e14
5607,3.32015e14,8.141796,179.29063,3.32015e14
5608,3.32015e14,8.140851,179.20139,3.32015e14
5609,3.32015e14,8.140734,179.09361,3.32015e14
5610,3.32015e14,8.139738,179.00229,3.32015e14
5611,3.32015e14,8.139726,178.89062,3.32015e14
5612,3.32015e14,8.138612,178.80093,3.32015e14
5613,3.32015e14,8.138649,178.68892,3.32015e14
5614,3.32015e14,8.137335,178.60544,3.32015e14
5615,3.32015e14,8.13744,178.4962,3.32015e14
5616,3.32015e14,8.135915,178.42252,3.32015e14
5617,3.32015e14,8.136142,178.31772,3.32015e14
5618,3.32015e14,8.134388,178.25671,3.32015e14
5619,3.32015e14,8.134737,178.15729,3.32015e14
5620,3.32015e14,8.132675,178.1091,3.32015e14
5621,3.32015e14,8.133112,178.01353,3.32015e14
5622,3.32015e14,8.130731,177.97649,3.32015e14
5623,3.32015e14,8.131267,177.88269,3.32015e14
5624,3.32015e14,8.1286745,177.85303,3.32015e14
5625,3.32015e14,8.129295,177.7594,3.32015e14
5626,3.32015e14,8.12662,177.73131,3.32015e14
5627,3.32015e14,8.127453,177.63719,3.32015e14
5628,3.32015e14,8.12526,177.60387,3.32015e14
5629,3.32015e14,8.126131,177.50818,3.32015e14
5630,3.32015e14,8.124269,177.46199,3.32015e14
5631,3.32015e14,8.12465,177.36668,3.32015e14
5632,3.32015e14,8.123184,177.30399,3.32015e14
5633,3.32015e14,8.12311,177.21088,3.32015e14
5634,3.32015e14,8.12216,177.13104,3.32015e14
5635,3.32015e14,8.12157,177.04118,3.32015e14
5636,3.32015e14,8.121102,176.94643,3.32015e14
5637,3.32015e14,8.120026,176.86089,3.32015e14
5638,3.32015e14,8.119778,176.75642,3.32015e14
5639,3.32015e14,8.118268,176.67387,3.32015e14
5640,3.32015e14,8.118127,176.56372,3.32015e14
5641,3.32015e14,8.116512,176.48196,3.32015e14
5642,3.32015e14,8.116427,176.37128,3.32015e14
5643,3.32015e14,8.114836,176.29013,3.32015e14
5644,3.32015e14,8.114608,176.18419,3.32015e14
5645,3.32015e14,8.113439,176.10309,3.32015e14
5646,3.32015e14,8.11338,176.00346,3.32015e14
5647,3.32015e14,8.112444,175.92198,3.32015e14
5648,3.32015e14,8.112022,175.83122,3.32015e14
5649,3.32015e14,8.111016,175.75186,3.32015e14
5650,3.32015e14,8.110061,175.673,3.32015e14
5651,3.32015e14,8.109121,175.59755,3.32015e14
5652,3.32015e14,8.108054,175.52977,3.32015e14
5653,3.32015e14,8.107435,175.45824,3.32015e14
5654,3.32015e14,8.106312,175.3995,3.32015e14
5655,3.32015e14,8.105735,175.33217,3.32015e14
5656,3.32015e14,8.104426,175.28012,3.32015e14
5657,3.32015e14,8.103843,175.2165,3.32015e14
5658,3.32015e14,8.102587,175.16847,3.32015e14
5659,3.32015e14,8.102133,175.10869,3.32015e14
5660,3.32015e14,8.101036,175.06436,3.32015e14
5661,3.32015e14,8.100631,175.00993,3.32015e14
5662,3.32015e14,8.099654,174.96857,3.32015e14
5663,3.32015e14,8.099225,174.91907,3.32015e14
5664,3.32015e14,8.098361,174.87947,3.32015e14
5665,3.32015e14,8.0978565,174.83447,3.32015e14
5666,3.32015e14,8.097062,174.79662,3.32015e14
5667,3.32015e14,8.096501,174.75633,3.32015e14
5668,3.32015e14,8.095872,174.7201,3.32015e14
5669,3.32015e14,8.095392,174.68404,3.32015e14
5670,3.32015e14,8.094967,174.64932,3.32015e14
5671,3.32015e14,8.094496,174.61723,3.32015e14
5672,3.32015e14,8.094114,174.5848,3.32015e14
5673,3.32015e14,8.093558,174.55704,3.32015e14
5674,3.32015e14,8.093197,174.52724,3.32015e14
5675,3.32015e14,8.092633,174.5036,3.32015e14
5676,3.32015e14,8.092347,174.4769,3.32015e14
5677,3.32015e14,8.091783,174.45758,3.32015e14
5678,3.32015e14,8.091515,174.43414,3.32015e14
5679,3.32015e14,8.090907,174.4184,3.32015e14
5680,3.32015e14,8.090644,174.39725,3.32015e14
5681,3.32015e14,8.090019,174.38399,3.32015e14
5682,3.32015e14,8.089777,174.36429,3.32015e14
5683,3.32015e14,8.08914,174.35294,3.32015e14
5684,3.32015e14,8.088921,174.3343,3.32015e14
5685,3.32015e14,8.088303,174.32413,3.32015e14
5686,3.32015e14,8.088148,174.30595,3.32015e14
5687,3.32015e14,8.087553,174.29659,3.32015e14
5688,3.32015e14,8.087429,174.27824,3.32015e14
5689,3.32015e14,8.086801,174.26935,3.32015e14
5690,3.32015e14,8.086682,174.25072,3.32015e14
5691,3.32015e14,8.086032,174.24226,3.32015e14
5692,3.32015e14,8.085978,174.22296,3.32015e14
5693,3.32015e14,8.085339,174.21501,3.32015e14
5694,3.32015e14,8.085361,174.19472,3.32015e14
5695,3.32015e14,8.084698,174.18748,3.32015e14
5696,3.32015e14,8.084779,174.1663,3.32015e14
5697,3.32015e14,8.084071,174.16025,3.32015e14
5698,3.32015e14,8.084236,174.13817,3.32015e14
5699,3.32015e14,8.083468,174.13388,3.32015e14
5700,3.32015e14,8.0837345,174.11058,3.32015e14
5701,3.32015e14,8.08288,174.10907,3.32015e14
5702,3.32015e14,8.083273,174.0847,3.32015e14
5703,3.32015e14,8.082305,174.08661,3.32015e14
5704,3.32015e14,8.082845,174.06067,3.32015e14
5705,3.32015e14,8.081731,174.06654,3.32015e14
5706,3.32015e14,8.082453,174.03845,3.32015e14
5707,3.32015e14,8.081152,174.04915,3.32015e14
5708,3.32015e14,8.082084,174.01814,3.32015e14
5709,3.32015e14,8.0806,174.034,3.32015e14
5710,3.32015e14,8.082135,173.99913,3.32015e14
5711,3.32015e14,8.080755,174.02005,3.32015e14
5712,3.32015e14,8.0822525,173.98166,3.32015e14
5713,3.32015e14,8.080199,174.00763,3.32015e14
5714,3.32015e14,8.081694,173.96687,3.32015e14
5715,3.32015e14,8.079759,173.99446,3.32015e14
5716,3.32015e14,8.081483,173.95343,3.32015e14
5717,3.32015e14,8.079672,173.97908,3.32015e14
5718,3.32015e14,8.081037,173.9439,3.32015e14
5719,3.32015e14,8.07958,173.96428,3.32015e14
5720,3.32015e14,8.080621,173.93956,3.32015e14
5721,3.32015e14,8.079872,173.94975,3.32015e14
5722,3.32015e14,8.080311,173.93661,3.32015e14
5723,3.32015e14,8.08014,173.93549,3.32015e14
5724,3.32015e14,8.080051,173.93304,3.32015e14
5725,3.32015e14,8.080405,173.92297,3.32015e14
5726,3.32015e14,8.079908,173.92924,3.32015e14
5727,3.32015e14,8.080647,173.91327,3.32015e14
5728,3.32015e14,8.079925,173.92542,3.32015e14
5729,3.32015e14,8.080774,173.9087,3.32015e14
5730,3.32015e14,8.079921,173.92389,3.32015e14
5731,3.32015e14,8.080624,173.91,3.32015e14
5732,3.32015e14,8.079882,173.9238,3.32015e14
5733,3.32015e14,8.08047,173.91411,3.32015e14
5734,3.32015e14,8.080086,173.92374,3.32015e14
5735,3.32015e14,8.080438,173.91966,3.32015e14
5736,3.32015e14,8.080305,173.92445,3.32015e14
5737,3.32015e14,8.080331,173.92621,3.32015e14
5738,3.32015e14,8.0804825,173.92642,3.32015e14
5739,3.32015e14,8.080354,173.93303,3.32015e14
5740,3.32015e14,8.080756,173.93027,3.32015e14
5741,3.32015e14,8.080456,173.94041,3.32015e14
5742,3.32015e14,8.080875,173.93677,3.32015e14
5743,3.32015e14,8.080458,173.94884,3.32015e14
5744,3.32015e14,8.080899,173.9455,3.32015e14
5745,3.32015e14,8.080548,173.95752,3.32015e14
5746,3.32015e14,8.080958,173.95537,3.32015e14
5747,3.32015e14,8.080675,173.96594,3.32015e14
5748,3.32015e14,8.080964,173.96565,3.32015e14
5749,3.32015e14,8.080804,173.9741,3.32015e14
5750,3.32015e14,8.081009,173.97598,3.32015e14
5751,3.32015e14,8.081007,173.98204,3.32015e14
5752,3.32015e14,8.081117,173.98604,3.32015e14
5753,3.32015e14,8.081214,173.99042,3.32015e14
5754,3.32015e14,8.0812,173.99675,3.32015e14
5755,3.32015e14,8.08135,174.00002,3.32015e14
5756,3.32015e14,8.081254,174.00815,3.32015e14
5757,3.32015e14,8.081462,174.01068,3.32015e14
5758,3.32015e14,8.081334,174.01979,3.32015e14
5759,3.32015e14,8.081574,174.02213,3.32015e14
5760,3.32015e14,8.08142,174.03183,3.32015e14
5761,3.32015e14,8.081656,174.03438,3.32015e14
5762,3.32015e14,8.0815115,174.04395,3.32015e14
5763,3.32015e14,8.081758,174.04674,3.32015e14
5764,3.32015e14,8.081652,174.05621,3.32015e14
5765,3.32015e14,8.08187,174.05963,3.32015e14
5766,3.32015e14,8.081774,174.069,3.32015e14
5767,3.32015e14,8.0819435,174.07332,3.32015e14
5768,3.32015e14,8.081874,174.08247,3.32015e14
5769,3.32015e14,8.082018,174.08777,3.32015e14
5770,3.32015e14,8.081979,174.09665,3.32015e14
5771,3.32015e14,8.082084,174.10275,3.32015e14
5772,3.32015e14,8.082057,174.11159,3.32015e14
5773,3.32015e14,8.082136,174.1184,3.32015e14
5774,3.32015e14,8.0821295,174.12697,3.32015e14
5775,3.32015e14,8.082189,174.1343,3.32015e14
5776,3.32015e14,8.082206,174.1426,3.32015e14
5777,3.32015e14,8.0822525,174.15033,3.32015e14
5778,3.32015e14,8.082281,174.15852,3.32015e14
5779,3.32015e14,8.082307,174.16684,3.32015e14
5780,3.32015e14,8.082335,174.17499,3.32015e14
5781,3.32015e14,8.082338,174.18365,3.32015e14
5782,3.32015e14,8.082381,174.19185,3.32015e14
5783,3.32015e14,8.082374,174.20091,3.32015e14
5784,3.32015e14,8.082414,174.20912,3.32015e14
5785,3.32015e14,8.082381,174.21838,3.32015e14
5786,3.32015e14,8.082419,174.22649,3.32015e14
5787,3.32015e14,8.082381,174.236,3.32015e14
5788,3.32015e14,8.082431,174.24396,3.32015e14
5789,3.32015e14,8.082384,174.25368,3.32015e14
5790,3.32015e14,8.082433,174.26157,3.32015e14
5791,3.32015e14,8.082364,174.2716,3.32015e14
5792,3.32015e14,8.082417,174.27936,3.32015e14
5793,3.32015e14,8.082325,174.2897,3.32015e14
5794,3.32015e14,8.08238,174.29726,3.32015e14
5795,3.32015e14,8.082266,174.30797,3.32015e14
5796,3.32015e14,8.082331,174.31502,3.32015e14
5797,3.32015e14,8.082184,174.32616,3.32015e14
5798,3.32015e14,8.082272,174.3328,3.32015e14
5799,3.32015e14,8.082075,174.34448,3.32015e14
5800,3.32015e14,8.082193,174.35019,3.32015e14
5801,3.32015e14,8.081944,174.36261,3.32015e14
5802,3.32015e14,8.082109,174.3672,3.32015e14
5803,3.32015e14,8.081782,174.38066,3.32015e14
5804,3.32015e14,8.082004,174.38376,3.32015e14
5805,3.32015e14,8.0815735,174.39864,3.32015e14
5806,3.32015e14,8.081886,174.39964,3.32015e14
5807,3.32015e14,8.081327,174.41667,3.32015e14
5808,3.32015e14,8.081771,174.41458,3.32015e14
5809,3.32015e14,8.081021,174.43459,3.32015e14
5810,3.32015e14,8.081656,174.42833,3.32015e14
5811,3.32015e14,8.08064,174.45264,3.32015e14
5812,3.32015e14,8.081552,174.44052,3.32015e14
5813,3.32015e14,8.080285,174.47073,3.32015e14
5814,3.32015e14,8.0817585,174.45084,3.32015e14
5815,3.32015e14,8.0801,174.48807,3.32015e14
5816,3.32015e14,8.08207,174.45767,3.32015e14
5817,3.32015e14,8.079874,174.50314,3.32015e14
5818,3.32015e14,8.082328,174.46162,3.32015e14
5819,3.32015e14,8.079523,174.51518,3.32015e14
5820,3.32015e14,8.082171,174.46594,3.32015e14
5821,3.32015e14,8.079093,174.52095,3.32015e14
5822,3.32015e14,8.081571,174.47324,3.32015e14
5823,3.32015e14,8.079149,174.51656,3.32015e14
5824,3.32015e14,8.080805,174.48456,3.32015e14
5825,3.32015e14,8.07963,174.50394,3.32015e14
5826,3.32015e14,8.079755,174.49756,3.32015e14
5827,3.32015e14,8.079867,174.48982,3.32015e14
5828,3.32015e14,8.078625,174.50595,3.32015e14
5829,3.32015e14,8.0797205,174.47781,3.32015e14
5830,3.32015e14,8.077821,174.50356,3.32015e14
5831,3.32015e14,8.079124,174.46843,3.32015e14
5832,3.32015e14,8.077328,174.48885,3.32015e14
5833,3.32015e14,8.078048,174.46082,3.32015e14
5834,3.32015e14,8.076996,174.464,3.32015e14
5835,3.32015e14,8.076729,174.45047,3.32015e14
5836,3.32015e14,8.076554,174.43251,3.32015e14
5837,3.32015e14,8.0753565,174.43025,3.32015e14
5838,3.32015e14,8.075711,174.39584,3.32015e14
5839,3.32015e14,8.074044,174.39505,3.32015e14
5840,3.32015e14,8.074386,174.35333,3.32015e14
5841,3.32015e14,8.072838,174.34259,3.32015e14
5842,3.32015e14,8.072717,174.30171,3.32015e14
5843,3.32015e14,8.07167,174.27362,3.32015e14
5844,3.32015e14,8.070844,174.23654,3.32015e14
5845,3.32015e14,8.070257,174.18939,3.32015e14
5846,3.32015e14,8.068775,174.15266,3.32015e14
5847,3.32015e14,8.068371,174.08965,3.32015e14
5848,3.32015e14,8.066589,174.04591,3.32015e14
5849,3.32015e14,8.066054,173.97234,3.32015e14
5850,3.32015e14,8.064318,173.91408,3.32015e14
5851,3.32015e14,8.063358,173.83427,3.32015e14
5852,3.32015e14,8.061838,173.75722,3.32015e14
5853,3.32015e14,8.060346,173.6721,3.32015e14
5854,3.32015e14,8.059042,173.57562,3.32015e14
5855,3.32015e14,8.057109,173.48297,3.32015e14
5856,3.32015e14,8.055858,173.36974,3.32015e14
5857,3.32015e14,8.053675,173.26614,3.32015e14
5858,3.32015e14,8.052266,173.14084,3.32015e14
5859,3.32015e14,8.050055,173.02376,3.32015e14
5860,3.32015e14,8.04837,172.89093,3.32015e14
5861,3.32015e14,8.046293,172.76027,3.32015e14
5862,3.32015e14,8.044321,172.62361,3.32015e14
5863,3.32015e14,8.042428,172.48256,3.32015e14
5864,3.32015e14,8.040239,172.34508,3.32015e14
5865,3.32015e14,8.0384865,172.1989,3.32015e14
5866,3.32015e14,8.036241,172.06297,3.32015e14
5867,3.32015e14,8.034581,171.91872,3.32015e14
5868,3.32015e14,8.032459,171.78717,3.32015e14
5869,3.32015e14,8.030856,171.65172,3.32015e14
5870,3.32015e14,8.028997,171.52798,3.32015e14
5871,3.32015e14,8.027446,171.40689,3.32015e14
5872,3.32015e14,8.025919,171.29503,3.32015e14
5873,3.32015e14,8.024457,171.19247,3.32015e14
5874,3.32015e14,8.023263,171.09619,3.32015e14
5875,3.32015e14,8.021939,171.01402,3.32015e14
5876,3.32015e14,8.021029,170.93616,3.32015e14
5877,3.32015e14,8.019909,170.87444,3.32015e14
5878,3.32015e14,8.019228,170.81651,3.32015e14
5879,3.32015e14,8.018346,170.77411,3.32015e14
5880,3.32015e14,8.017828,170.73607,3.32015e14
5881,3.32015e14,8.017194,170.71062,3.32015e14
5882,3.32015e14,8.016794,170.6906,3.32015e14
5883,3.32015e14,8.016397,170.67952,3.32015e14
5884,3.32015e14,8.016073,170.6747,3.32015e14
5885,3.32015e14,8.015936,170.67462,3.32015e14
5886,3.32015e14,8.015781,170.68126,3.32015e14
5887,3.32015e14,8.015865,170.68803,3.32015e14
5888,3.32015e14,8.015715,170.70248,3.32015e14
5889,3.32015e14,8.015854,170.71404,3.32015e14
5890,3.32015e14,8.015717,170.73335,3.32015e14
5891,3.32015e14,8.015876,170.74867,3.32015e14
5892,3.32015e14,8.015696,170.77068,3.32015e14
5893,3.32015e14,8.015718,170.78859,3.32015e14
5894,3.32015e14,8.015497,170.81104,3.32015e14
5895,3.32015e14,8.015502,170.83006,3.32015e14
5896,3.32015e14,8.015418,170.85147,3.32015e14
5897,3.32015e14,8.015437,170.87067,3.32015e14
5898,3.32015e14,8.015389,170.88994,3.32015e14
5899,3.32015e14,8.015316,170.90857,3.32015e14
5900,3.32015e14,8.015297,170.9258,3.32015e14
5901,3.32015e14,8.015218,170.94385,3.32015e14
5902,3.32015e14,8.015246,170.95938,3.32015e14
5903,3.32015e14,8.015133,170.97697,3.32015e14
5904,3.32015e14,8.015162,170.99167,3.32015e14
5905,3.32015e14,8.015041,171.0093,3.32015e14
5906,3.32015e14,8.015103,171.02403,3.32015e14
5907,3.32015e14,8.015008,171.04198,3.32015e14
5908,3.32015e14,8.01508,171.05695,3.32015e14
5909,3.32015e14,8.015014,171.07503,3.32015e14
5910,3.32015e14,8.015133,171.09064,3.32015e14
5911,3.32015e14,8.015148,171.10904,3.32015e14
5912,3.32015e14,8.015304,171.12553,3.32015e14
5913,3.32015e14,8.015358,171.14432,3.32015e14
5914,3.32015e14,8.015524,171.16223,3.32015e14
5915,3.32015e14,8.01565,171.18204,3.32015e14
5916,3.32015e14,8.015868,171.20152,3.32015e14
5917,3.32015e14,8.016073,171.22266,3.32015e14
5918,3.32015e14,8.016313,171.244,3.32015e14
5919,3.32015e14,8.016552,171.26642,3.32015e14
5920,3.32015e14,8.016805,171.2897,3.32015e14
5921,3.32015e14,8.017088,171.31349,3.32015e14
5922,3.32015e14,8.017364,171.33838,3.32015e14
5923,3.32015e14,8.017685,171.36337,3.32015e14
5924,3.32015e14,8.0179825,171.3898,3.32015e14
5925,3.32015e14,8.01835,171.41583,3.32015e14
5926,3.32015e14,8.018672,171.44351,3.32015e14
5927,3.32015e14,8.019074,171.47049,3.32015e14
5928,3.32015e14,8.019404,171.49944,3.32015e14
5929,3.32015e14,8.019828,171.52728,3.32015e14
5930,3.32015e14,8.020182,171.55756,3.32015e14
5931,3.32015e14,8.020321,171.58711,3.32015e14
5932,3.32015e14,8.020047,171.62659,3.32015e14
5933,3.32015e14,8.020499,171.65692,3.32015e14
5934,3.32015e14,8.020658,171.70001,3.32015e14
5935,3.32015e14,8.021567,171.71767,3.32015e14
5936,3.32015e14,8.020859,171.76701,3.32015e14
5937,3.32015e14,8.022606,171.76646,3.32015e14
5938,3.32015e14,8.021635,171.83246,3.32015e14
5939,3.32015e14,8.024765,171.81363,3.32015e14
5940,3.32015e14,8.0225,171.90242,3.32015e14
5941,3.32015e14,8.02599,171.86661,3.32015e14
5942,3.32015e14,8.022679,171.97292,3.32015e14
5943,3.32015e14,8.026497,171.93509,3.32015e14
5944,3.32015e14,8.023544,172.03224,3.32015e14
5945,3.32015e14,8.025518,172.02834,3.32015e14
5946,3.32015e14,8.024715,172.08104,3.32015e14
5947,3.32015e14,8.024164,172.13123,3.32015e14
5948,3.32015e14,8.026025,172.13498,3.32015e14
5949,3.32015e14,8.024111,172.2149,3.32015e14
5950,3.32015e14,8.026898,172.19775,3.32015e14
5951,3.32015e14,8.025442,172.26486,3.32015e14
5952,3.32015e14,8.027008,172.2714,3.32015e14
5953,3.32015e14,8.027471,172.30243,3.32015e14
5954,3.32015e14,8.027061,172.35216,3.32015e14
5955,3.32015e14,8.028895,172.35558,3.32015e14
5956,3.32015e14,8.027397,172.42497,3.32015e14
5957,3.32015e14,8.028969,172.4314,3.32015e14
5958,3.32015e14,8.0281925,172.48631,3.32015e14
5959,3.32015e14,8.028432,172.52162,3.32015e14
5960,3.32015e14,8.02912,172.54802,3.32015e14
5961,3.32015e14,8.028196,172.60677,3.32015e14
5962,3.32015e14,8.029625,172.61748,3.32015e14
5963,3.32015e14,8.028839,172.6735,3.32015e14
5964,3.32015e14,8.029833,172.69398,3.32015e14
5965,3.32015e14,8.030104,172.72934,3.32015e14
5966,3.32015e14,8.030029,172.77173,3.32015e14
5967,3.32015e14,8.031122,172.79013,3.32015e14
5968,3.32015e14,8.030509,172.84338,3.32015e14
5969,3.32015e14,8.031547,172.86337,3.32015e14
5970,3.32015e14,8.031283,172.9096,3.32015e14
5971,3.32015e14,8.031503,172.94572,3.32015e14
5972,3.32015e14,8.031941,172.97734,3.32015e14
5973,3.32015e14,8.031508,173.02705,3.32015e14
5974,3.32015e14,8.032345,173.05133,3.32015e14
5975,3.32015e14,8.031967,173.10023,3.32015e14
5976,3.32015e14,8.032535,173.12968,3.32015e14
5977,3.32015e14,8.032709,173.1672,3.32015e14
5978,3.32015e14,8.032753,173.20757,3.32015e14
5979,3.32015e14,8.033443,173.23521,3.32015e14
5980,3.32015e14,8.033229,173.28107,3.32015e14
5981,3.32015e14,8.033902,173.30862,3.32015e14
5982,3.32015e14,8.033835,173.35088,3.32015e14
5983,3.32015e14,8.034093,173.3866,3.32015e14
5984,3.32015e14,8.034405,173.42148,3.32015e14
5985,3.32015e14,8.0342865,173.46516,3.32015e14
5986,3.32015e14,8.034784,173.49603,3.32015e14
5987,3.32015e14,8.034606,173.54051,3.32015e14
5988,3.32015e14,8.0349865,173.57361,3.32015e14
5989,3.32015e14,8.035082,173.61266,3.32015e14
5990,3.32015e14,8.035212,173.65111,3.32015e14
5991,3.32015e14,8.035593,173.68437,3.32015e14
5992,3.32015e14,8.035543,173.72601,3.32015e14
5993,3.32015e14,8.035982,173.7579,3.32015e14
5994,3.32015e14,8.035988,173.79851,3.32015e14
5995,3.32015e14,8.0362625,173.83359,3.32015e14
5996,3.32015e14,8.036442,173.87056,3.32015e14
5997,3.32015e14,8.036484,173.91006,3.32015e14
5998,3.32015e14,8.036783,173.94429,3.32015e14
5999,3.32015e14,8.036735,173.98572,3.32015e14
6000,3.32015e14,8.037025,174.02016,3.32015e14
6001,3.32015e14,8.037062,174.05963,3.32015e14
6002,3.32015e14,8.037224,174.09634,3.32015e14
6003,3.32015e14,8.037411,174.1326,3.32015e14
6004,3.32015e14,8.037457,174.17162,3.32015e14
6005,3.32015e14,8.037738,174.20593,3.32015e14
6006,3.32015e14,8.037764,174.24527,3.32015e14
6007,3.32015e14,8.038009,174.28024,3.32015e14
6008,3.32015e14,8.038099,174.31815,3.32015e14
6009,3.32015e14,8.038233,174.35538,3.32015e14
6010,3.32015e14,8.038406,174.39142,3.32015e14
6011,3.32015e14,8.038445,174.43048,3.32015e14
6012,3.32015e14,8.038657,174.46588,3.32015e14
6013,3.32015e14,8.038679,174.5051,3.32015e14
6014,3.32015e14,8.038851,174.54115,3.32015e14
6015,3.32015e14,8.038932,174.57903,3.32015e14
6016,3.32015e14,8.039041,174.61649,3.32015e14
6017,3.32015e14,8.0392,174.65282,3.32015e14
6018,3.32015e14,8.039261,174.69112,3.32015e14
6019,3.32015e14,8.039448,174.72667,3.32015e14
6020,3.32015e14,8.039501,174.76501,3.32015e14
6021,3.32015e14,8.039664,174.80107,3.32015e14
6022,3.32015e14,8.039755,174.83855,3.32015e14
6023,3.32015e14,8.039859,174.87581,3.32015e14
6024,3.32015e14,8.039984,174.91241,3.32015e14
6025,3.32015e14,8.040039,174.95064,3.32015e14
6026,3.32015e14,8.040184,174.98688,3.32015e14
6027,3.32015e14,8.040235,175.02518,3.32015e14
6028,3.32015e14,8.040367,175.06155,3.32015e14
6029,3.32015e14,8.040438,175.09938,3.32015e14
6030,3.32015e14,8.04054,175.13647,3.32015e14
6031,3.32015e14,8.040648,175.17348,3.32015e14
6032,3.32015e14,8.040723,175.211,3.32015e14
6033,3.32015e14,8.040848,175.24767,3.32015e14
6034,3.32015e14,8.040913,175.28535,3.32015e14
6035,3.32015e14,8.041028,175.32208,3.32015e14
6036,3.32015e14,8.0411,175.35962,3.32015e14
6037,3.32015e14,8.041191,175.39685,3.32015e14
6038,3.32015e14,8.041283,175.4339,3.32015e14
6039,3.32015e14,8.0413475,175.4715,3.32015e14
6040,3.32015e14,8.041447,175.50826,3.32015e14
6041,3.32015e14,8.041501,175.54594,3.32015e14
6042,3.32015e14,8.041604,175.58267,3.32015e14
6043,3.32015e14,8.041666,175.6202,3.32015e14
6044,3.32015e14,8.041755,175.65709,3.32015e14
6045,3.32015e14,8.041829,175.69435,3.32015e14
6046,3.32015e14,8.041902,175.7316,3.32015e14
6047,3.32015e14,8.041986,175.76863,3.32015e14
6048,3.32015e14,8.042049,175.80598,3.32015e14
6049,3.32015e14,8.042135,175.84302,3.32015e14
6050,3.32015e14,8.0421915,175.88043,3.32015e14
6051,3.32015e14,8.04227,175.9175,3.32015e14
6052,3.32015e14,8.042328,175.95476,3.32015e14
6053,3.32015e14,8.042394,175.992,3.32015e14
6054,3.32015e14,8.042463,176.02905,3.32015e14
6055,3.32015e14,8.04252,176.06642,3.32015e14
6056,3.32015e14,8.042594,176.10332,3.32015e14
6057,3.32015e14,8.042644,176.14081,3.32015e14
6058,3.32015e14,8.042714,176.17772,3.32015e14
6059,3.32015e14,8.042766,176.21512,3.32015e14
6060,3.32015e14,8.042835,176.25204,3.32015e14
6061,3.32015e14,8.04289,176.28943,3.32015e14
6062,3.32015e14,8.042949,176.3264,3.32015e14
6063,3.32015e14,8.043004,176.36363,3.32015e14
6064,3.32015e14,8.043058,176.40074,3.32015e14
6065,3.32015e14,8.043114,176.43799,3.32015e14
6066,3.32015e14,8.043165,176.47516,3.32015e14
6067,3.32015e14,8.043219,176.51239,3.32015e14
6068,3.32015e14,8.043266,176.54958,3.32015e14
6069,3.32015e14,8.043319,176.58685,3.32015e14
6070,3.32015e14,8.043369,176.62408,3.32015e14
6071,3.32015e14,8.043417,176.6614,3.32015e14
6072,3.32015e14,8.043465,176.69843,3.32015e14
6073,3.32015e14,8.0435095,176.7358,3.32015e14
6074,3.32015e14,8.04356,176.77283,3.32015e14
6075,3.32015e14,8.043597,176.81013,3.32015e14
6076,3.32015e14,8.043649,176.84718,3.32015e14
6077,3.32015e14,8.043686,176.88458,3.32015e14
6078,3.32015e14,8.043733,176.9218,3.32015e14
6079,3.32015e14,8.043771,176.95897,3.32015e14
6080,3.32015e14,8.043812,176.99628,3.32015e14
6081,3.32015e14,8.043856,177.03352,3.32015e14
6082,3.32015e14,8.043887,177.07085,3.32015e14
6083,3.32015e14,8.043931,177.10791,3.32015e14
6084,3.32015e14,8.043959,177.14542,3.32015e14
6085,3.32015e14,8.044005,177.18239,3.32015e14
6086,3.32015e14,8.044033,177.21986,3.32015e14
6087,3.32015e14,8.044079,177.25697,3.32015e14
6088,3.32015e14,8.044103,177.29448,3.32015e14
6089,3.32015e14,8.044145,177.33159,3.32015e14
6090,3.32015e14,8.044164,177.36896,3.32015e14
6091,3.32015e14,8.044204,177.4063,3.32015e14
6092,3.32015e14,8.044231,177.4436,3.32015e14
6093,3.32015e14,8.044262,177.48099,3.32015e14
6094,3.32015e14,8.044295,177.51822,3.32015e14
6095,3.32015e14,8.044317,177.55577,3.32015e14
6096,3.32015e14,8.0443535,177.59296,3.32015e14
6097,3.32015e14,8.044369,177.63052,3.32015e14
6098,3.32015e14,8.044409,177.6676,3.32015e14
6099,3.32015e14,8.044421,177.7052,3.32015e14
6100,3.32015e14,8.044459,177.74231,3.32015e14
6101,3.32015e14,8.044472,177.77986,3.32015e14
6102,3.32015e14,8.044508,177.81708,3.32015e14
6103,3.32015e14,8.044524,177.85455,3.32015e14
6104,3.32015e14,8.044551,177.8919,3.32015e14
6105,3.32015e14,8.04457,177.92935,3.32015e14
6106,3.32015e14,8.044591,177.96687,3.32015e14
6107,3.32015e14,8.044613,178.0042,3.32015e14
6108,3.32015e14,8.044626,178.04181,3.32015e14
6109,3.32015e14,8.044656,178.07909,3.32015e14
6110,3.32015e14,8.044661,178.11679,3.32015e14
6111,3.32015e14,8.044686,178.15408,3.32015e14
6112,3.3201493e14,8.044694,178.1918,3.3201493e14
6113,3.3201493e14,8.044721,178.22913,3.3201493e14
6114,3.3201493e14,8.04473,178.26666,3.3201493e14
6115,3.3201493e14,8.044752,178.30405,3.3201493e14
6116,3.3201493e14,8.044766,178.34167,3.3201493e14
6117,3.3201493e14,8.044779,178.37912,3.3201493e14
6118,3.3201493e14,8.044791,178.41672,3.3201493e14
6119,3.3201493e14,8.044803,178.45427,3.3201493e14
6120,3.3201493e14,8.044819,178.49191,3.3201493e14
6121,3.3201493e14,8.0448265,178.5296,3.3201493e14
6122,3.3201493e14,8.044837,178.56715,3.3201493e14
6123,3.3201493e14,8.0448475,178.60483,3.3201493e14
6124,3.3201493e14,8.044862,178.64235,3.3201493e14
6125,3.3201493e14,8.044867,178.6801,3.3201493e14
6126,3.3201493e14,8.044877,178.71759,3.3201493e14
6127,3.3201493e14,8.044882,178.75543,3.3201493e14
6128,3.3201493e14,8.044896,178.79303,3.3201493e14
6129,3.3201493e14,8.044899,178.83092,3.3201493e14
6130,3.3201493e14,8.044913,178.86848,3.3201493e14
6131,3.3201493e14,8.044909,178.90637,3.3201493e14
6132,3.3201493e14,8.044922,178.94398,3.3201493e14
6133,3.3201493e14,8.044916,178.98196,3.3201493e14
6134,3.3201493e14,8.044933,179.0194,3.3201493e14
6135,3.3201493e14,8.044923,179.05748,3.3201493e14
6136,3.3201493e14,8.04494,179.09488,3.3201493e14
6137,3.3201493e14,8.044931,179.13303,3.3201493e14
6138,3.3201493e14,8.0449505,179.1704,3.3201493e14
6139,3.3201493e14,8.044933,179.20868,3.3201493e14
6140,3.3201493e14,8.044955,179.24612,3.3201493e14
6141,3.3201493e14,8.044933,179.2844,3.3201493e14
6142,3.3201493e14,8.044957,179.32178,3.3201493e14
6143,3.3201493e14,8.044933,179.36021,3.3201493e14
6144,3.3201493e14,8.044962,179.39761,3.3201493e14
6145,3.3201493e14,8.044928,179.43623,3.3201493e14
6146,3.3201493e14,8.044956,179.47346,3.3201493e14
6147,3.3201493e14,8.044934,179.51218,3.3201493e14
6148,3.3201493e14,8.044651,179.55008,3.3201493e14
6149,3.3201493e14,8.044021,179.59721,3.3201493e14
6150,3.3201493e14,8.044026,179.63498,3.3201493e14
6151,3.3201493e14,8.043851,179.68494,3.3201493e14
6152,3.3201493e14,8.044297,179.70854,3.3201493e14
6153,3.3201493e14,8.043327,179.76439,3.3201493e14
6154,3.3201493e14,8.044584,179.76804,3.3201493e14
6155,3.3201493e14,8.043408,179.84131,3.3201493e14
6156,3.3201493e14,8.045982,179.82436,3.3201493e14
6157,3.3201493e14,8.043526,179.92241,3.3201493e14
6158,3.3201493e14,8.0464525,179.88586,3.3201493e14
6159,3.3201493e14,8.042981,180.0027,3.3201493e14
6160,3.3201493e14,8.046209,179.96318,3.3201493e14
6161,3.3201493e14,8.043431,180.0672,3.3201493e14
6162,3.3201493e14,8.04506,180.05962,3.3201493e14
6163,3.3201493e14,8.043707,180.11752,3.3201493e14
6164,3.3201493e14,8.0428095,180.17143,3.3201493e14
6165,3.3201493e14,8.044288,180.17868,3.3201493e14
6166,3.3201493e14,8.042262,180.26764,3.3201493e14
6167,3.3201493e14,8.044367,180.25342,3.3201493e14
6168,3.3201493e14,8.04257,180.32518,3.3201493e14
6169,3.3201493e14,8.0434265,180.33855,3.3201493e14
6170,3.3201493e14,8.043896,180.3683,3.3201493e14
6171,3.3201493e14,8.043234,180.42673,3.3201493e14
6172,3.3201493e14,8.04486,180.42697,3.3201493e14
6173,3.3201493e14,8.043191,180.49864,3.3201493e14
6174,3.3201493e14,8.04421,180.50795,3.3201493e14
6175,3.3201493e14,8.043646,180.55888,3.3201493e14
6176,3.3201493e14,8.043422,180.6045,3.3201493e14
6177,3.3201493e14,8.04412,180.62631,3.3201493e14
6178,3.3201493e14,8.042748,180.693,3.3201493e14
6179,3.3201493e14,8.043664,180.70619,3.3201493e14
6180,3.3201493e14,8.042882,180.76253,3.3201493e14
6181,3.3201493e14,8.043259,180.79463,3.3201493e14
6182,3.3201493e14,8.0436535,180.82542,3.3201493e14
6183,3.3201493e14,8.042986,180.87852,3.3201493e14
6184,3.3201493e14,8.043856,180.89507,3.3201493e14
6185,3.3201493e14,8.043158,180.95041,3.3201493e14
6186,3.3201493e14,8.043759,180.97707,3.3201493e14
6187,3.3201493e14,8.043726,181.0179,3.3201493e14
6188,3.3201493e14,8.043355,181.06436,3.3201493e14
6189,3.3201493e14,8.043788,181.09138,3.3201493e14
6190,3.3201493e14,8.043063,181.14676,3.3201493e14
6191,3.3201493e14,8.043584,181.17462,3.3201493e14
6192,3.3201493e14,8.043277,181.22183,3.3201493e14
6193,3.3201493e14,8.043222,181.26169,3.3201493e14
6194,3.3201493e14,8.043434,181.29471,3.3201493e14
6195,3.3201493e14,8.042999,181.3438,3.3201493e14
6196,3.3201493e14,8.043543,181.37146,3.3201493e14
6197,3.3201493e14,8.043253,181.41876,3.3201493e14
6198,3.3201493e14,8.043469,181.45306,3.3201493e14
6199,3.3201493e14,8.043488,181.49092,3.3201493e14
6200,3.3201493e14,8.043253,181.53543,3.3201493e14
6201,3.3201493e14,8.043597,181.5672,3.3201493e14
6202,3.3201493e14,8.04326,181.61511,3.3201493e14
6203,3.3201493e14,8.043488,181.64888,3.3201493e14
6204,3.3201493e14,8.04329,181.69174,3.3201493e14
6205,3.3201493e14,8.043196,181.73256,3.3201493e14
6206,3.3201493e14,8.043346,181.76842,3.3201493e14
6207,3.3201493e14,8.043109,181.81366,3.3201493e14
6208,3.3201493e14,8.0433655,181.84702,3.3201493e14
6209,3.3201493e14,8.043156,181.89069,3.3201493e14
6210,3.3201493e14,8.043241,181.92735,3.3201493e14
6211,3.3201493e14,8.043275,181.9659,3.3201493e14
6212,3.3201493e14,8.043186,182.00772,3.3201493e14
6213,3.3201493e14,8.043368,182.04276,3.3201493e14
6214,3.3201493e14,8.043158,182.08647,3.3201493e14
6215,3.3201493e14,8.04327,182.1223,3.3201493e14
6216,3.3201493e14,8.043163,182.16388,3.3201493e14
6217,3.3201493e14,8.043145,182.2036,3.3201493e14
6218,3.3201493e14,8.043196,182.24155,3.3201493e14
6219,3.3201493e14,8.043038,182.28404,3.3201493e14
6220,3.3201493e14,8.04314,182.3203,3.3201493e14
6221,3.3201493e14,8.043002,182.36249,3.3201493e14
6222,3.3201493e14,8.0430765,182.40012,3.3201493e14
6223,3.3201493e14,8.043059,182.43982,3.3201493e14
6224,3.3201493e14,8.043013,182.47997,3.3201493e14
6225,3.3201493e14,8.043077,182.51747,3.3201493e14
6226,3.3201493e14,8.042963,182.55916,3.3201493e14
6227,3.3201493e14,8.043048,182.59644,3.3201493e14
6228,3.3201493e14,8.04297,182.63763,3.3201493e14
6229,3.3201493e14,8.042976,182.67668,3.3201493e14
6230,3.3201493e14,8.042951,182.71603,3.3201493e14
6231,3.3201493e14,8.042874,182.7569,3.3201493e14
6232,3.3201493e14,8.042921,182.79509,3.3201493e14
6233,3.3201493e14,8.0428295,182.83649,3.3201493e14
6234,3.3201493e14,8.04287,182.87483,3.3201493e14
6235,3.3201493e14,8.042809,182.91556,3.3201493e14
6236,3.3201493e14,8.042797,182.95497,3.3201493e14
6237,3.3201493e14,8.042805,182.99435,3.3201493e14
6238,3.3201493e14,8.042759,183.03499,3.3201493e14
6239,3.3201493e14,8.042787,183.07361,3.3201493e14
6240,3.3201493e14,8.042719,183.1145,3.3201493e14
6241,3.3201493e14,8.042732,183.1535,3.3201493e14
6242,3.3201493e14,8.042691,183.19392,3.3201493e14
6243,3.3201493e14,8.042671,183.23384,3.3201493e14
6244,3.3201493e14,8.042663,183.27347,3.3201493e14
6245,3.3201493e14,8.042604,183.3142,3.3201493e14
6246,3.3201493e14,8.042614,183.35358,3.3201493e14
6247,3.3201493e14,8.042553,183.39442,3.3201493e14
6248,3.3201493e14,8.042559,183.43391,3.3201493e14
6249,3.3201493e14,8.042524,183.47443,3.3201493e14
6250,3.3201493e14,8.042499,183.51442,3.3201493e14
6251,3.3201493e14,8.042489,183.55428,3.3201493e14
6252,3.3201493e14,8.04245,183.59485,3.3201493e14
6253,3.3201493e14,8.042455,183.63443,3.3201493e14
6254,3.3201493e14,8.042408,183.6753,3.3201493e14
6255,3.3201493e14,8.042399,183.71506,3.3201493e14
6256,3.3201493e14,8.042357,183.75565,3.3201493e14
6257,3.3201493e14,8.042337,183.79588,3.3201493e14
6258,3.3201493e14,8.042318,183.83607,3.3201493e14
6259,3.3201493e14,8.042281,183.87682,3.3201493e14
6260,3.3201493e14,8.042267,183.91669,3.3201493e14
6261,3.3201493e14,8.04222,183.95755,3.3201493e14
6262,3.3201493e14,8.042213,183.9976,3.3201493e14
6263,3.3201493e14,8.042177,184.03818,3.3201493e14
6264,3.3201493e14,8.042157,184.07857,3.3201493e14
6265,3.3201493e14,8.04213,184.11899,3.3201493e14
6266,3.3201493e14,8.042096,184.15955,3.3201493e14
6267,3.3201493e14,8.042079,184.19981,3.3201493e14
6268,3.3201493e14,8.042043,184.24078,3.3201493e14
6269,3.3201493e14,8.042029,184.28084,3.3201493e14
6270,3.3201493e14,8.041985,184.32178,3.3201493e14
6271,3.3201493e14,8.041964,184.36214,3.3201493e14
6272,3.3201493e14,8.041927,184.4028,3.3201493e14
6273,3.3201493e14,8.041904,184.44342,3.3201493e14
6274,3.3201493e14,8.04188,184.48404,3.3201493e14
6275,3.3201493e14,8.041842,184.52473,3.3201493e14
6276,3.3201493e14,8.04182,184.56526,3.3201493e14
6277,3.3201493e14,8.04178,184.60617,3.3201493e14
6278,3.3201493e14,8.041761,184.64668,3.3201493e14
6279,3.3201493e14,8.041727,184.6877,3.3201493e14
6280,3.3201493e14,8.041699,184.72836,3.3201493e14
6281,3.3201493e14,8.041668,184.7692,3.3201493e14
6282,3.3201493e14,8.041637,184.81018,3.3201493e14
6283,3.3201493e14,8.041609,184.85092,3.3201493e14
6284,3.3201493e14,8.041571,184.89186,3.3201493e14
6285,3.3201493e14,8.041547,184.93263,3.3201493e14
6286,3.3201493e14,8.041509,184.97371,3.3201493e14
6287,3.3201493e14,8.041482,185.01448,3.3201493e14
6288,3.3201493e14,8.041446,185.05559,3.3201493e14
6289,3.3201493e14,8.041416,185.09659,3.3201493e14
6290,3.3201493e14,8.041383,185.13748,3.3201493e14
6291,3.3201493e14,8.041348,185.17857,3.3201493e14
6292,3.3201493e14,8.041321,185.2196,3.3201493e14
6293,3.3201493e14,8.041283,185.26073,3.3201493e14
6294,3.3201493e14,8.041254,185.30174,3.3201493e14
6295,3.3201493e14,8.041218,185.34303,3.3201493e14
6296,3.3201493e14,8.041188,185.38416,3.3201493e14
6297,3.3201493e14,8.041153,185.42534,3.3201493e14
6298,3.3201493e14,8.04112,185.46658,3.3201493e14
6299,3.3201493e14,8.041087,185.50777,3.3201493e14
6300,3.3201493e14,8.041051,185.54904,3.3201493e14
6301,3.3201493e14,8.041019,185.59029,3.3201493e14
6302,3.3201493e14,8.040981,185.63156,3.3201493e14
6303,3.3201493e14,8.040954,185.67273,3.3201493e14
6304,3.3201493e14,8.040916,185.71414,3.3201493e14
6305,3.3201493e14,8.040884,185.75536,3.3201493e14
6306,3.3201493e14,8.040846,185.79674,3.3201493e14
6307,3.3201493e14,8.040814,185.83815,3.3201493e14
6308,3.3201493e14,8.04078,185.87962,3.3201493e14
6309,3.3201493e14,8.040745,185.92113,3.3201493e14
6310,3.3201493e14,8.040707,185.96265,3.3201493e14
6311,3.3201493e14,8.04067,186.00424,3.3201493e14
6312,3.3201493e14,8.040636,186.04576,3.3201493e14
6313,3.3201493e14,8.040597,186.08734,3.3201493e14
6314,3.3201493e14,8.0405655,186.12892,3.3201493e14
6315,3.3201493e14,8.040527,186.17053,3.3201493e14
6316,3.3201493e14,8.040494,186.21199,3.3201493e14
6317,3.3201493e14,8.040455,186.25366,3.3201493e14
6318,3.3201493e14,8.040424,186.29523,3.3201493e14
6319,3.3201493e14,8.040383,186.33688,3.3201493e14
6320,3.3201493e14,8.040351,186.37845,3.3201493e14
6321,3.3201493e14,8.04031,186.42023,3.3201493e14
6322,3.3201493e14,8.040274,186.46193,3.3201493e14
6323,3.3201493e14,8.040234,186.50377,3.3201493e14
6324,3.3201493e14,8.040197,186.54564,3.3201493e14
6325,3.3201493e14,8.040157,186.58736,3.3201493e14
6326,3.3201493e14,8.040123,186.62932,3.3201493e14
6327,3.3201493e14,8.040088,186.67113,3.3201493e14
6328,3.3201493e14,8.040046,186.71298,3.3201493e14
6329,3.3201493e14,8.04001,186.75476,3.3201493e14
6330,3.3201493e14,8.039969,186.79677,3.3201493e14
6331,3.3201493e14,8.039935,186.8386,3.3201493e14
6332,3.3201493e14,8.039893,186.88057,3.3201493e14
6333,3.3201493e14,8.039855,186.92244,3.3201493e14
6334,3.3201493e14,8.039813,186.9645,3.3201493e14
6335,3.3201493e14,8.039777,187.00642,3.3201493e14
6336,3.3201493e14,8.039738,187.04863,3.3201493e14
6337,3.3201493e14,8.039699,187.09068,3.3201493e14
6338,3.3201493e14,8.039659,187.13277,3.3201493e14
6339,3.3201493e14,8.039617,187.17497,3.3201493e14
6340,3.3201493e14,8.0395775,187.2171,3.3201493e14
6341,3.3201493e14,8.039536,187.25922,3.3201493e14
6342,3.3201493e14,8.039496,187.30144,3.3201493e14
6343,3.3201493e14,8.039454,187.34369,3.3201493e14
6344,3.3201493e14,8.039415,187.38588,3.3201493e14
6345,3.3201493e14,8.039369,187.42807,3.3201493e14
6346,3.3201493e14,8.039336,187.47029,3.3201493e14
6347,3.3201493e14,8.039293,187.51268,3.3201493e14
6348,3.3201493e14,8.039249,187.5549,3.3201493e14
6349,3.3201493e14,8.039204,187.59724,3.3201493e14
6350,3.3201493e14,8.039163,187.63966,3.3201493e14
6351,3.3201493e14,8.0391245,187.68199,3.3201493e14
6352,3.3201493e14,8.039082,187.72447,3.3201493e14
6353,3.3201493e14,8.03904,187.76694,3.3201493e14
6354,3.3201493e14,8.038993,187.80939,3.3201493e14
6355,3.3201493e14,8.038955,187.85185,3.3201493e14
6356,3.3201493e14,8.038909,187.89452,3.3201493e14
6357,3.3201493e14,8.038872,187.93694,3.3201493e14
6358,3.3201493e14,8.038822,187.97955,3.3201493e14
6359,3.3201493e14,8.03878,188.02199,3.3201493e14
6360,3.3201493e14,8.038732,188.06479,3.3201493e14
6361,3.3201493e14,8.038692,188.10727,3.3201493e14
6362,3.3201493e14,8.038649,188.1501,3.3201493e14
6363,3.3201493e14,8.0386095,188.19257,3.3201493e14
6364,3.3201493e14,8.038558,188.23543,3.3201493e14
6365,3.3201493e14,8.038519,188.27809,3.3201493e14
6366,3.3201493e14,8.03847,188.32097,3.3201493e14
6367,3.3201493e14,8.038434,188.3635,3.3201493e14
6368,3.3201493e14,8.038381,188.40651,3.3201493e14
6369,3.3201493e14,8.038345,188.44922,3.3201493e14
6370,3.3201493e14,8.038285,188.49232,3.3201493e14
6371,3.3201493e14,8.038256,188.53482,3.3201493e14
6372,3.3201493e14,8.038197,188.57812,3.3201493e14
6373,3.3201493e14,8.038169,188.62056,3.3201493e14
6374,3.3201493e14,8.038103,188.66391,3.3201493e14
6375,3.3201493e14,8.038079,188.70633,3.3201493e14
6376,3.3201493e14,8.038009,188.75,3.3201493e14
6377,3.3201493e14,8.037992,188.79218,3.3201493e14
6378,3.3201493e14,8.037911,188.836,3.3201493e14
6379,3.3201493e14,8.037906,188.87811,3.3201493e14
6380,3.3201493e14,8.037808,188.92232,3.3201493e14
6381,3.3201493e14,8.037814,188.96413,3.3201493e14
6382,3.3201493e14,8.037708,189.00871,3.3201493e14
6383,3.3201493e14,8.037731,189.0501,3.3201493e14
6384,3.3201493e14,8.037601,189.09529,3.3201493e14
6385,3.3201493e14,8.037653,189.13612,3.3201493e14
6386,3.3201493e14,8.037487,189.1821,3.3201493e14
6387,3.3201493e14,8.03758,189.222,3.3201493e14
6388,3.3201493e14,8.03737,189.26924,3.3201493e14
6389,3.3201493e14,8.037518,189.30768,3.3201493e14
6390,3.3201493e14,8.037231,189.35681,3.3201493e14
6391,3.3201493e14,8.037473,189.39322,3.3201493e14
6392,3.3201493e14,8.037074,189.4449,3.3201493e14
6393,3.3201493e14,8.037453,189.47815,3.3201493e14
6394,3.3201493e14,8.036883,189.53409,3.3201493e14
6395,3.3201493e14,8.037471,189.56236,3.3201493e14
6396,3.3201493e14,8.036646,189.62465,3.3201493e14
6397,3.3201493e14,8.03755,189.64557,3.3201493e14
6398,3.3201493e14,8.036335,189.71739,3.3201493e14
6399,3.3201493e14,8.037706,189.72726,3.3201493e14
6400,3.3201493e14,8.0359335,189.8129,3.3201493e14
6401,3.3201493e14,8.037938,189.80803,3.3201493e14
6402,3.3201493e14,8.035473,189.9106,3.3201493e14
6403,3.3201493e14,8.038148,189.88937,3.3201493e14
6404,3.3201493e14,8.035123,190.00505,3.3201493e14
6405,3.3201493e14,8.038073,189.9755,3.3201493e14
6406,3.3201493e14,8.035213,190.0853,3.3201493e14
6407,3.3201493e14,8.037423,190.07166,3.3201493e14
6408,3.3201493e14,8.035879,190.14929,3.3201493e14
6409,3.3201493e14,8.036378,190.17857,3.3201493e14
6410,3.3201493e14,8.036715,190.21303,3.3201493e14
6411,3.3201493e14,8.035517,190.28545,3.3201493e14
6412,3.3201493e14,8.03714,190.28911,3.3201493e14
6413,3.3201493e14,8.035231,190.37779,3.3201493e14
6414,3.3201493e14,8.036874,190.37952,3.3201493e14
6415,3.3201493e14,8.035561,190.45273,3.3201493e14
6416,3.3201493e14,8.036102,190.48146,3.3201493e14
6417,3.3201493e14,8.036135,190.5232,3.3201493e14
6418,3.3201493e14,8.035375,190.58478,3.3201493e14
6419,3.3201493e14,8.036434,190.602,3.3201493e14
6420,3.3201493e14,8.035105,190.6771,3.3201493e14
6421,3.3201493e14,8.036219,190.69247,3.3201493e14
6422,3.3201493e14,8.035334,190.75636,3.3201493e14
6423,3.3201493e14,8.035654,190.79121,3.3201493e14
6424,3.3201493e14,8.035734,190.8324,3.3201493e14
6425,3.3201493e14,8.035145,190.89003,3.3201493e14
6426,3.3201493e14,8.035914,190.91467,3.3201493e14
6427,3.3201493e14,8.034973,190.98076,3.3201493e14
6428,3.3201493e14,8.035702,191.00597,3.3201493e14
6429,3.3201493e14,8.035119,191.06316,3.3201493e14
6430,3.3201493e14,8.035256,191.10295,3.3201493e14
6431,3.3201493e14,8.03535,191.14398,3.3201493e14
6432,3.3201493e14,8.034876,191.19907,3.3201493e14
6433,3.3201493e14,8.035419,191.22923,3.3201493e14
6434,3.3201493e14,8.034742,191.28897,3.3201493e14
6435,3.3201493e14,8.035225,191.32042,3.3201493e14
6436,3.3201493e14,8.034836,191.3733,3.3201493e14
6437,3.3201493e14,8.034894,191.4153,3.3201493e14
6438,3.3201493e14,8.034973,191.4569,3.3201493e14
6439,3.3201493e14,8.034609,191.50923,3.3201493e14
6440,3.3201493e14,8.034982,191.54378,3.3201493e14
6441,3.3201493e14,8.0344925,191.5991,3.3201493e14
6442,3.3201493e14,8.034813,191.63492,3.3201493e14
6443,3.3201493e14,8.03452,191.68544,3.3201493e14
6444,3.3201493e14,8.034542,191.72826,3.3201493e14
6445,3.3201493e14,8.034572,191.77104,3.3201493e14
6446,3.3201493e14,8.034307,191.82117,3.3201493e14
6447,3.3201493e14,8.034547,191.85873,3.3201493e14
6448,3.3201493e14,8.034186,191.91112,3.3201493e14
6449,3.3201493e14,8.034406,191.94928,3.3201493e14
6450,3.3201493e14,8.034166,191.99858,3.3201493e14
6451,3.3201493e14,8.034196,192.04155,3.3201493e14
6452,3.3201493e14,8.034172,192.08565,3.3201493e14
6453,3.3201493e14,8.033994,192.13358,3.3201493e14
6454,3.3201493e14,8.034127,192.17392,3.3201493e14
6455,3.3201493e14,8.033864,192.22408,3.3201493e14
6456,3.3201493e14,8.034009,192.2642,3.3201493e14
6457,3.3201493e14,8.0337925,192.31291,3.3201493e14
6458,3.3201493e14,8.033832,192.35573,3.3201493e14
6459,3.3201493e14,8.033759,192.4011,3.3201493e14
6460,3.3201493e14,8.033651,192.44736,3.3201493e14
6461,3.3201493e14,8.033703,192.48984,3.3201493e14
6462,3.3201493e14,8.03351,192.53827,3.3201493e14
6463,3.3201493e14,8.0336,192.57974,3.3201493e14
6464,3.3201493e14,8.033417,192.62802,3.3201493e14
6465,3.3201493e14,8.03346,192.67076,3.3201493e14
6466,3.3201493e14,8.033352,192.71709,3.3201493e14
6467,3.3201493e14,8.0332985,192.76218,3.3201493e14
6468,3.3201493e14,8.033284,192.80644,3.3201493e14
6469,3.3201493e14,8.033155,192.85341,3.3201493e14
6470,3.3201493e14,8.033193,192.8963,3.3201493e14
6471,3.3201493e14,8.033038,192.94405,3.3201493e14
6472,3.3201493e14,8.033068,192.98708,3.3201493e14
6473,3.3201493e14,8.032942,193.03397,3.3201493e14
6474,3.3201493e14,8.032926,193.07834,3.3201493e14
6475,3.3201493e14,8.032863,193.12389,3.3201493e14
6476,3.3201493e14,8.032785,193.16968,3.3201493e14
6477,3.3201493e14,8.032771,193.21393,3.3201493e14
6478,3.3201493e14,8.032658,193.26083,3.3201493e14
6479,3.3201493e14,8.032668,193.30455,3.3201493e14
6480,3.3201493e14,8.032548,193.35158,3.3201493e14
6481,3.3201493e14,8.032545,193.39574,3.3201493e14
6482,3.3201493e14,8.032447,193.4421,3.3201493e14
6483,3.3201493e14,8.032412,193.48717,3.3201493e14
6484,3.3201493e14,8.032354,193.5327,3.3201493e14
6485,3.3201493e14,8.032277,193.57861,3.3201493e14
6486,3.3201493e14,8.032252,193.62346,3.3201493e14
6487,3.3201493e14,8.032155,193.67001,3.3201493e14
6488,3.3201493e14,8.03214,193.71463,3.3201493e14
6489,3.3201493e14,8.0320425,193.76128,3.3201493e14
6490,3.3201493e14,8.032018,193.80614,3.3201493e14
6491,3.3201493e14,8.031935,193.85236,3.3201493e14
6492,3.3201493e14,8.031891,193.89774,3.3201493e14
6493,3.3201493e14,8.031832,193.94354,3.3201493e14
6494,3.3201493e14,8.031763,193.98938,3.3201493e14
6495,3.3201493e14,8.031723,194.03467,3.3201493e14
6496,3.3201493e14,8.031641,194.08113,3.3201493e14
6497,3.3201493e14,8.031609,194.1262,3.3201493e14
6498,3.3201493e14,8.031519,194.17262,3.3201493e14
6499,3.3201493e14,8.031486,194.2179,3.3201493e14
6500,3.3201493e14,8.031407,194.26427,3.3201493e14
6501,3.3201493e14,8.031361,194.30986,3.3201493e14
6502,3.3201493e14,8.031294,194.35596,3.3201493e14
6503,3.3201493e14,8.031232,194.40189,3.3201493e14
6504,3.3201493e14,8.031183,194.44768,3.3201493e14
6505,3.3201493e14,8.031108,194.49399,3.3201493e14
6506,3.3201493e14,8.031068,194.53952,3.3201493e14
6507,3.3201493e14,8.030988,194.58594,3.3201493e14
6508,3.3201493e14,8.030944,194.6315,3.3201493e14
6509,3.3201493e14,8.030867,194.67792,3.3201493e14
6510,3.3201493e14,8.03082,194.72357,3.3201493e14
6511,3.3201493e14,8.03075,194.7699,3.3201493e14
6512,3.3201493e14,8.030695,194.81572,3.3201493e14
6513,3.3201493e14,8.030626,194.86198,3.3201493e14
6514,3.3201493e14,8.030566,194.9081,3.3201493e14
6515,3.3201493e14,8.030508,194.95424,3.3201493e14
6516,3.3201493e14,8.030443,195.00049,3.3201493e14
6517,3.3201493e14,8.030386,195.04659,3.3201493e14
6518,3.3201493e14,8.030318,195.09305,3.3201493e14
6519,3.3201493e14,8.030262,195.13898,3.3201493e14
6520,3.3201493e14,8.030193,195.18541,3.3201493e14
6521,3.3201493e14,8.03014,195.23158,3.3201493e14
6522,3.3201493e14,8.03007,195.278,3.3201493e14
6523,3.3201493e14,8.030015,195.32413,3.3201493e14
6524,3.3201493e14,8.029947,195.3706,3.3201493e14
6525,3.3201493e14,8.029887,195.41687,3.3201493e14
6526,3.3201493e14,8.029822,195.46323,3.3201493e14
6527,3.3201493e14,8.029762,195.50972,3.3201493e14
6528,3.3201493e14,8.029699,195.55595,3.3201493e14
6529,3.3201493e14,8.029632,195.60262,3.3201493e14
6530,3.3201493e14,8.029576,195.6491,3.3201493e14
6531,3.3201493e14,8.029507,195.69577,3.3201493e14
6532,3.3201493e14,8.029453,195.74203,3.3201493e14
6533,3.3201493e14,8.02938,195.78871,3.3201493e14
6534,3.3201493e14,8.029329,195.83505,3.3201493e14
6535,3.3201493e14,8.02926,195.88182,3.3201493e14
6536,3.3201493e14,8.029204,195.92822,3.3201493e14
6537,3.3201493e14,8.029133,195.97496,3.3201493e14
6538,3.3201493e14,8.029077,196.02142,3.3201493e14
6539,3.3201493e14,8.029008,196.06825,3.3201493e14
6540,3.3201493e14,8.02895,196.11455,3.3201493e14
6541,3.3201493e14,8.028881,196.16147,3.3201493e14
6542,3.3201493e14,8.028825,196.20798,3.3201493e14
6543,3.3201493e14,8.028753,196.25479,3.3201493e14
6544,3.3201493e14,8.028695,196.30139,3.3201493e14
6545,3.3201493e14,8.028629,196.34827,3.3201493e14
6546,3.3201493e14,8.028568,196.39494,3.3201493e14
6547,3.3201493e14,8.028501,196.44186,3.3201493e14
6548,3.3201493e14,8.028435,196.48853,3.3201493e14
6549,3.3201493e14,8.028371,196.53537,3.3201493e14
6550,3.3201493e14,8.028308,196.58214,3.3201493e14
6551,3.3201493e14,8.028246,196.62892,3.3201493e14
6552,3.3201493e14,8.028182,196.67592,3.3201493e14
6553,3.3201493e14,8.028114,196.72281,3.3201493e14
6554,3.3201493e14,8.028048,196.76968,3.3201493e14
6555,3.3201493e14,8.027985,196.81665,3.3201493e14
6556,3.3201493e14,8.027921,196.86362,3.3201493e14
6557,3.3201493e14,8.027854,196.9105,3.3201493e14
6558,3.3201493e14,8.027789,196.95753,3.3201493e14
6559,3.3201493e14,8.027723,197.00455,3.3201493e14
6560,3.3201493e14,8.027658,197.05162,3.3201493e14
6561,3.3201493e14,8.027591,197.0987,3.3201493e14
6562,3.3201493e14,8.027523,197.14569,3.3201493e14
6563,3.3201493e14,8.027459,197.19267,3.3201493e14
6564,3.3201493e14,8.02739,197.23982,3.3201493e14
6565,3.3201493e14,8.027324,197.28691,3.3201493e14
6566,3.3201493e14,8.02726,197.3339,3.3201493e14
6567,3.3201493e14,8.027195,197.38115,3.3201493e14
6568,3.3201493e14,8.027129,197.42834,3.3201493e14
6569,3.3201493e14,8.027057,197.47556,3.3201493e14
6570,3.3201493e14,8.026993,197.52274,3.3201493e14
6571,3.3201493e14,8.026921,197.56992,3.3201493e14
6572,3.3201493e14,8.026859,197.61713,3.3201493e14
6573,3.3201493e14,8.026789,197.66452,3.3201493e14
6574,3.3201493e14,8.026723,197.7116,3.3201493e14
6575,3.3201493e14,8.026648,197.75905,3.3201493e14
6576,3.3201493e14,8.026589,197.80627,3.3201493e14
6577,3.3201493e14,8.026515,197.85365,3.3201493e14
6578,3.3201493e14,8.026455,197.90088,3.3201493e14
6579,3.3201493e14,8.026376,197.94847,3.3201493e14
6580,3.3201493e14,8.0263195,197.99535,3.3201493e14
6581,3.3201493e14,8.026235,198.04318,3.3201493e14
6582,3.3201493e14,8.026189,198.09006,3.3201493e14
6583,3.3201493e14,8.0260935,198.13817,3.3201493e14
6584,3.3201493e14,8.026058,198.1848,3.3201493e14
6585,3.3201493e14,8.025946,198.23328,3.3201493e14
6586,3.3201493e14,8.025929,198.27954,3.3201493e14
6587,3.3201493e14,8.025798,198.32869,3.3201493e14
6588,3.3201493e14,8.025804,198.37416,3.3201493e14
6589,3.3201493e14,8.025638,198.42416,3.3201493e14
6590,3.3201493e14,8.025692,198.46875,3.3201493e14
6591,3.3201493e14,8.025468,198.51997,3.3201493e14
6592,3.3201493e14,8.02559,198.563,3.3201493e14
6593,3.3201493e14,8.025283,198.61649,3.3201493e14
6594,3.3201493e14,8.02551,198.65675,3.3201493e14
6595,3.3201493e14,8.0250635,198.71385,3.3201493e14
6596,3.3201493e14,8.02547,198.74971,3.3201493e14
6597,3.3201493e14,8.024791,198.81255,3.3201493e14
6598,3.3201493e14,8.0254965,198.8413,3.3201493e14
6599,3.3201493e14,8.024437,198.91365,3.3201493e14
6600,3.3201493e14,8.025623,198.93092,3.3201493e14
6601,3.3201493e14,8.023958,199.01874,3.3201493e14
6602,3.3201493e14,8.025885,199.01823,3.3201493e14
6603,3.3201493e14,8.023335,199.12881,3.3201493e14
6604,3.3201493e14,8.02624,199.10475,3.3201493e14
6605,3.3201493e14,8.022714,199.2397,3.3201493e14
6606,3.3201493e14,8.026352,199.19557,3.3201493e14
6607,3.3201493e14,8.022609,199.33302,3.3201493e14
6608,3.3201493e14,8.025623,199.30006,3.3201493e14
6609,3.3201493e14,8.02348,199.39603,3.3201493e14
6610,3.3201493e14,8.024135,199.42389,3.3201493e14
6611,3.3201493e14,8.024704,199.4565,3.3201493e14
6612,3.3201493e14,8.022943,199.54848,3.3201493e14
6613,3.3201493e14,8.025216,199.53847,3.3201493e14
6614,3.3201493e14,8.022806,199.644,3.3201493e14
6615,3.3201493e14,8.02453,199.6444,3.3201493e14
6616,3.3201493e14,8.023601,199.7125,3.3201493e14
6617,3.3201493e14,8.023299,199.76627,3.3201493e14
6618,3.3201493e14,8.024363,199.78685,3.3201493e14
6619,3.3201493e14,8.022631,199.8772,3.3201493e14
6620,3.3201493e14,8.02423,199.88255,3.3201493e14
6621,3.3201493e14,8.022906,199.961,3.3201493e14
6622,3.3201493e14,8.023331,199.99599,3.3201493e14
6623,3.3201493e14,8.023578,200.03662,3.3201493e14
6624,3.3201493e14,8.02257,200.10927,3.3201493e14
6625,3.3201493e14,8.023775,200.1257,3.3201493e14
6626,3.3201493e14,8.022529,200.20317,3.3201493e14
6627,3.3201493e14,8.02324,200.23135,3.3201493e14
6628,3.3201493e14,8.022997,200.28401,3.3201493e14
6629,3.3201493e14,8.022527,200.34299,3.3201493e14
6630,3.3201493e14,8.023277,200.3712,3.3201493e14
6631,3.3201493e14,8.02225,200.4438,3.3201493e14
6632,3.3201493e14,8.022979,200.47191,3.3201493e14
6633,3.3201493e14,8.022476,200.53125,3.3201493e14
6634,3.3201493e14,8.022382,200.58052,3.3201493e14
6635,3.3201493e14,8.022745,200.6186,3.3201493e14
6636,3.3201493e14,8.022009,200.68416,3.3201493e14
6637,3.3201493e14,8.022638,200.7152,3.3201493e14
6638,3.3201493e14,8.022052,200.7769,3.3201493e14
6639,3.3201493e14,8.022203,200.81998,3.3201493e14
6640,3.3201493e14,8.022261,200.86583,3.3201493e14
6641,3.3201493e14,8.02184,200.92448,3.3201493e14
6642,3.3201493e14,8.022373,200.95999,3.3201493e14
6643,3.3201493e14,8.021896,201.02147,3.3201493e14
6644,3.3201493e14,8.022247,201.06175,3.3201493e14
6645,3.3201493e14,8.022141,201.11359,3.3201493e14
6646,3.3201493e14,8.021988,201.16673,3.3201493e14
6647,3.3201493e14,8.022258,201.20877,3.3201493e14
6648,3.3201493e14,8.021873,201.26883,3.3201493e14
6649,3.3201493e14,8.022274,201.31073,3.3201493e14
6650,3.3201493e14,8.022163,201.36699,3.3201493e14
6651,3.3201493e14,8.022292,201.41716,3.3201493e14
6652,3.3201493e14,8.0224695,201.46513,3.3201493e14
6653,3.3201493e14,8.022214,201.52252,3.3201493e14
6654,3.3201493e14,8.022455,201.56615,3.3201493e14
6655,3.3201486e14,8.022172,201.62296,3.3201486e14
6656,3.3201486e14,8.022312,201.66951,3.3201486e14
6657,3.3201486e14,8.0223255,201.72015,3.3201486e14
6658,3.3201486e14,8.022278,201.77245,3.3201486e14
6659,3.3201486e14,8.022509,201.81726,3.3201486e14
6660,3.3201486e14,8.022347,201.8719,3.3201486e14
6661,3.3201486e14,8.022555,201.9165,3.3201486e14
6662,3.3201486e14,8.02245,201.96849,3.3201486e14
6663,3.3201486e14,8.022471,202.01729,3.3201486e14
6664,3.3201486e14,8.022552,202.06487,3.3201486e14
6665,3.3201486e14,8.0224495,202.11758,3.3201486e14
6666,3.3201486e14,8.02264,202.16318,3.3201486e14
6667,3.3201486e14,8.022521,202.21626,3.3201486e14
6668,3.3201486e14,8.022606,202.26328,3.3201486e14
6669,3.3201486e14,8.022549,202.31305,3.3201486e14
6670,3.3201486e14,8.022484,202.3631,3.3201486e14
6671,3.3201486e14,8.022558,202.40955,3.3201486e14
6672,3.3201486e14,8.0224495,202.46088,3.3201486e14
6673,3.3201486e14,8.022575,202.50645,3.3201486e14
6674,3.3201486e14,8.022523,202.5568,3.3201486e14
6675,3.3201486e14,8.022575,202.60435,3.3201486e14
6676,3.3201486e14,8.022601,202.65248,3.3201486e14
6677,3.3201486e14,8.022541,202.70277,3.3201486e14
6678,3.3201486e14,8.022665,202.7497,3.3201486e14
6679,3.3201486e14,8.022611,202.801,3.3201486e14
6680,3.3201486e14,8.022689,202.84875,3.3201486e14
6681,3.3201486e14,8.022645,202.89928,3.3201486e14
6682,3.3201486e14,8.022621,202.94904,3.3201486e14
6683,3.3201486e14,8.022604,202.9982,3.3201486e14
6684,3.3201486e14,8.022513,203.04988,3.3201486e14
6685,3.3201486e14,8.022574,203.099,3.3201486e14
6686,3.3201486e14,8.022575,203.15169,3.3201486e14
6687,3.3201486e14,8.0227165,203.20216,3.3201486e14
6688,3.3201486e14,8.022809,203.25441,3.3201486e14
6689,3.3201486e14,8.0229,203.30669,3.3201486e14
6690,3.3201486e14,8.022993,203.35811,3.3201486e14
6691,3.3201486e14,8.022989,203.41121,3.3201486e14
6692,3.3201486e14,8.023054,203.46184,3.3201486e14
6693,3.3201486e14,8.02302,203.51431,3.3201486e14
6694,3.3201486e14,8.023059,203.56445,3.3201486e14
6695,3.3201486e14,8.023077,203.6151,3.3201486e14
6696,3.3201486e14,8.023125,203.66536,3.3201486e14
6697,3.3201486e14,8.023208,203.7145,3.3201486e14
6698,3.3201486e14,8.023238,203.76498,3.3201486e14
6699,3.3201486e14,8.02334,203.8134,3.3201486e14
6700,3.3201486e14,8.023383,203.86389,3.3201486e14
6701,3.3201486e14,8.023502,203.913,3.3201486e14
6702,3.3201486e14,8.023594,203.96309,3.3201486e14
6703,3.3201486e14,8.0237,204.01318,3.3201486e14
6704,3.3201486e14,8.0238085,204.06274,3.3201486e14
6705,3.3201486e14,8.02387,204.11334,3.3201486e14
6706,3.3201486e14,8.023959,204.1626,3.3201486e14
6707,3.3201486e14,8.023986,204.21298,3.3201486e14
6708,3.3201486e14,8.024055,204.26208,3.3201486e14
6709,3.3201486e14,8.024091,204.31174,3.3201486e14
6710,3.3201486e14,8.024152,204.36089,3.3201486e14
6711,3.3201486e14,8.024224,204.40982,3.3201486e14
6712,3.3201486e14,8.024283,204.45929,3.3201486e14
6713,3.3201486e14,8.024373,204.50783,3.3201486e14
6714,3.3201486e14,8.024418,204.55765,3.3201486e14
6715,3.3201486e14,8.024493,204.60635,3.3201486e14
6716,3.3201486e14,8.024534,204.65631,3.3201486e14
6717,3.3201486e14,8.024595,204.70578,3.3201486e14
6718,3.3201486e14,8.024642,204.75595,3.3201486e14
6719,3.3201486e14,8.024684,204.8062,3.3201486e14
6720,3.3201486e14,8.024733,204.85617,3.3201486e14
6721,3.3201486e14,8.024755,204.90671,3.3201486e14
6722,3.3201486e14,8.024799,204.95639,3.3201486e14
6723,3.3201486e14,8.024816,205.00676,3.3201486e14
6724,3.3201486e14,8.0248575,205.05638,3.3201486e14
6725,3.3201486e14,8.024885,205.1065,3.3201486e14
6726,3.3201486e14,8.024936,205.15605,3.3201486e14
6727,3.3201486e14,8.024978,205.20592,3.3201486e14
6728,3.3201486e14,8.025022,205.25577,3.3201486e14
6729,3.3201486e14,8.025065,205.30559,3.3201486e14
6730,3.3201486e14,8.025099,205.35596,3.3201486e14
6731,3.3201486e14,8.025141,205.40588,3.3201486e14
6732,3.3201486e14,8.025166,205.45654,3.3201486e14
6733,3.3201486e14,8.025211,205.50667,3.3201486e14
6734,3.3201486e14,8.025241,205.55753,3.3201486e14
6735,3.3201486e14,8.025285,205.60771,3.3201486e14
6736,3.3201486e14,8.025316,205.6582,3.3201486e14
6737,3.3201486e14,8.025363,205.70844,3.3201486e14
6738,3.3201486e14,8.025403,205.75856,3.3201486e14
6739,3.3201486e14,8.025445,205.80865,3.3201486e14
6740,3.3201486e14,8.02549,205.85869,3.3201486e14
6741,3.3201486e14,8.025529,205.90895,3.3201486e14
6742,3.3201486e14,8.025585,205.95897,3.3201486e14
6743,3.3201486e14,8.025623,206.00937,3.3201486e14
6744,3.3201486e14,8.025673,206.05963,3.3201486e14
6745,3.3201486e14,8.025707,206.11014,3.3201486e14
6746,3.3201486e14,8.025749,206.1606,3.3201486e14
6747,3.3201486e14,8.025787,206.21114,3.3201486e14
6748,3.3201486e14,8.025829,206.2615,3.3201486e14
6749,3.3201486e14,8.0258875,206.3102,3.3201486e14
6750,3.3201486e14,8.025916,206.35806,3.3201486e14
6751,3.3201486e14,8.025961,206.40518,3.3201486e14
6752,3.3201486e14,8.02597,206.45369,3.3201486e14
6753,3.3201486e14,8.026002,206.50266,3.3201486e14
6754,3.3201486e14,8.026004,206.55412,3.3201486e14
6755,3.3201486e14,8.026051,206.60643,3.3201486e14
6756,3.3201486e14,8.026113,206.66022,3.3201486e14
6757,3.3201486e14,8.026207,206.71448,3.3201486e14
6758,3.3201486e14,8.026295,206.76842,3.3201486e14
6759,3.3201486e14,8.026373,206.82172,3.3201486e14
6760,3.3201486e14,8.026456,206.87376,3.3201486e14
6761,3.3201486e14,8.02651,206.92522,3.3201486e14
6762,3.3201486e14,8.026586,206.97537,3.3201486e14
6763,3.3201486e14,8.02662,207.02579,3.3201486e14
6764,3.3201486e14,8.026671,207.07567,3.3201486e14
6765,3.3201486e14,8.0267,207.12645,3.3201486e14
6766,3.3201486e14,8.026758,207.17747,3.3201486e14
6767,3.3201486e14,8.026808,207.22932,3.3201486e14
6768,3.3201486e14,8.02686,207.2814,3.3201486e14
6769,3.3201486e14,8.02692,207.33348,3.3201486e14
6770,3.3201486e14,8.026983,207.38568,3.3201486e14
6771,3.3201486e14,8.027077,207.43695,3.3201486e14
6772,3.3201486e14,8.02716,207.48843,3.3201486e14
6773,3.3201486e14,8.027265,207.53865,3.3201486e14
6774,3.3201486e14,8.027339,207.5894,3.3201486e14
6775,3.3201486e14,8.027433,207.6392,3.3201486e14
6776,3.3201486e14,8.027499,207.68996,3.3201486e14
6777,3.3201486e14,8.027582,207.74019,3.3201486e14
6778,3.3201486e14,8.027638,207.79146,3.3201486e14
6779,3.3201486e14,8.027709,207.84244,3.3201486e14
6780,3.3201486e14,8.027763,207.89398,3.3201486e14
6781,3.3201486e14,8.027841,207.94513,3.3201486e14
6782,3.3201486e14,8.027909,207.99646,3.3201486e14
6783,3.3201486e14,8.027983,208.04713,3.3201486e14
6784,3.3201486e14,8.028054,208.0976,3.3201486e14
6785,3.3201486e14,8.028128,208.14787,3.3201486e14
6786,3.3201486e14,8.028206,208.19815,3.3201486e14
6787,3.3201486e14,8.028279,208.24838,3.3201486e14
6788,3.3201486e14,8.028356,208.29884,3.3201486e14
6789,3.3201486e14,8.028422,208.34955,3.3201486e14
6790,3.3201486e14,8.028492,208.40053,3.3201486e14
6791,3.3201486e14,8.02856,208.45166,3.3201486e14
6792,3.3201486e14,8.028624,208.50305,3.3201486e14
6793,3.3201486e14,8.02869,208.55415,3.3201486e14
6794,3.3201486e14,8.028747,208.60542,3.3201486e14
6795,3.3201486e14,8.028822,208.65611,3.3201486e14
6796,3.3201486e14,8.028887,208.70703,3.3201486e14
6797,3.3201486e14,8.028969,208.7572,3.3201486e14
6798,3.3201486e14,8.029026,208.80795,3.3201486e14
6799,3.3201486e14,8.029108,208.85793,3.3201486e14
6800,3.3201486e14,8.029166,208.90895,3.3201486e14
6801,3.3201486e14,8.029251,208.95935,3.3201486e14
6802,3.3201486e14,8.029302,209.01073,3.3201486e14
6803,3.3201486e14,8.029392,209.0612,3.3201486e14
6804,3.3201486e14,8.029441,209.11287,3.3201486e14
6805,3.3201486e14,8.029537,209.16351,3.3201486e14
6806,3.3201486e14,8.029591,209.21515,3.3201486e14
6807,3.3201486e14,8.029681,209.26569,3.3201486e14
6808,3.3201486e14,8.0297365,209.31702,3.3201486e14
6809,3.3201486e14,8.02983,209.3674,3.3201486e14
6810,3.3201486e14,8.029888,209.41861,3.3201486e14
6811,3.3201486e14,8.02998,209.46895,3.3201486e14
6812,3.3201486e14,8.030037,209.52013,3.3201486e14
6813,3.3201486e14,8.030124,209.57062,3.3201486e14
6814,3.3201486e14,8.030182,209.62193,3.3201486e14
6815,3.3201486e14,8.0302725,209.67253,3.3201486e14
6816,3.3201486e14,8.030324,209.72392,3.3201486e14
6817,3.3201486e14,8.030413,209.77467,3.3201486e14
6818,3.3201486e14,8.030472,209.82608,3.3201486e14
6819,3.3201486e14,8.030561,209.8768,3.3201486e14
6820,3.3201486e14,8.030619,209.92822,3.3201486e14
6821,3.3201486e14,8.030708,209.97876,3.3201486e14
6822,3.3201486e14,8.030766,210.03041,3.3201486e14
6823,3.3201486e14,8.030856,210.0808,3.3201486e14
6824,3.3201486e14,8.030905,210.13248,3.3201486e14
6825,3.3201486e14,8.031006,210.18288,3.3201486e14
6826,3.3201486e14,8.031042,210.23479,3.3201486e14
6827,3.3201486e14,8.031146,210.28496,3.3201486e14
6828,3.3201486e14,8.031173,210.33723,3.3201486e14
6829,3.3201486e14,8.031291,210.38705,3.3201486e14
6830,3.3201486e14,8.031302,210.4396,3.3201486e14
6831,3.3201486e14,8.031439,210.48894,3.3201486e14
6832,3.3201486e14,8.031425,210.5422,3.3201486e14
6833,3.3201486e14,8.031595,210.59085,3.3201486e14
6834,3.3201486e14,8.031547,210.64494,3.3201486e14
6835,3.3201486e14,8.031756,210.69266,3.3201486e14
6836,3.3201486e14,8.031656,210.74823,3.3201486e14
6837,3.3201486e14,8.031925,210.79442,3.3201486e14
6838,3.3201486e14,8.031745,210.85191,3.3201486e14
6839,3.3201486e14,8.032113,210.8955,3.3201486e14
6840,3.3201486e14,8.031815,210.95615,3.3201486e14
6841,3.3201486e14,8.0323305,210.99591,3.3201486e14
6842,3.3201486e14,8.031843,211.06155,3.3201486e14
6843,3.3201486e14,8.032591,211.09511,3.3201486e14
6844,3.3201486e14,8.031816,211.16838,3.3201486e14
6845,3.3201486e14,8.032925,211.19283,3.3201486e14
6846,3.3201486e14,8.031693,211.27809,3.3201486e14
6847,3.3201486e14,8.033353,211.28877,3.3201486e14
6848,3.3201486e14,8.031473,211.39148,3.3201486e14
6849,3.3201486e14,8.033874,211.3834,3.3201486e14
6850,3.3201486e14,8.031195,211.50731,3.3201486e14
6851,3.3201486e14,8.034342,211.47957,3.3201486e14
6852,3.3201486e14,8.031107,211.61719,3.3201486e14
6853,3.3201486e14,8.034386,211.58324,3.3201486e14
6854,3.3201486e14,8.031643,211.70578,3.3201486e14
6855,3.3201486e14,8.033735,211.70117,3.3201486e14
6856,3.3201486e14,8.032804,211.77698,3.3201486e14
6857,3.3201486e14,8.032796,211.83034,3.3201486e14
6858,3.3201486e14,8.033937,211.85422,3.3201486e14
6859,3.3201486e14,8.032276,211.95203,3.3201486e14
6860,3.3201486e14,8.034404,211.94923,3.3201486e14
6861,3.3201486e14,8.032541,212.05045,3.3201486e14
6862,3.3201486e14,8.034032,212.06287,3.3201486e14
6863,3.3201486e14,8.033409,212.13155,3.3201486e14
6864,3.3201486e14,8.033328,212.18694,3.3201486e14
6865,3.3201486e14,8.034242,212.21681,3.3201486e14
6866,3.3201486e14,8.033001,212.30342,3.3201486e14
6867,3.3201486e14,8.034495,212.3169,3.3201486e14
6868,3.3201486e14,8.033329,212.40044,3.3201486e14
6869,3.3201486e14,8.034175,212.43083,3.3201486e14
6870,3.3201486e14,8.034069,212.48686,3.3201486e14
6871,3.3201486e14,8.033757,212.54869,3.3201486e14
6872,3.3201486e14,8.034648,212.57898,3.3201486e14
6873,3.3201486e14,8.033704,212.65746,3.3201486e14
6874,3.3201486e14,8.034737,212.6833,3.3201486e14
6875,3.3201486e14,8.034102,212.7532,3.3201486e14
6876,3.3201486e14,8.034469,212.79678,3.3201486e14
6877,3.3201486e14,8.034659,212.8453,3.3201486e14
6878,3.3201486e14,8.034237,212.91016,3.3201486e14
6879,3.3201486e14,8.034997,212.94376,3.3201486e14
6880,3.3201486e14,8.034334,213.01492,3.3201486e14
6881,3.3201486e14,8.034994,213.05074,3.3201486e14
6882,3.3201486e14,8.034723,213.11157,3.3201486e14
6883,3.3201486e14,8.034827,213.16235,3.3201486e14
6884,3.3201486e14,8.035143,213.20772,3.3201486e14
6885,3.3201486e14,8.034763,213.27144,3.3201486e14
6886,3.3201486e14,8.035359,213.30925,3.3201486e14
6887,3.3201486e14,8.03494,213.3738,3.3201486e14
6888,3.3201486e14,8.03535,213.41647,3.3201486e14
6889,3.3201486e14,8.035277,213.472,3.3201486e14
6890,3.3201486e14,8.035261,213.526,3.3201486e14
6891,3.3201486e14,8.03557,213.57117,3.3201486e14
6892,3.3201486e14,8.035278,213.63266,3.3201486e14
6893,3.3201486e14,8.035715,213.67453,3.3201486e14
6894,3.3201486e14,8.035462,213.73482,3.3201486e14
6895,3.3201486e14,8.035721,213.78159,3.3201486e14
6896,3.3201486e14,8.035735,213.83469,3.3201486e14
6897,3.3201486e14,8.035702,213.88931,3.3201486e14
6898,3.3201486e14,8.035973,213.93576,3.3201486e14
6899,3.3201486e14,8.035771,213.99475,3.3201486e14
6900,3.3201486e14,8.036095,214.03981,3.3201486e14
6901,3.3201486e14,8.035946,214.0972,3.3201486e14
6902,3.3201486e14,8.036128,214.14609,3.3201486e14
6903,3.3201486e14,8.03617,214.19853,3.3201486e14
6904,3.3201486e14,8.036147,214.25266,3.3201486e14
6905,3.3201486e14,8.036356,214.3006,3.3201486e14
6906,3.3201486e14,8.036226,214.35771,3.3201486e14
6907,3.3201486e14,8.036472,214.40471,3.3201486e14
6908,3.3201486e14,8.036385,214.46072,3.3201486e14
6909,3.3201486e14,8.036528,214.51022,3.3201486e14
6910,3.3201486e14,8.03657,214.56276,3.3201486e14
6911,3.3201486e14,8.03658,214.61609,3.3201486e14
6912,3.3201486e14,8.036742,214.66548,3.3201486e14
6913,3.3201486e14,8.036669,214.72105,3.3201486e14
6914,3.3201486e14,8.036859,214.76958,3.3201486e14
6915,3.3201486e14,8.036807,214.82478,3.3201486e14
6916,3.3201486e14,8.036935,214.875,3.3201486e14
6917,3.3201486e14,8.036966,214.92775,3.3201486e14
6918,3.3201486e14,8.0370035,214.98051,3.3201486e14
6919,3.3201486e14,8.037119,215.03096,3.3201486e14
6920,3.3201486e14,8.037088,215.08525,3.3201486e14
6921,3.3201486e14,8.037241,215.13496,3.3201486e14
6922,3.3201486e14,8.037211,215.18924,3.3201486e14
6923,3.3201486e14,8.037333,215.23978,3.3201486e14
6924,3.3201486e14,8.037355,215.29272,3.3201486e14
6925,3.3201486e14,8.037412,215.3447,3.3201486e14
6926,3.3201486e14,8.0374975,215.39615,3.3201486e14
6927,3.3201486e14,8.037509,215.44957,3.3201486e14
6928,3.3201486e14,8.037628,215.50006,3.3201486e14
6929,3.3201486e14,8.037616,215.55394,3.3201486e14
6930,3.3201486e14,8.0377245,215.60478,3.3201486e14
6931,3.3201486e14,8.037743,215.65805,3.3201486e14
6932,3.3201486e14,8.037819,215.70973,3.3201486e14
6933,3.3201486e14,8.037872,215.76201,3.3201486e14
6934,3.3201486e14,8.037907,215.81464,3.3201486e14
6935,3.3201486e14,8.0379925,215.86609,3.3201486e14
6936,3.3201486e14,8.038009,215.91924,3.3201486e14
6937,3.3201486e14,8.038105,215.9703,3.3201486e14
6938,3.3201486e14,8.038121,216.02348,3.3201486e14
6939,3.3201486e14,8.0382,216.0749,3.3201486e14
6940,3.3201486e14,8.0382395,216.12764,3.3201486e14
6941,3.3201486e14,8.038297,216.1797,3.3201486e14
6942,3.3201486e14,8.038355,216.23177,3.3201486e14
6943,3.3201486e14,8.038394,216.2844,3.3201486e14
6944,3.3201486e14,8.038468,216.33598,3.3201486e14
6945,3.3201486e14,8.038492,216.38885,3.3201486e14
6946,3.3201486e14,8.038572,216.44055,3.3201486e14
6947,3.3201486e14,8.038602,216.49344,3.3201486e14
6948,3.3201486e14,8.038671,216.54532,3.3201486e14
6949,3.3201486e14,8.0387125,216.5979,3.3201486e14
6950,3.3201486e14,8.038767,216.6501,3.3201486e14
6951,3.3201486e14,8.038822,216.70233,3.3201486e14
6952,3.3201486e14,8.038863,216.75491,3.3201486e14
6953,3.3201486e14,8.038928,216.80675,3.3201486e14
6954,3.3201486e14,8.038961,216.85947,3.3201486e14
6955,3.3201486e14,8.039032,216.91139,3.3201486e14
6956,3.3201486e14,8.039065,216.96408,3.3201486e14
6957,3.3201486e14,8.039126,217.01604,3.3201486e14
6958,3.3201486e14,8.039168,217.06871,3.3201486e14
6959,3.3201486e14,8.039222,217.12091,3.3201486e14
6960,3.3201486e14,8.039272,217.17319,3.3201486e14
6961,3.3201486e14,8.03932,217.22552,3.3201486e14
6962,3.3201486e14,8.039372,217.27768,3.3201486e14
6963,3.3201486e14,8.0394125,217.33012,3.3201486e14
6964,3.3201486e14,8.039468,217.3822,3.3201486e14
6965,3.3201486e14,8.039512,217.43486,3.3201486e14
6966,3.3201486e14,8.039567,217.48701,3.3201486e14
6967,3.3201486e14,8.039611,217.53955,3.3201486e14
6968,3.3201486e14,8.039662,217.59195,3.3201486e14
6969,3.3201486e14,8.039706,217.64438,3.3201486e14
6970,3.3201486e14,8.039758,217.69666,3.3201486e14
6971,3.3201486e14,8.039809,217.74901,3.3201486e14
6972,3.3201486e14,8.039852,217.80138,3.3201486e14
6973,3.3201486e14,8.039903,217.85367,3.3201486e14
6974,3.3201486e14,8.039949,217.90614,3.3201486e14
6975,3.3201486e14,8.04,217.95845,3.3201486e14
6976,3.3201486e14,8.040048,218.01082,3.3201486e14
6977,3.3201486e14,8.040096,218.06305,3.3201486e14
6978,3.3201486e14,8.040142,218.11559,3.3201486e14
6979,3.3201486e14,8.040187,218.16791,3.3201486e14
6980,3.3201486e14,8.040235,218.22034,3.3201486e14
6981,3.3201486e14,8.040285,218.27267,3.3201486e14
6982,3.3201486e14,8.040333,218.32492,3.3201486e14
6983,3.3201486e14,8.040378,218.37737,3.3201486e14
6984,3.3201486e14,8.040422,218.42969,3.3201486e14
6985,3.3201486e14,8.04047,218.48222,3.3201486e14
6986,3.3201486e14,8.040519,218.53476,3.3201486e14
6987,3.3201486e14,8.040563,218.5872,3.3201486e14
6988,3.3201486e14,8.040611,218.63974,3.3201486e14
6989,3.3201486e14,8.040652,218.6922,3.3201486e14
6990,3.3201486e14,8.040699,218.74464,3.3201486e14
6991,3.3201486e14,8.040744,218.79707,3.3201486e14
6992,3.3201486e14,8.040793,218.84955,3.3201486e14
6993,3.3201486e14,8.040834,218.902,3.3201486e14
6994,3.3201486e14,8.040877,218.95438,3.3201486e14
6995,3.3201486e14,8.040924,219.00697,3.3201486e14
6996,3.3201486e14,8.040971,219.05948,3.3201486e14
6997,3.3201486e14,8.041012,219.11212,3.3201486e14
6998,3.3201486e14,8.041057,219.1646,3.3201486e14
6999,3.3201486e14,8.041098,219.21729,3.3201486e14
7000,3.3201486e14,8.041145,219.26955,3.3201486e14
7001,3.3201486e14,8.041185,219.32216,3.3201486e14
7002,3.3201486e14,8.041234,219.37447,3.3201486e14
7003,3.3201486e14,8.041273,219.42712,3.3201486e14
7004,3.3201486e14,8.041322,219.47958,3.3201486e14
7005,3.3201486e14,8.041356,219.53215,3.3201486e14
7006,3.3201486e14,8.041405,219.58493,3.3201486e14
7007,3.3201486e14,8.041442,219.63762,3.3201486e14
7008,3.3201486e14,8.041481,219.69025,3.3201486e14
7009,3.3201486e14,8.041527,219.7428,3.3201486e14
7010,3.3201486e14,8.041566,219.79546,3.3201486e14
7011,3.3201486e14,8.041614,219.84785,3.3201486e14
7012,3.3201486e14,8.041645,219.90057,3.3201486e14
7013,3.3201486e14,8.041694,219.95282,3.3201486e14
7014,3.3201486e14,8.041727,220.00586,3.3201486e14
7015,3.3201486e14,8.041783,220.05803,3.3201486e14
7016,3.3201486e14,8.041804,220.11115,3.3201486e14
7017,3.3201486e14,8.0418625,220.16318,3.3201486e14
7018,3.3201486e14,8.04188,220.21658,3.3201486e14
7019,3.3201486e14,8.041952,220.26839,3.3201486e14
7020,3.3201486e14,8.04196,220.32181,3.3201486e14
7021,3.3201486e14,8.042035,220.3734,3.3201486e14
7022,3.3201486e14,8.042034,220.42699,3.3201486e14
7023,3.3201486e14,8.042123,220.47841,3.3201486e14
7024,3.3201486e14,8.042115,220.53229,3.3201486e14
7025,3.3201486e14,8.04221,220.5835,3.3201486e14
7026,3.3201486e14,8.042187,220.63792,3.3201486e14
7027,3.3201486e14,8.042296,220.68877,3.3201486e14
7028,3.3201486e14,8.0422535,220.74358,3.3201486e14
7029,3.3201486e14,8.042383,220.79385,3.3201486e14
7030,3.3201486e14,8.042326,220.84932,3.3201486e14
7031,3.3201486e14,8.042477,220.8989,3.3201486e14
7032,3.3201486e14,8.042379,220.95508,3.3201486e14
7033,3.3201486e14,8.042574,221.00345,3.3201486e14
7034,3.3201486e14,8.042458,221.06105,3.3201486e14
7035,3.3201486e14,8.042716,221.10681,3.3201486e14
7036,3.3201486e14,8.042462,221.16435,3.3201486e14
7037,3.3201486e14,8.042733,221.20724,3.3201486e14
7038,3.3201486e14,8.04236,221.26881,3.3201486e14
7039,3.3201486e14,8.0423765,221.3116,3.3201486e14
7040,3.3201486e14,8.041618,221.38881,3.3201486e14
7041,3.3201486e14,8.042408,221.42018,3.3201486e14
7042,3.3201486e14,8.04113,221.51868,3.3201486e14
7043,3.3201486e14,8.042832,221.52272,3.3201486e14
7044,3.3201486e14,8.040577,221.64844,3.3201486e14
7045,3.3201486e14,8.043696,221.61598,3.3201486e14
7046,3.3201486e14,8.040611,221.771,3.3201486e14
7047,3.3201486e14,8.04453,221.7116,3.3201486e14
7048,3.3201486e14,8.041202,221.86438,3.3201486e14
7049,3.3201486e14,8.043905,221.82887,3.3201486e14
7050,3.3201486e14,8.042584,221.92467,3.3201486e14
7051,3.3201486e14,8.042726,221.97415,3.3201486e14
7052,3.3201486e14,8.043655,221.99818,3.3201486e14
7053,3.3201486e14,8.04142,222.11789,3.3201486e14
7054,3.3201486e14,8.04352,222.10573,3.3201486e14
7055,3.3201486e14,8.041587,222.21568,3.3201486e14
7056,3.3201486e14,8.0425205,222.23753,3.3201486e14
7057,3.3201486e14,8.04269,222.28406,3.3201486e14
7058,3.3201486e14,8.041791,222.36703,3.3201486e14
7059,3.3201486e14,8.043711,222.3666,3.3201486e14
7060,3.3201486e14,8.042506,222.46208,3.3201486e14
7061,3.3201486e14,8.04389,222.47696,3.3201486e14
7062,3.3201486e14,8.043856,222.53404,3.3201486e14
7063,3.3201486e14,8.04346,222.60248,3.3201486e14
7064,3.3201486e14,8.044697,222.62189,3.3201486e14
7065,3.3201486e14,8.043552,222.71323,3.3201486e14
7066,3.3201486e14,8.044533,222.73737,3.3201486e14
7067,3.3201486e14,8.0441,222.80309,3.3201486e14
7068,3.3201486e14,8.043809,222.86478,3.3201486e14
7069,3.3201486e14,8.044583,222.89565,3.3201486e14
7070,3.3201486e14,8.043741,222.9776,3.3201486e14
7071,3.3201486e14,8.044696,223.00436,3.3201486e14
7072,3.3201486e14,8.04442,223.06871,3.3201486e14
7073,3.3201486e14,8.044521,223.12216,3.3201486e14
7074,3.3201486e14,8.045203,223.15889,3.3201486e14
7075,3.3201486e14,8.044709,223.2324,3.3201486e14
7076,3.3201486e14,8.045552,223.26416,3.3201486e14
7077,3.3201486e14,8.045245,223.3299,3.3201486e14
7078,3.3201486e14,8.045366,223.38225,3.3201486e14
7079,3.3201486e14,8.045714,223.4278,3.3201486e14
7080,3.3201486e14,8.045271,223.4986,3.3201486e14
7081,3.3201486e14,8.045878,223.53705,3.3201486e14
7082,3.3201486e14,8.045547,223.60376,3.3201486e14
7083,3.3201486e14,8.045741,223.6537,3.3201486e14
7084,3.3201486e14,8.045981,223.70297,3.3201486e14
7085,3.3201486e14,8.045771,223.76683,3.3201486e14
7086,3.3201486e14,8.046343,223.80663,3.3201486e14
7087,3.3201486e14,8.046144,223.86975,3.3201486e14
7088,3.3201486e14,8.0464525,223.91666,3.3201486e14
7089,3.3201486e14,8.046615,223.96849,3.3201486e14
7090,3.3201486e14,8.046526,224.02838,3.3201486e14
7091,3.3201486e14,8.046948,224.07275,3.3201486e14
7092,3.3201486e14,8.0467415,224.13602,3.3201486e14
7093,3.3201486e14,8.047014,224.18419,3.3201486e14
7094,3.3201486e14,8.0470495,224.23982,3.3201486e14
7095,3.3201486e14,8.047037,224.29716,3.3201486e14
7096,3.3201486e14,8.047357,224.34439,3.3201486e14
7097,3.3201486e14,8.047232,224.40515,3.3201486e14
7098,3.3201486e14,8.0475445,224.45201,3.3201486e14
7099,3.3201486e14,8.047572,224.5077,3.3201486e14
7100,3.3201486e14,8.047686,224.56105,3.3201486e14
7101,3.3201486e14,8.047946,224.61002,3.3201486e14
7102,3.3201486e14,8.047897,224.66837,3.3201486e14
7103,3.3201486e14,8.048183,224.71614,3.3201486e14
7104,3.3201486e14,8.048168,224.77293,3.3201486e14
7105,3.3201486e14,8.048303,224.82512,3.3201486e14
7106,3.3201486e14,8.048452,224.87714,3.3201486e14
7107,3.3201486e14,8.04844,224.93394,3.3201486e14
7108,3.3201486e14,8.048667,224.98303,3.3201486e14
7109,3.3201486e14,8.048647,225.03992,3.3201486e14
7110,3.3201486e14,8.048822,225.09094,3.3201486e14
7111,3.3201486e14,8.04893,225.14423,3.3201486e14
7112,3.3201486e14,8.049001,225.19878,3.3201486e14
7113,3.3201486e14,8.049211,225.2489,3.3201486e14
7114,3.3201486e14,8.049225,225.30493,3.3201486e14
7115,3.3201486e14,8.04942,225.35533,3.3201486e14
7116,3.3201486e14,8.049488,225.40971,3.3201486e14
7117,3.3201486e14,8.049596,225.46303,3.3201486e14
7118,3.3201486e14,8.049744,225.51491,3.3201486e14
7119,3.3201486e14,8.049767,225.57031,3.3201486e14
7120,3.3201486e14,8.049935,225.62134,3.3201486e14
7121,3.3201486e14,8.049974,225.67647,3.3201486e14
7122,3.3201486e14,8.050106,225.72888,3.3201486e14
7123,3.3201486e14,8.050216,225.78197,3.3201486e14
7124,3.3201486e14,8.050283,225.83633,3.3201486e14
7125,3.3201486e14,8.050443,225.88791,3.3201486e14
7126,3.3201486e14,8.050498,225.94286,3.3201486e14
7127,3.3201486e14,8.050653,225.99464,3.3201486e14
7128,3.3201486e14,8.050742,226.0485,3.3201486e14
7129,3.3201486e14,8.050846,226.10172,3.3201486e14
7130,3.3201486e14,8.050977,226.15414,3.3201486e14
7131,3.3201486e14,8.051044,226.20862,3.3201486e14
7132,3.3201486e14,8.0511875,226.26073,3.3201486e14
7133,3.3201486e14,8.051252,226.31505,3.3201486e14
7134,3.3201486e14,8.051372,226.36789,3.3201486e14
7135,3.3201486e14,8.051471,226.42131,3.3201486e14
7136,3.3201486e14,8.0515585,226.4752,3.3201486e14
7137,3.3201486e14,8.051689,226.52753,3.3201486e14
7138,3.3201486e14,8.051762,226.5817,3.3201486e14
7139,3.3201486e14,8.051896,226.63402,3.3201486e14
7140,3.3201486e14,8.051986,226.68771,3.3201486e14
7141,3.3201486e14,8.052096,226.74077,3.3201486e14
7142,3.3201486e14,8.052211,226.79385,3.3201486e14
7143,3.3201486e14,8.052297,226.84767,3.3201486e14
7144,3.3201486e14,8.0524235,226.90034,3.3201486e14
7145,3.3201486e14,8.052502,226.95438,3.3201486e14
7146,3.3201486e14,8.05262,227.00732,3.3201486e14
7147,3.3201486e14,8.0527115,227.06096,3.3201486e14
7148,3.3201486e14,8.052807,227.11427,3.3201486e14
7149,3.3201486e14,8.052921,227.16725,3.3201486e14
7150,3.3201486e14,8.053009,227.22096,3.3201486e14
7151,3.3201486e14,8.053128,227.27377,3.3201486e14
7152,3.3201486e14,8.053218,227.32747,3.3201486e14
7153,3.3201486e14,8.053327,227.38045,3.3201486e14
7154,3.3201486e14,8.053427,227.43379,3.3201486e14
7155,3.3201486e14,8.053529,227.48721,3.3201486e14
7156,3.3201486e14,8.053638,227.54031,3.3201486e14
7157,3.3201486e14,8.053724,227.59384,3.3201486e14
7158,3.3201486e14,8.053847,227.64685,3.3201486e14
7159,3.3201486e14,8.053981,227.70033,3.3201486e14
7160,3.3201486e14,8.054151,227.7529,3.3201486e14
7161,3.3201486e14,8.054296,227.80605,3.3201486e14
7162,3.3201486e14,8.054454,227.85867,3.3201486e14
7163,3.3201486e14,8.05461,227.91154,3.3201486e14
7164,3.3201486e14,8.054765,227.96494,3.3201486e14
7165,3.3201486e14,8.054905,228.01788,3.3201486e14
7166,3.3201486e14,8.05501,228.07141,3.3201486e14
7167,3.3201486e14,8.055113,228.12447,3.3201486e14
7168,3.3201486e14,8.055206,228.17792,3.3201486e14
7169,3.3201486e14,8.055323,228.23106,3.3201486e14
7170,3.3201486e14,8.055438,228.28409,3.3201486e14
7171,3.3201486e14,8.055555,228.33705,3.3201486e14
7172,3.3201486e14,8.055677,228.38956,3.3201486e14
7173,3.3201486e14,8.055803,228.44235,3.3201486e14
7174,3.3201486e14,8.055955,228.49498,3.3201486e14
7175,3.3201486e14,8.056096,228.54793,3.3201486e14
7176,3.3201486e14,8.056236,228.6006,3.3201486e14
7177,3.3201486e14,8.056364,228.65364,3.3201486e14
7178,3.3201486e14,8.056496,228.70677,3.3201486e14
7179,3.3201486e14,8.056631,228.75992,3.3201486e14
7180,3.3201486e14,8.056757,228.81334,3.3201486e14
7181,3.3201486e14,8.056872,228.86647,3.3201486e14
7182,3.3201486e14,8.056983,228.91972,3.3201486e14
7183,3.3201486e14,8.057103,228.97275,3.3201486e14
7184,3.3201486e14,8.057225,229.02579,3.3201486e14
7185,3.3201486e14,8.057352,229.07878,3.3201486e14
7186,3.3201486e14,8.057476,229.13167,3.3201486e14
7187,3.3201486e14,8.057591,229.18465,3.3201486e14
7188,3.3201486e14,8.057717,229.23752,3.3201486e14
7189,3.3201486e14,8.057837,229.29066,3.3201486e14
7190,3.3201486e14,8.0579605,229.3436,3.3201486e14
7191,3.3201486e14,8.058078,229.39679,3.3201486e14
7192,3.3201486e14,8.058195,229.44997,3.3201486e14
7193,3.3201486e14,8.05831,229.50316,3.3201486e14
7194,3.3201486e14,8.058429,229.5565,3.3201486e14
7195,3.3201486e14,8.058549,229.60988,3.3201486e14
7196,3.3201486e14,8.058662,229.6633,3.3201486e14
7197,3.3201483e14,8.058783,229.71669,3.3201483e14
7198,3.3201483e14,8.058896,229.77017,3.3201483e14
7199,3.3201483e14,8.059017,229.82338,3.3201483e14
7200,3.3201483e14,8.0591345,229.87656,3.3201483e14
7201,3.3201483e14,8.059252,229.92987,3.3201483e14
7202,3.3201483e14,8.059363,229.98314,3.3201483e14
7203,3.3201483e14,8.059479,230.0363,3.3201483e14
7204,3.3201483e14,8.059593,230.08975,3.3201483e14
7205,3.3201483e14,8.059704,230.14313,3.3201483e14
7206,3.3201483e14,8.0598135,230.19667,3.3201483e14
7207,3.3201483e14,8.059923,230.25021,3.3201483e14
7208,3.3201483e14,8.060036,230.30377,3.3201483e14
7209,3.3201483e14,8.060147,230.35722,3.3201483e14
7210,3.3201483e14,8.060258,230.41069,3.3201483e14
7211,3.3201483e14,8.0603695,230.46408,3.3201483e14
7212,3.3201483e14,8.060482,230.51753,3.3201483e14
7213,3.3201483e14,8.060595,230.57095,3.3201483e14
7214,3.3201483e14,8.060706,230.62434,3.3201483e14
7215,3.3201483e14,8.060819,230.67775,3.3201483e14
7216,3.3201483e14,8.06093,230.73126,3.3201483e14
7217,3.3201483e14,8.061038,230.78476,3.3201483e14
7218,3.3201483e14,8.061144,230.83818,3.3201483e14
7219,3.3201483e14,8.061252,230.89172,3.3201483e14
7220,3.3201483e14,8.061359,230.94505,3.3201483e14
7221,3.3201483e14,8.061465,230.9985,3.3201483e14
7222,3.3201483e14,8.061571,231.05185,3.3201483e14
7223,3.3201483e14,8.061679,231.10541,3.3201483e14
7224,3.3201483e14,8.061793,231.15865,3.3201483e14
7225,3.3201483e14,8.061901,231.21223,3.3201483e14
7226,3.3201483e14,8.06201,231.26572,3.3201483e14
7227,3.3201483e14,8.062123,231.31932,3.3201483e14
7228,3.3201483e14,8.062274,231.37265,3.3201483e14
7229,3.3201483e14,8.062441,231.42554,3.3201483e14
7230,3.3201483e14,8.0625925,231.47878,3.3201483e14
7231,3.3201483e14,8.062758,231.53139,3.3201483e14
7232,3.3201483e14,8.062905,231.58493,3.3201483e14
7233,3.3201483e14,8.063078,231.63779,3.3201483e14
7234,3.3201483e14,8.063202,231.69165,3.3201483e14
7235,3.3201483e14,8.063328,231.74474,3.3201483e14
7236,3.3201483e14,8.063419,231.79868,3.3201483e14
7237,3.3201483e14,8.063535,231.85178,3.3201483e14
7238,3.3201483e14,8.063649,231.90524,3.3201483e14
7239,3.3201483e14,8.06378,231.95819,3.3201483e14
7240,3.3201483e14,8.063901,232.01111,3.3201483e14
7241,3.3201483e14,8.064034,232.0639,3.3201483e14
7242,3.3201483e14,8.064171,232.11655,3.3201483e14
7243,3.3201483e14,8.064318,232.16931,3.3201483e14
7244,3.3201483e14,8.06447,232.22209,3.3201483e14
7245,3.3201483e14,8.064608,232.27513,3.3201483e14
7246,3.3201483e14,8.064744,232.32817,3.3201483e14
7247,3.3201483e14,8.064872,232.38156,3.3201483e14
7248,3.3201483e14,8.06501,232.4348,3.3201483e14
7249,3.3201483e14,8.065135,232.48819,3.3201483e14
7250,3.3201483e14,8.065265,232.54132,3.3201483e14
7251,3.3201483e14,8.065382,232.59454,3.3201483e14
7252,3.3201483e14,8.065512,232.64748,3.3201483e14
7253,3.3201483e14,8.065636,232.70062,3.3201483e14
7254,3.3201483e14,8.065774,232.75356,3.3201483e14
7255,3.3201483e14,8.065907,232.80664,3.3201483e14
7256,3.3201483e14,8.066034,232.85971,3.3201483e14
7257,3.3201483e14,8.066161,232.91275,3.3201483e14
7258,3.3201483e14,8.066287,232.96585,3.3201483e14
7259,3.3201483e14,8.066415,233.01903,3.3201483e14
7260,3.3201483e14,8.066537,233.07242,3.3201483e14
7261,3.3201483e14,8.066666,233.12549,3.3201483e14
7262,3.3201483e14,8.066782,233.17903,3.3201483e14
7263,3.3201483e14,8.066911,233.23224,3.3201483e14
7264,3.3201483e14,8.067028,233.28584,3.3201483e14
7265,3.3201483e14,8.06716,233.33894,3.3201483e14
7266,3.3201483e14,8.067279,233.39258,3.3201483e14
7267,3.3201483e14,8.067411,233.44572,3.3201483e14
7268,3.3201483e14,8.067533,233.49916,3.3201483e14
7269,3.3201483e14,8.067662,233.55225,3.3201483e14
7270,3.3201483e14,8.06778,233.6058,3.3201483e14
7271,3.3201483e14,8.06791,233.65881,3.3201483e14
7272,3.3201483e14,8.068018,233.71245,3.3201483e14
7273,3.3201483e14,8.068143,233.76553,3.3201483e14
7274,3.3201483e14,8.0682535,233.81926,3.3201483e14
7275,3.3201483e14,8.068381,233.87239,3.3201483e14
7276,3.3201483e14,8.068486,233.92615,3.3201483e14
7277,3.3201483e14,8.068614,233.97917,3.3201483e14
7278,3.3201483e14,8.068722,234.033,3.3201483e14
7279,3.3201483e14,8.068858,234.08607,3.3201483e14
7280,3.3201483e14,8.068958,234.14003,3.3201483e14
7281,3.3201483e14,8.0690975,234.19281,3.3201483e14
7282,3.3201483e14,8.069195,234.24689,3.3201483e14
7283,3.3201483e14,8.06934,234.29947,3.3201483e14
7284,3.3201483e14,8.069432,234.3537,3.3201483e14
7285,3.3201483e14,8.069578,234.4062,3.3201483e14
7286,3.3201483e14,8.069659,234.4607,3.3201483e14
7287,3.3201483e14,8.069812,234.51297,3.3201483e14
7288,3.3201483e14,8.069884,234.56792,3.3201483e14
7289,3.3201483e14,8.070049,234.61984,3.3201483e14
7290,3.3201483e14,8.070103,234.67508,3.3201483e14
7291,3.3201483e14,8.070285,234.72643,3.3201483e14
7292,3.3201483e14,8.070321,234.78224,3.3201483e14
7293,3.3201483e14,8.070529,234.83278,3.3201483e14
7294,3.3201483e14,8.070534,234.88956,3.3201483e14
7295,3.3201483e14,8.07078,234.93904,3.3201483e14
7296,3.3201483e14,8.070739,234.9971,3.3201483e14
7297,3.3201483e14,8.071042,235.04501,3.3201483e14
7298,3.3201483e14,8.070936,235.10527,3.3201483e14
7299,3.3201483e14,8.071313,235.15059,3.3201483e14
7300,3.3201483e14,8.071107,235.21396,3.3201483e14
7301,3.3201483e14,8.071604,235.25542,3.3201483e14
7302,3.3201483e14,8.071248,235.32347,3.3201483e14
7303,3.3201483e14,8.0719385,235.35912,3.3201483e14
7304,3.3201483e14,8.071344,235.43443,3.3201483e14
7305,3.3201483e14,8.07232,235.46127,3.3201483e14
7306,3.3201483e14,8.07138,235.54788,3.3201483e14
7307,3.3201483e14,8.07278,235.5618,3.3201483e14
7308,3.3201483e14,8.071329,235.66441,3.3201483e14
7309,3.3201483e14,8.073315,235.6604,3.3201483e14
7310,3.3201483e14,8.07121,235.78381,3.3201483e14
7311,3.3201483e14,8.073854,235.75916,3.3201483e14
7312,3.3201483e14,8.071173,235.90054,3.3201483e14
7313,3.3201483e14,8.074169,235.86334,3.3201483e14
7314,3.3201483e14,8.071525,236.00226,3.3201483e14
7315,3.3201483e14,8.073952,235.98038,3.3201483e14
7316,3.3201483e14,8.072449,236.08252,3.3201483e14
7317,3.3201483e14,8.073317,236.11111,3.3201483e14
7318,3.3201483e14,8.073619,236.1586,3.3201483e14
7319,3.3201483e14,8.072798,236.24265,3.3201483e14
7320,3.3201483e14,8.074442,236.24844,3.3201483e14
7321,3.3201483e14,8.072802,236.35768,3.3201483e14
7322,3.3201483e14,8.074598,236.35692,3.3201483e14
7323,3.3201483e14,8.07341,236.45053,3.3201483e14
7324,3.3201483e14,8.074222,236.48097,3.3201483e14
7325,3.3201483e14,8.074295,236.53542,3.3201483e14
7326,3.3201483e14,8.073825,236.60756,3.3201483e14
7327,3.3201483e14,8.074952,236.62924,3.3201483e14
7328,3.3201483e14,8.073858,236.721,3.3201483e14
7329,3.3201483e14,8.075121,236.73758,3.3201483e14
7330,3.3201483e14,8.07439,236.81721,3.3201483e14
7331,3.3201483e14,8.074929,236.85692,3.3201483e14
7332,3.3201483e14,8.075116,236.90825,3.3201483e14
7333,3.3201483e14,8.074756,236.977,3.3201483e14
7334,3.3201483e14,8.075635,237.00621,3.3201483e14
7335,3.3201483e14,8.074891,237.08688,3.3201483e14
7336,3.3201483e14,8.075776,237.11548,3.3201483e14
7337,3.3201483e14,8.075353,237.1856,3.3201483e14
7338,3.3201483e14,8.075674,237.23224,3.3201483e14
7339,3.3201483e14,8.0759,237.28186,3.3201483e14
7340,3.3201483e14,8.075614,237.34802,3.3201483e14
7341,3.3201483e14,8.076292,237.38327,3.3201483e14
7342,3.3201483e14,8.075805,237.45598,3.3201483e14
7343,3.3201483e14,8.076441,237.49258,3.3201483e14
7344,3.3201483e14,8.076215,237.55655,3.3201483e14
7345,3.3201483e14,8.07644,237.60606,3.3201483e14
7346,3.3201483e14,8.076672,237.65564,3.3201483e14
7347,3.3201483e14,8.076492,237.7185,3.3201483e14
7348,3.3201483e14,8.077011,237.75896,3.3201483e14
7349,3.3201483e14,8.076698,237.82568,3.3201483e14
7350,3.3201483e14,8.077161,237.86765,3.3201483e14
7351,3.3201483e14,8.07704,237.92828,3.3201483e14
7352,3.3201483e14,8.077222,237.97897,3.3201483e14
7353,3.3201483e14,8.077418,238.02963,3.3201483e14
7354,3.3201483e14,8.07732,238.08958,3.3201483e14
7355,3.3201483e14,8.077707,238.13376,3.3201483e14
7356,3.3201483e14,8.077523,238.1965,3.3201483e14
7357,3.3201483e14,8.077892,238.24147,3.3201483e14
7358,3.3201483e14,8.077834,238.30038,3.3201483e14
7359,3.3201483e14,8.078017,238.35126,3.3201483e14
7360,3.3201483e14,8.078158,238.40353,3.3201483e14
7361,3.3201483e14,8.078143,238.46054,3.3201483e14
7362,3.3201483e14,8.078436,238.50787,3.3201483e14
7363,3.3201483e14,8.078347,238.56755,3.3201483e14
7364,3.3201483e14,8.078643,238.61475,3.3201483e14
7365,3.3201483e14,8.078601,238.67264,3.3201483e14
7366,3.3201483e14,8.078783,238.7232,3.3201483e14
7367,3.3201483e14,8.078888,238.7767,3.3201483e14
7368,3.3201483e14,8.078944,238.83168,3.3201483e14
7369,3.3201483e14,8.079158,238.88147,3.3201483e14
7370,3.3201483e14,8.079131,238.9387,3.3201483e14
7371,3.3201483e14,8.079372,238.98756,3.3201483e14
7372,3.3201483e14,8.079369,239.04443,3.3201483e14
7373,3.3201483e14,8.079561,239.0948,3.3201483e14
7374,3.3201483e14,8.079626,239.14923,3.3201483e14
7375,3.3201483e14,8.079731,239.20232,3.3201483e14
7376,3.3201483e14,8.079918,239.25412,3.3201483e14
7377,3.3201483e14,8.080011,239.30894,3.3201483e14
7378,3.3201483e14,8.080245,239.35907,3.3201483e14
7379,3.3201483e14,8.080316,239.41428,3.3201483e14
7380,3.3201483e14,8.0805435,239.4648,3.3201483e14
7381,3.3201483e14,8.080645,239.51935,3.3201483e14
7382,3.3201483e14,8.080808,239.57158,3.3201483e14
7383,3.3201483e14,8.080922,239.62463,3.3201483e14
7384,3.3201483e14,8.081005,239.67838,3.3201483e14
7385,3.3201483e14,8.081159,239.73006,3.3201483e14
7386,3.3201483e14,8.081226,239.78456,3.3201483e14
7387,3.3201483e14,8.081406,239.83545,3.3201483e14
7388,3.3201483e14,8.081478,239.88959,3.3201483e14
7389,3.3201483e14,8.081647,239.9406,3.3201483e14
7390,3.3201483e14,8.081759,239.99373,3.3201483e14
7391,3.3201483e14,8.081913,240.04562,3.3201483e14
7392,3.3201483e14,8.082062,240.0979,3.3201483e14
7393,3.3201483e14,8.082181,240.15108,3.3201483e14
7394,3.3201483e14,8.082342,240.20271,3.3201483e14
7395,3.3201483e14,8.082444,240.2566,3.3201483e14
7396,3.3201483e14,8.082612,240.30838,3.3201483e14
7397,3.3201483e14,8.082706,240.36217,3.3201483e14
7398,3.3201483e14,8.082854,240.41411,3.3201483e14
7399,3.3201483e14,8.08296,240.46735,3.3201483e14
7400,3.3201483e14,8.0831,240.51988,3.3201483e14
7401,3.3201483e14,8.083233,240.57242,3.3201483e14
7402,3.3201483e14,8.083353,240.62521,3.3201483e14
7403,3.3201483e14,8.083502,240.67714,3.3201483e14
7404,3.3201483e14,8.083609,240.73032,3.3201483e14
7405,3.3201483e14,8.083759,240.78194,3.3201483e14
7406,3.3201483e14,8.083863,240.83517,3.3201483e14
7407,3.3201483e14,8.08401,240.88705,3.3201483e14
7408,3.3201483e14,8.084115,240.9402,3.3201483e14
7409,3.3201483e14,8.084245,240.99243,3.3201483e14
7410,3.3201483e14,8.084362,241.04546,3.3201483e14
7411,3.3201483e14,8.084486,241.09819,3.3201483e14
7412,3.3201483e14,8.084615,241.15073,3.3201483e14
7413,3.3201483e14,8.084725,241.20381,3.3201483e14
7414,3.3201483e14,8.084863,241.25601,3.3201483e14
7415,3.3201483e14,8.084974,241.3092,3.3201483e14
7416,3.3201483e14,8.085117,241.36127,3.3201483e14
7417,3.3201483e14,8.08523,241.41435,3.3201483e14
7418,3.3201483e14,8.085366,241.46649,3.3201483e14
7419,3.3201483e14,8.085473,241.51949,3.3201483e14
7420,3.3201483e14,8.085601,241.57187,3.3201483e14
7421,3.3201483e14,8.0857115,241.62479,3.3201483e14
7422,3.3201483e14,8.085832,241.67743,3.3201483e14
7423,3.3201483e14,8.085949,241.73003,3.3201483e14
7424,3.3201483e14,8.086061,241.78299,3.3201483e14
7425,3.3201483e14,8.086183,241.8354,3.3201483e14
7426,3.3201483e14,8.086289,241.88838,3.3201483e14
7427,3.3201483e14,8.086418,241.94072,3.3201483e14
7428,3.3201483e14,8.086527,241.99359,3.3201483e14
7429,3.3201483e14,8.086657,242.04588,3.3201483e14
7430,3.3201483e14,8.086766,242.0989,3.3201483e14
7431,3.3201483e14,8.086893,242.15128,3.3201483e14
7432,3.3201483e14,8.087006,242.20427,3.3201483e14
7433,3.3201483e14,8.087127,242.25682,3.3201483e14
7434,3.3201483e14,8.087233,242.30975,3.3201483e14
7435,3.3201483e14,8.087353,242.36217,3.3201483e14
7436,3.3201483e14,8.087463,242.41501,3.3201483e14
7437,3.3201483e14,8.087583,242.46744,3.3201483e14
7438,3.3201483e14,8.087693,242.52003,3.3201483e14
7439,3.3201483e14,8.0878105,242.57266,3.3201483e14
7440,3.3201483e14,8.087921,242.62534,3.3201483e14
7441,3.3201483e14,8.088038,242.67778,3.3201483e14
7442,3.3201483e14,8.088151,242.73047,3.3201483e14
7443,3.3201483e14,8.088266,242.7829,3.3201483e14
7444,3.3201483e14,8.08838,242.83539,3.3201483e14
7445,3.3201483e14,8.088494,242.88788,3.3201483e14
7446,3.3201483e14,8.088608,242.94022,3.3201483e14
7447,3.3201483e14,8.088721,242.99274,3.3201483e14
7448,3.3201483e14,8.088835,243.04523,3.3201483e14
7449,3.3201483e14,8.088946,243.09766,3.3201483e14
7450,3.3201483e14,8.08906,243.15004,3.3201483e14
7451,3.3201483e14,8.089172,243.20258,3.3201483e14
7452,3.3201483e14,8.089289,243.25487,3.3201483e14
7453,3.3201483e14,8.089397,243.3073,3.3201483e14
7454,3.3201483e14,8.08951,243.35957,3.3201483e14
7455,3.3201483e14,8.0896225,243.41167,3.3201483e14
7456,3.3201483e14,8.089737,243.46413,3.3201483e14
7457,3.3201483e14,8.089852,243.51634,3.3201483e14
7458,3.3201483e14,8.089957,243.5686,3.3201483e14
7459,3.3201483e14,8.090071,243.62074,3.3201483e14
7460,3.3201483e14,8.0901785,243.67323,3.3201483e14
7461,3.3201483e14,8.0903015,243.72517,3.3201483e14
7462,3.3201483e14,8.090402,243.77776,3.3201483e14
7463,3.3201483e14,8.090523,243.82947,3.3201483e14
7464,3.3201483e14,8.090618,243.88216,3.3201483e14
7465,3.3201483e14,8.090748,243.93373,3.3201483e14
7466,3.3201483e14,8.090842,243.98634,3.3201483e14
7467,3.3201483e14,8.090971,244.03796,3.3201483e14
7468,3.3201483e14,8.09106,244.0905,3.3201483e14
7469,3.3201483e14,8.091194,244.14183,3.3201483e14
7470,3.3201483e14,8.091286,244.19475,3.3201483e14
7471,3.3201483e14,8.091416,244.24603,3.3201483e14
7472,3.3201483e14,8.0915,244.29901,3.3201483e14
7473,3.3201483e14,8.091638,244.3502,3.3201483e14
7474,3.3201483e14,8.091716,244.40329,3.3201483e14
7475,3.3201483e14,8.091861,244.45409,3.3201483e14
7476,3.3201483e14,8.091932,244.50735,3.3201483e14
7477,3.3201483e14,8.092085,244.55785,3.3201483e14
7478,3.3201483e14,8.092146,244.61147,3.3201483e14
7479,3.3201483e14,8.092313,244.66147,3.3201483e14
7480,3.3201483e14,8.092359,244.71564,3.3201483e14
7481,3.3201483e14,8.092543,244.76492,3.3201483e14
7482,3.3201483e14,8.092556,244.81985,3.3201483e14
7483,3.3201483e14,8.092779,244.8682,3.3201483e14
7484,3.3201483e14,8.092755,244.92427,3.3201483e14
7485,3.3201483e14,8.09302,244.97107,3.3201483e14
7486,3.3201483e14,8.09294,245.0289,3.3201483e14
7487,3.3201483e14,8.093274,245.07352,3.3201483e14
7488,3.3201483e14,8.093111,245.13391,3.3201483e14
7489,3.3201483e14,8.093546,245.17522,3.3201483e14
7490,3.3201483e14,8.09326,245.23973,3.3201483e14
7491,3.3201483e14,8.093849,245.27592,3.3201483e14
7492,3.3201483e14,8.093367,245.34677,3.3201483e14
7493,3.3201483e14,8.094196,245.37521,3.3201483e14
7494,3.3201483e14,8.093419,245.45563,3.3201483e14
7495,3.3201483e14,8.094606,245.47241,3.3201483e14
7496,3.3201483e14,8.093385,245.56741,3.3201483e14
7497,3.3201483e14,8.095099,245.5679,3.3201483e14
7498,3.3201483e14,8.093273,245.68298,3.3201483e14
7499,3.3201483e14,8.095648,245.662,3.3201483e14
7500,3.3201483e14,8.093152,245.79912,3.3201483e14
7501,3.3201483e14,8.0960865,245.75897,3.3201483e14
7502,3.3201483e14,8.09327,245.90555,3.3201483e14
7503,3.3201483e14,8.096113,245.86603,3.3201483e14
7504,3.3201483e14,8.093951,245.98969,3.3201483e14
7505,3.3201483e14,8.095586,245.98888,3.3201483e14
7506,3.3201483e14,8.09508,246.05948,3.3201483e14
7507,3.3201483e14,8.09492,246.12013,3.3201483e14
7508,3.3201483e14,8.0961075,246.13705,3.3201483e14
7509,3.3201483e14,8.0946455,246.24083,3.3201483e14
7510,3.3201483e14,8.096549,246.23283,3.3201483e14
7511,3.3201483e14,8.095001,246.33784,3.3201483e14
7512,3.3201483e14,8.09633,246.3477,3.3201483e14
7513,3.3201483e14,8.095824,246.41847,3.3201483e14
7514,3.3201483e14,8.09584,246.47255,3.3201483e14
7515,3.3201483e14,8.096618,246.50215,3.3201483e14
7516,3.3201483e14,8.095641,246.58958,3.3201483e14
7517,3.3201483e14,8.096982,246.59985,3.3201483e14
7518,3.3201483e14,8.095977,246.68756,3.3201483e14
7519,3.3201483e14,8.096879,246.71194,3.3201483e14
7520,3.3201483e14,8.096663,246.77345,3.3201483e14
7521,3.3201483e14,8.096627,246.82951,3.3201483e14
7522,3.3201483e14,8.097297,246.86243,3.3201483e14
7523,3.3201483e14,8.096601,246.94041,3.3201483e14
7524,3.3201483e14,8.097573,246.96263,3.3201483e14
7525,3.3201483e14,8.09693,247.0383,3.3201483e14
7526,3.3201483e14,8.097513,247.07315,3.3201483e14
7527,3.3201483e14,8.097472,247.129,3.3201483e14
7528,3.3201483e14,8.097386,247.18631,3.3201483e14
7529,3.3201483e14,8.097937,247.22246,3.3201483e14
7530,3.3201483e14,8.09745,247.29318,3.3201483e14
7531,3.3201483e14,8.098163,247.324,3.3201483e14
7532,3.3201483e14,8.097777,247.39088,3.3201483e14
7533,3.3201483e14,8.09818,247.43175,3.3201483e14
7534,3.3201483e14,8.098234,247.48436,3.3201483e14
7535,3.3201483e14,8.09817,247.54066,3.3201483e14
7536,3.3201483e14,8.098618,247.58028,3.3201483e14
7537,3.3201483e14,8.098294,247.64508,3.3201483e14
7538,3.3201483e14,8.098815,247.68178,3.3201483e14
7539,3.3201483e14,8.098585,247.74338,3.3201483e14
7540,3.3201483e14,8.098878,247.7877,3.3201483e14
7541,3.3201483e14,8.098949,247.83923,3.3201483e14
7542,3.3201483e14,8.098929,247.89397,3.3201483e14
7543,3.3201483e14,8.099268,247.9364,3.3201483e14
7544,3.3201483e14,8.0990715,247.99678,3.3201483e14
7545,3.3201483e14,8.099476,248.03717,3.3201483e14
7546,3.3201483e14,8.099338,248.0957,3.3201483e14
7547,3.3201483e14,8.099591,248.14084,3.3201483e14
7548,3.3201483e14,8.099654,248.19255,3.3201483e14
7549,3.3201483e14,8.099689,248.24493,3.3201483e14
7550,3.3201483e14,8.099937,248.29033,3.3201483e14
7551,3.3201483e14,8.099838,248.3471,3.3201483e14
7552,3.3201483e14,8.100147,248.39018,3.3201483e14
7553,3.3201483e14,8.100067,248.44638,3.3201483e14
7554,3.3201483e14,8.100292,248.4923,3.3201483e14
7555,3.3201483e14,8.100333,248.54442,3.3201483e14
7556,3.3201483e14,8.100418,248.59502,3.3201483e14
7557,3.3201483e14,8.1005945,248.64264,3.3201483e14
7558,3.3201483e14,8.100572,248.69661,3.3201483e14
7559,3.3201483e14,8.100815,248.7419,3.3201483e14
7560,3.3201483e14,8.10078,248.79637,3.3201483e14
7561,3.3201483e14,8.1009865,248.84259,3.3201483e14
7562,3.3201483e14,8.101015,248.89474,3.3201483e14
7563,3.3201483e14,8.101139,248.9439,3.3201483e14
7564,3.3201483e14,8.101262,248.99298,3.3201483e14
7565,3.3201483e14,8.101297,249.04488,3.3201483e14
7566,3.3201483e14,8.101479,249.09174,3.3201483e14
7567,3.3201483e14,8.1014805,249.14471,3.3201483e14
7568,3.3201483e14,8.101668,249.1913,3.3201483e14
7569,3.3201483e14,8.101691,249.24335,3.3201483e14
7570,3.3201483e14,8.101835,249.2913,3.3201483e14
7571,3.3201483e14,8.101913,249.34135,3.3201483e14
7572,3.3201483e14,8.101995,249.39134,3.3201483e14
7573,3.3201483e14,8.102136,249.43936,3.3201483e14
7574,3.3201483e14,8.102172,249.49084,3.3201483e14
7575,3.3201483e14,8.102338,249.538,3.3201483e14
7576,3.3201483e14,8.1023655,249.58951,3.3201483e14
7577,3.3201483e14,8.102519,249.63696,3.3201483e14
7578,3.3201483e14,8.102576,249.6875,3.3201483e14
7579,3.3201483e14,8.10269,249.73602,3.3201483e14
7580,3.3201483e14,8.102786,249.785,3.3201483e14
7581,3.3201483e14,8.1028595,249.83487,3.3201483e14
7582,3.3201483e14,8.102992,249.88275,3.3201483e14
7583,3.3201483e14,8.10304,249.93326,3.3201483e14
7584,3.3201483e14,8.103183,249.98065,3.3201483e14
7585,3.3201483e14,8.103229,250.03114,3.3201483e14
7586,3.3201483e14,8.10336,250.07877,3.3201483e14
7587,3.3201483e14,8.10343,250.12837,3.3201483e14
7588,3.3201483e14,8.103539,250.17677,3.3201483e14
7589,3.3201483e14,8.103629,250.22545,3.3201483e14
7590,3.3201483e14,8.103707,250.27449,3.3201483e14
7591,3.3201483e14,8.103831,250.32237,3.3201483e14
7592,3.3201483e14,8.103893,250.3721,3.3201483e14
7593,3.3201483e14,8.104015,250.41951,3.3201483e14
7594,3.3201483e14,8.104074,250.46904,3.3201483e14
7595,3.3201483e14,8.104196,250.51639,3.3201483e14
7596,3.3201483e14,8.104269,250.5655,3.3201483e14
7597,3.3201483e14,8.104377,250.61322,3.3201483e14
7598,3.3201483e14,8.104459,250.66182,3.3201483e14
7599,3.3201483e14,8.104547,250.7101,3.3201483e14
7600,3.3201483e14,8.104646,250.75832,3.3201483e14
7601,3.3201483e14,8.104731,250.8069,3.3201483e14
7602,3.3201483e14,8.1048355,250.85461,3.3201483e14
7603,3.3201483e14,8.104908,250.90315,3.3201483e14
7604,3.3201483e14,8.105014,250.95056,3.3201483e14
7605,3.3201483e14,8.105091,250.9989,3.3201483e14
7606,3.3201483e14,8.105196,251.04648,3.3201483e14
7607,3.3201483e14,8.105275,251.09474,3.3201483e14
7608,3.3201483e14,8.1053705,251.14233,3.3201483e14
7609,3.3201483e14,8.105453,251.19029,3.3201483e14
7610,3.3201483e14,8.105544,251.23793,3.3201483e14
7611,3.3201483e14,8.1056385,251.28555,3.3201483e14
7612,3.3201483e14,8.105719,251.33327,3.3201483e14
7613,3.3201483e14,8.105814,251.38057,3.3201483e14
7614,3.3201483e14,8.105894,251.42818,3.3201483e14
7615,3.3201483e14,8.105992,251.4753,3.3201483e14
7616,3.3201483e14,8.106078,251.52298,3.3201483e14
7617,3.3201483e14,8.106171,251.57005,3.3201483e14
7618,3.3201483e14,8.106249,251.61743,3.3201483e14
7619,3.3201483e14,8.106344,251.6645,3.3201483e14
7620,3.3201483e14,8.106428,251.71169,3.3201483e14
7621,3.3201483e14,8.106517,251.75853,3.3201483e14
7622,3.3201483e14,8.106599,251.80565,3.3201483e14
7623,3.3201483e14,8.106688,251.8524,3.3201483e14
7624,3.3201483e14,8.106771,251.89944,3.3201483e14
7625,3.3201483e14,8.106857,251.9461,3.3201483e14
7626,3.3201483e14,8.106944,251.99278,3.3201483e14
7627,3.3201483e14,8.107034,252.03943,3.3201483e14
7628,3.3201483e14,8.107116,252.08609,3.3201483e14
7629,3.3201483e14,8.10723,252.13245,3.3201483e14
7630,3.3201483e14,8.107428,252.17668,3.3201483e14
7631,3.3201483e14,8.107632,252.2195,3.3201483e14
7632,3.3201483e14,8.107775,252.26271,3.3201483e14
7633,3.3201483e14,8.107858,252.30804,3.3201483e14
7634,3.3201483e14,8.107934,252.35506,3.3201483e14
7635,3.3201483e14,8.108036,252.40381,3.3201483e14
7636,3.3201483e14,8.10819,252.45218,3.3201483e14
7637,3.3201483e14,8.108349,252.4994,3.3201483e14
7638,3.3201483e14,8.108516,252.54424,3.3201483e14
7639,3.3201483e14,8.108651,252.5878,3.3201483e14
7640,3.3201483e14,8.10877,252.63052,3.3201483e14
7641,3.3201483e14,8.108859,252.67451,3.3201483e14
7642,3.3201483e14,8.108963,252.71982,3.3201483e14
7643,3.3201483e14,8.10909,252.76672,3.3201483e14
7644,3.3201483e14,8.109247,252.81395,3.3201483e14
7645,3.3201483e14,8.109402,252.86082,3.3201483e14
7646,3.3201483e14,8.10953,252.90619,3.3201483e14
7647,3.3201483e14,8.10962,252.95007,3.3201483e14
7648,3.3201483e14,8.109712,252.99345,3.3201483e14
7649,3.3201483e14,8.109824,253.03706,3.3201483e14
7650,3.3201483e14,8.10996,253.08163,3.3201483e14
7651,3.3201483e14,8.110105,253.12721,3.3201483e14
7652,3.3201483e14,8.110223,253.17348,3.3201483e14
7653,3.3201483e14,8.110329,253.21912,3.3201483e14
7654,3.3201483e14,8.110416,253.26448,3.3201483e14
7655,3.3201483e14,8.110524,253.30855,3.3201483e14
7656,3.3201483e14,8.110626,253.35257,3.3201483e14
7657,3.3201483e14,8.110755,253.3955,3.3201483e14
7658,3.3201483e14,8.110863,253.43976,3.3201483e14
7659,3.3201483e14,8.110994,253.48341,3.3201483e14
7660,3.3201483e14,8.111078,253.52866,3.3201483e14
7661,3.3201483e14,8.111191,253.5726,3.3201483e14
7662,3.3201483e14,8.111256,253.6179,3.3201483e14
7663,3.3201483e14,8.111389,253.66101,3.3201483e14
7664,3.3201483e14,8.111471,253.70561,3.3201483e14
7665,3.3201483e14,8.111632,253.7473,3.3201483e14
7666,3.3201483e14,8.111693,253.79198,3.3201483e14
7667,3.3201483e14,8.111846,253.83322,3.3201483e14
7668,3.3201483e14,8.111874,253.87875,3.3201483e14
7669,3.3201483e14,8.112053,253.9199,3.3201483e14
7670,3.3201483e14,8.112075,253.96649,3.3201483e14
7671,3.3201483e14,8.11229,254.0063,3.3201483e14
7672,3.3201483e14,8.112277,254.05344,3.3201483e14
7673,3.3201483e14,8.112522,254.09111,3.3201483e14
7674,3.3201483e14,8.112452,254.13933,3.3201483e14
7675,3.3201483e14,8.112754,254.17468,3.3201483e14
7676,3.3201483e14,8.112608,254.22566,3.3201483e14
7677,3.3201483e14,8.113007,254.25812,3.3201483e14
7678,3.3201483e14,8.112753,254.31287,3.3201483e14
7679,3.3201483e14,8.1132965,254.34076,3.3201483e14
7680,3.3201483e14,8.1128645,254.4012,3.3201483e14
7681,3.3201483e14,8.113609,254.42104,3.3201483e14
7682,3.3201483e14,8.112908,254.48993,3.3201483e14
7683,3.3201483e14,8.113984,254.49876,3.3201483e14
7684,3.3201483e14,8.112901,254.58124,3.3201483e14
7685,3.3201483e14,8.114448,254.57455,3.3201483e14
7686,3.3201483e14,8.112803,254.67644,3.3201483e14
7687,3.3201483e14,8.1149645,254.6489,3.3201483e14
7688,3.3201483e14,8.112662,254.77359,3.3201483e14
7689,3.3201483e14,8.115436,254.72437,3.3201483e14
7690,3.3201483e14,8.112674,254.86363,3.3201483e14
7691,3.3201483e14,8.115586,254.8073,3.3201483e14
7692,3.3201483e14,8.113172,254.93314,3.3201483e14
7693,3.3201483e14,8.115198,254.90541,3.3201483e14
7694,3.3201483e14,8.114183,254.98318,3.3201483e14
7695,3.3201483e14,8.114517,255.01578,3.3201483e14
7696,3.3201483e14,8.115257,255.03525,3.3201483e14
7697,3.3201483e14,8.114091,255.12076,3.3201483e14
7698,3.3201483e14,8.115875,255.10356,3.3201483e14
7699,3.3201483e14,8.11424,255.20338,3.3201483e14
7700,3.3201483e14,8.115829,255.19095,3.3201483e14
7701,3.3201483e14,8.11493,255.26459,3.3201483e14
7702,3.3201483e14,8.115379,255.29231,3.3201483e14
7703,3.3201483e14,8.115792,255.32222,3.3201483e14
7704,3.3201483e14,8.11512,255.39038,3.3201483e14
7705,3.3201483e14,8.116392,255.39093,3.3201483e14
7706,3.3201483e14,8.115341,255.47119,3.3201483e14
7707,3.3201483e14,8.116502,255.47455,3.3201483e14
7708,3.3201483e14,8.11599,255.53552,3.3201483e14
7709,3.3201483e14,8.116324,255.5674,3.3201483e14
7710,3.3201483e14,8.116698,255.59752,3.3201483e14
7711,3.3201483e14,8.116195,255.6576,3.3201483e14
7712,3.3201483e14,8.117115,255.66847,3.3201483e14
7713,3.3201483e14,8.116398,255.73538,3.3201483e14
7714,3.3201483e14,8.117189,255.75,3.3201483e14
7715,3.3201483e14,8.116896,255.80185,3.3201483e14
7716,3.3201483e14,8.117091,255.83653,3.3201483e14
7717,3.3201483e14,8.117438,255.86613,3.3201483e14
7718,3.3201483e14,8.117108,255.91946,3.3201483e14
7719,3.3201483e14,8.117824,255.93646,3.3201483e14
7720,3.3201483e14,8.117379,255.9934,3.3201483e14
7721,3.3201483e14,8.117965,256.0145,3.3201483e14
7722,3.3201483e14,8.117821,256.06052,3.3201483e14
7723,3.3201483e14,8.117981,256.09604,3.3201483e14
7724,3.3201483e14,8.118278,256.12692,3.3201483e14
7725,3.3201483e14,8.118066,256.1751,3.3201483e14
7726,3.3201483e14,8.11859,256.19745,3.3201483e14
7727,3.3201483e14,8.118299,256.24786,3.3201483e14
7728,3.3201483e14,8.118743,256.2727,3.3201483e14
7729,3.3201483e14,8.118673,256.31537,3.3201483e14
7730,3.3201483e14,8.1188345,256.35013,3.3201483e14
7731,3.3201483e14,8.1190605,256.38205,3.3201483e14
7732,3.3201483e14,8.118956,256.42538,3.3201483e14
7733,3.3201483e14,8.119358,256.4509,3.3201483e14
7734,3.3201483e14,8.11919,256.4962,3.3201483e14
7735,3.3201483e14,8.119552,256.52283,3.3201483e14
7736,3.3201483e14,8.119505,256.5636,3.3201483e14
7737,3.3201483e14,8.119672,256.59653,3.3201483e14
7738,3.3201483e14,8.11983,256.6301,3.3201483e14
7739,3.3201483e14,8.119813,256.6695,3.3201483e14
7740,3.320148e14,8.1201105,256.69785,3.320148e14
7741,3.320148e14,8.120023,256.7395,3.320148e14
7742,3.320148e14,8.120323,256.76694,3.320148e14
7743,3.320148e14,8.120298,256.8062,3.320148e14
7744,3.320148e14,8.1205,256.83734,3.320148e14
7745,3.320148e14,8.120602,256.87167,3.320148e14
7746,3.320148e14,8.120664,256.9071,3.320148e14
7747,3.320148e14,8.120879,256.93713,3.320148e14
7748,3.320148e14,8.120863,256.97513,3.320148e14
7749,3.320148e14,8.121115,257.00354,3.320148e14
7750,3.320148e14,8.121103,257.04083,3.320148e14
7751,3.320148e14,8.1213,257.07074,3.320148e14
7752,3.320148e14,8.121362,257.1051,3.320148e14
7753,3.320148e14,8.121475,257.13773,3.320148e14
7754,3.320148e14,8.121624,257.16885,3.320148e14
7755,3.320148e14,8.121667,257.20355,3.320148e14
7756,3.320148e14,8.121865,257.23248,3.320148e14
7757,3.320148e14,8.121888,257.2676,3.320148e14
7758,3.320148e14,8.122084,257.29636,3.320148e14
7759,3.320148e14,8.12213,257.3302,3.320148e14
7760,3.320148e14,8.122282,257.36014,3.320148e14
7761,3.320148e14,8.12238,257.39203,3.320148e14
7762,3.320148e14,8.122477,257.42355,3.320148e14
7763,3.320148e14,8.122621,257.45316,3.320148e14
7764,3.320148e14,8.122681,257.4857,3.320148e14
7765,3.320148e14,8.122851,257.5141,3.320148e14
7766,3.320148e14,8.122903,257.54657,3.320148e14
7767,3.320148e14,8.123063,257.5749,3.320148e14
7768,3.320148e14,8.123133,257.6063,3.320148e14
7769,3.320148e14,8.123265,257.63516,3.320148e14
7770,3.320148e14,8.123373,257.66498,3.320148e14
7771,3.320148e14,8.123472,257.6948,3.320148e14
7772,3.320148e14,8.123602,257.72348,3.320148e14
7773,3.320148e14,8.12368,257.75372,3.320148e14
7774,3.320148e14,8.12383,257.78165,3.320148e14
7775,3.320148e14,8.123905,257.8119,3.320148e14
7776,3.320148e14,8.124047,257.83948,3.320148e14
7777,3.320148e14,8.124129,257.86887,3.320148e14
7778,3.320148e14,8.124255,257.8965,3.320148e14
7779,3.320148e14,8.124362,257.92496,3.320148e14
7780,3.320148e14,8.124471,257.9531,3.320148e14
7781,3.320148e14,8.12459,257.9805,3.320148e14
7782,3.320148e14,8.124682,258.00885,3.320148e14
7783,3.320148e14,8.124816,258.03583,3.320148e14
7784,3.320148e14,8.1249,258.06387,3.320148e14
7785,3.320148e14,8.125037,258.0902,3.320148e14
7786,3.320148e14,8.125127,258.11792,3.320148e14
7787,3.320148e14,8.1252575,258.144,3.320148e14
7788,3.320148e14,8.125356,258.171,3.320148e14
7789,3.320148e14,8.125474,258.1971,3.320148e14
7790,3.320148e14,8.125589,258.22348,3.320148e14
7791,3.320148e14,8.125694,258.2499,3.320148e14
7792,3.320148e14,8.125813,258.27542,3.320148e14
7793,3.320148e14,8.125912,258.30167,3.320148e14
7794,3.320148e14,8.12604,258.3267,3.320148e14
7795,3.320148e14,8.126137,258.35266,3.320148e14
7796,3.320148e14,8.126267,258.37726,3.320148e14
7797,3.320148e14,8.126363,258.40292,3.320148e14
7798,3.320148e14,8.126492,258.4273,3.320148e14
7799,3.320148e14,8.12659,258.4524,3.320148e14
7800,3.320148e14,8.12672,258.47665,3.320148e14
7801,3.320148e14,8.126825,258.5013,3.320148e14
7802,3.320148e14,8.126942,258.52536,3.320148e14
7803,3.320148e14,8.127055,258.5494,3.320148e14
7804,3.320148e14,8.12717,258.5734,3.320148e14
7805,3.320148e14,8.127292,258.59692,3.320148e14
7806,3.320148e14,8.127398,258.6207,3.320148e14
7807,3.320148e14,8.127521,258.64377,3.320148e14
7808,3.320148e14,8.127627,258.6674,3.320148e14
7809,3.320148e14,8.127753,258.69028,3.320148e14
7810,3.320148e14,8.127861,258.71356,3.320148e14
7811,3.320148e14,8.127985,258.73596,3.320148e14
7812,3.320148e14,8.128097,258.75885,3.320148e14
7813,3.320148e14,8.128221,258.78104,3.320148e14
7814,3.320148e14,8.128334,258.80347,3.320148e14
7815,3.320148e14,8.128455,258.82544,3.320148e14
7816,3.320148e14,8.128571,258.84738,3.320148e14
7817,3.320148e14,8.12869,258.86923,3.320148e14
7818,3.320148e14,8.12881,258.89108,3.320148e14
7819,3.320148e14,8.128927,258.91287,3.320148e14
7820,3.320148e14,8.129048,258.93442,3.320148e14
7821,3.320148e14,8.129162,258.95593,3.320148e14
7822,3.320148e14,8.12929,258.97708,3.320148e14
7823,3.320148e14,8.129406,258.9982,3.320148e14
7824,3.320148e14,8.129534,259.01898,3.320148e14
7825,3.320148e14,8.12965,259.0398,3.320148e14
7826,3.320148e14,8.129777,259.06055,3.320148e14
7827,3.320148e14,8.129896,259.08115,3.320148e14
7828,3.320148e14,8.130018,259.10153,3.320148e14
7829,3.320148e14,8.130145,259.12186,3.320148e14
7830,3.320148e14,8.13027,259.142,3.320148e14
7831,3.320148e14,8.130394,259.16193,3.320148e14
7832,3.320148e14,8.130513,259.18176,3.320148e14
7833,3.320148e14,8.130641,259.2012,3.320148e14
7834,3.320148e14,8.130768,259.22083,3.320148e14
7835,3.320148e14,8.1308975,259.24005,3.320148e14
7836,3.320148e14,8.131018,259.25952,3.320148e14
7837,3.320148e14,8.131147,259.2786,3.320148e14
7838,3.320148e14,8.13127,259.29758,3.320148e14
7839,3.320148e14,8.131407,259.3162,3.320148e14
7840,3.320148e14,8.131535,259.335,3.320148e14
7841,3.320148e14,8.131667,259.35342,3.320148e14
7842,3.320148e14,8.13179,259.37192,3.320148e14
7843,3.320148e14,8.131925,259.39017,3.320148e14
7844,3.320148e14,8.132054,259.40848,3.320148e14
7845,3.320148e14,8.13219,259.42615,3.320148e14
7846,3.320148e14,8.1323185,259.44412,3.320148e14
7847,3.320148e14,8.132458,259.46158,3.320148e14
7848,3.320148e14,8.13258,259.47952,3.320148e14
7849,3.320148e14,8.132721,259.4966,3.320148e14
7850,3.320148e14,8.132847,259.51453,3.320148e14
7851,3.320148e14,8.132995,259.53134,3.320148e14
7852,3.320148e14,8.133112,259.54898,3.320148e14
7853,3.320148e14,8.133267,259.5653,3.320148e14
7854,3.320148e14,8.133385,259.583,3.320148e14
7855,3.320148e14,8.133547,259.59897,3.320148e14
7856,3.320148e14,8.133658,259.6166,3.320148e14
7857,3.320148e14,8.133829,259.63208,3.320148e14
7858,3.320148e14,8.133928,259.6499,3.320148e14
7859,3.320148e14,8.134118,259.6647,3.320148e14
7860,3.320148e14,8.134201,259.68292,3.320148e14
7861,3.320148e14,8.134408,259.6967,3.320148e14
7862,3.320148e14,8.134471,259.7156,3.320148e14
7863,3.320148e14,8.13471,259.7281,3.320148e14
7864,3.320148e14,8.134737,259.74817,3.320148e14
7865,3.320148e14,8.135026,259.75885,3.320148e14
7866,3.320148e14,8.134987,259.78088,3.320148e14
7867,3.320148e14,8.135353,259.7886,3.320148e14
7868,3.320148e14,8.135225,259.81357,3.320148e14
7869,3.320148e14,8.135715,259.8169,3.320148e14
7870,3.320148e14,8.135437,259.8473,3.320148e14
7871,3.320148e14,8.136114,259.84393,3.320148e14
7872,3.320148e14,8.135594,259.88284,3.320148e14
7873,3.320148e14,8.13658,259.8689,3.320148e14
7874,3.320148e14,8.135685,259.92133,3.320148e14
7875,3.320148e14,8.13714,259.8908,3.320148e14
7876,3.320148e14,8.135662,259.96387,3.320148e14
7877,3.320148e14,8.137807,259.90927,3.320148e14
7878,3.320148e14,8.135547,260.01077,3.320148e14
7879,3.320148e14,8.138507,259.9272,3.320148e14
7880,3.320148e14,8.13551,260.05496,3.320148e14
7881,3.320148e14,8.138917,259.95316,3.320148e14
7882,3.320148e14,8.135992,260.07602,3.320148e14
7883,3.320148e14,8.138619,259.9985,3.320148e14
7884,3.320148e14,8.137233,260.0657,3.320148e14
7885,3.320148e14,8.137829,260.06326,3.320148e14
7886,3.320148e14,8.138661,260.05402,3.320148e14
7887,3.320148e14,8.137326,260.1231,3.320148e14
7888,3.320148e14,8.139487,260.06577,3.320148e14
7889,3.320148e14,8.137643,260.15125,3.320148e14
7890,3.320148e14,8.139398,260.1058,3.320148e14
7891,3.320148e14,8.138688,260.1496,3.320148e14
7892,3.320148e14,8.138844,260.16333,3.320148e14
7893,3.320148e14,8.139774,260.1494,3.320148e14
7894,3.320148e14,8.138641,260.21014,3.320148e14
7895,3.320148e14,8.140256,260.1709,3.320148e14
7896,3.320148e14,8.139178,260.22842,3.320148e14
7897,3.320148e14,8.140097,260.21356,3.320148e14
7898,3.320148e14,8.140153,260.23047,3.320148e14
7899,3.320148e14,8.139855,260.261,3.320148e14
7900,3.320148e14,8.140939,260.24136,3.320148e14
7901,3.320148e14,8.14006,260.29214,3.320148e14
7902,3.320148e14,8.141163,260.2708,3.320148e14
7903,3.320148e14,8.140753,260.30426,3.320148e14
7904,3.320148e14,8.141047,260.31244,3.320148e14
7905,3.320148e14,8.141541,260.31372,3.320148e14
7906,3.320148e14,8.141068,260.3498,3.320148e14
7907,3.320148e14,8.142006,260.33453,3.320148e14
7908,3.320148e14,8.14149,260.3719,3.320148e14
7909,3.320148e14,8.142115,260.3678,3.320148e14
7910,3.320148e14,8.142176,260.38437,3.320148e14
7911,3.320148e14,8.142147,260.40414,3.320148e14
7912,3.320148e14,8.142778,260.40005,3.320148e14
7913,3.320148e14,8.1424055,260.43237,3.320148e14
7914,3.320148e14,8.143106,260.42566,3.320148e14
7915,3.320148e14,8.142936,260.45044,3.320148e14
7916,3.320148e14,8.143231,260.45816,3.320148e14
7917,3.320148e14,8.143529,260.46597,3.320148e14
7918,3.320148e14,8.143403,260.4892,3.320148e14
7919,3.320148e14,8.143988,260.48642,3.320148e14
7920,3.320148e14,8.143776,260.51263,3.320148e14
7921,3.320148e14,8.144247,260.51376,3.320148e14
7922,3.320148e14,8.144299,260.5302,3.320148e14
7923,3.320148e14,8.144443,260.54364,3.320148e14
7924,3.320148e14,8.14482,260.5484,3.320148e14
7925,3.320148e14,8.144733,260.56998,3.320148e14
7926,3.320148e14,8.145216,260.5709,3.320148e14
7927,3.320148e14,8.1451645,260.59103,3.320148e14
7928,3.320148e14,8.145488,260.59756,3.320148e14
7929,3.320148e14,8.145663,260.60934,3.320148e14
7930,3.320148e14,8.145748,260.62448,3.320148e14
7931,3.320148e14,8.146123,260.6292,3.320148e14
7932,3.320148e14,8.1461,260.64835,3.320148e14
7933,3.320148e14,8.146485,260.65234,3.320148e14
7934,3.320148e14,8.146537,260.66852,3.320148e14
7935,3.320148e14,8.146786,260.67783,3.320148e14
7936,3.320148e14,8.147015,260.68802,3.320148e14
7937,3.320148e14,8.147108,260.70316,3.320148e14
7938,3.320148e14,8.147448,260.709,3.320148e14
7939,3.320148e14,8.14749,260.72598,3.320148e14
7940,3.320148e14,8.147819,260.7322,3.320148e14
7941,3.320148e14,8.147933,260.74622,3.320148e14
7942,3.320148e14,8.148157,260.75644,3.320148e14
7943,3.320148e14,8.148389,260.76633,3.320148e14
7944,3.320148e14,8.148504,260.78015,3.320148e14
7945,3.320148e14,8.148806,260.78748,3.320148e14
7946,3.320148e14,8.148903,260.80222,3.320148e14
7947,3.320148e14,8.149191,260.81018,3.320148e14
7948,3.320148e14,8.14934,260.82297,3.320148e14
7949,3.320148e14,8.14955,260.8332,3.320148e14
7950,3.320148e14,8.149782,260.84286,3.320148e14
7951,3.320148e14,8.149932,260.85562,3.320148e14
7952,3.320148e14,8.15021,260.86365,3.320148e14
7953,3.320148e14,8.150342,260.87686,3.320148e14
7954,3.320148e14,8.150604,260.88547,3.320148e14
7955,3.320148e14,8.150774,260.89755,3.320148e14
7956,3.320148e14,8.15099,260.90778,3.320148e14
7957,3.320148e14,8.151215,260.91757,3.320148e14
7958,3.320148e14,8.151385,260.9295,3.320148e14
7959,3.320148e14,8.15164,260.93817,3.320148e14
7960,3.320148e14,8.151797,260.95068,3.320148e14
7961,3.320148e14,8.152051,260.95926,3.320148e14
7962,3.320148e14,8.152233,260.97098,3.320148e14
7963,3.320148e14,8.152459,260.98083,3.320148e14
7964,3.320148e14,8.152672,260.9912,3.320148e14
7965,3.320148e14,8.1528635,261.00214,3.320148e14
7966,3.320148e14,8.153106,261.01135,3.320148e14
7967,3.320148e14,8.153291,261.02307,3.320148e14
7968,3.320148e14,8.153537,261.03232,3.320148e14
7969,3.320148e14,8.153717,261.04355,3.320148e14
7970,3.320148e14,8.153951,261.0532,3.320148e14
7971,3.320148e14,8.1541605,261.0637,3.320148e14
7972,3.320148e14,8.154372,261.07434,3.320148e14
7973,3.320148e14,8.154708,261.08395,3.320148e14
7974,3.320148e14,8.155129,261.09488,3.320148e14
7975,3.320148e14,8.155602,261.10333,3.320148e14
7976,3.320148e14,8.155955,261.11252,3.320148e14
7977,3.320148e14,8.156266,261.11972,3.320148e14
7978,3.320148e14,8.156533,261.12958,3.320148e14
7979,3.320148e14,8.156861,261.1405,3.320148e14
7980,3.320148e14,8.157238,261.15295,3.320148e14
7981,3.320148e14,8.157635,261.1655,3.320148e14
7982,3.320148e14,8.158042,261.17493,3.320148e14
7983,3.320148e14,8.158385,261.183,3.320148e14
7984,3.320148e14,8.158727,261.18857,3.320148e14
7985,3.320148e14,8.159021,261.19684,3.320148e14
7986,3.320148e14,8.159358,261.20645,3.320148e14
7987,3.320148e14,8.159707,261.21945,3.320148e14
7988,3.320148e14,8.160104,261.23233,3.320148e14
7989,3.320148e14,8.160484,261.24408,3.320148e14
7990,3.320148e14,8.1608305,261.25314,3.320148e14
7991,3.320148e14,8.16115,261.26056,3.320148e14
7992,3.320148e14,8.161457,261.2688,3.320148e14
7993,3.320148e14,8.161818,261.2785,3.320148e14
7994,3.320148e14,8.162189,261.29074,3.320148e14
7995,3.320148e14,8.162576,261.3033,3.320148e14
7996,3.320148e14,8.162926,261.3158,3.320148e14
7997,3.320148e14,8.163259,261.32635,3.320148e14
7998,3.320148e14,8.163586,261.33582,3.320148e14
7999,3.320148e14,8.163927,261.34503,3.320148e14
8000,3.320148e14,8.164291,261.35474,3.320148e14
8001,3.320148e14,8.164657,261.36578,3.320148e14
8002,3.320148e14,8.165028,261.37704,3.320148e14
8003,3.320148e14,8.165374,261.3884,3.320148e14
8004,3.320148e14,8.165721,261.39896,3.320148e14
8005,3.320148e14,8.166049,261.4092,3.320148e14
8006,3.320148e14,8.166395,261.41885,3.320148e14
8007,3.320148e14,8.166749,261.429,3.320148e14
8008,3.320148e14,8.16712,261.43918,3.320148e14
8009,3.320148e14,8.167491,261.4493,3.320148e14
8010,3.320148e14,8.167846,261.45966,3.320148e14
8011,3.320148e14,8.16819,261.46957,3.320148e14
8012,3.320148e14,8.168524,261.48004,3.320148e14
8013,3.320148e14,8.168893,261.4902,3.320148e14
8014,3.320148e14,8.169279,261.49646,3.320148e14
8015,3.320148e14,8.169666,261.50098,3.320148e14
8016,3.320148e14,8.170043,261.5087,3.320148e14
8017,3.320148e14,8.170424,261.52097,3.320148e14
8018,3.320148e14,8.170793,261.5381,3.320148e14
8019,3.320148e14,8.171165,261.55707,3.320148e14
8020,3.320148e14,8.171536,261.57495,3.320148e14
8021,3.320148e14,8.171926,261.58942,3.320148e14
8022,3.320148e14,8.172325,261.60034,3.320148e14
8023,3.320148e14,8.17273,261.60986,3.320148e14
8024,3.320148e14,8.173145,261.62015,3.320148e14
8025,3.320148e14,8.173556,261.63312,3.320148e14
8026,3.320148e14,8.173965,261.64816,3.320148e14
8027,3.320148e14,8.174366,261.66458,3.320148e14
8028,3.320148e14,8.174768,261.67957,3.320148e14
8029,3.320148e14,8.175168,261.69223,3.320148e14
8030,3.320148e14,8.175584,261.7019,3.320148e14
8031,3.320148e14,8.175995,261.71008,3.320148e14
8032,3.320148e14,8.176413,261.7179,3.320148e14
8033,3.320148e14,8.176816,261.72714,3.320148e14
8034,3.320148e14,8.177224,261.73746,3.320148e14
8035,3.320148e14,8.1776285,261.74908,3.320148e14
8036,3.320148e14,8.178034,261.7602,3.320148e14
8037,3.320148e14,8.178435,261.76974,3.320148e14
8038,3.320148e14,8.178844,261.77798,3.320148e14
8039,3.320148e14,8.179256,261.78534,3.320148e14
8040,3.320148e14,8.179663,261.79294,3.320148e14
8041,3.320148e14,8.18007,261.8018,3.320148e14
8042,3.320148e14,8.180472,261.8122,3.320148e14
8043,3.320148e14,8.180885,261.82343,3.320148e14
8044,3.320148e14,8.181297,261.8351,3.320148e14
8045,3.320148e14,8.181713,261.84573,3.320148e14
8046,3.320148e14,8.182128,261.8558,3.320148e14
8047,3.320148e14,8.182548,261.86496,3.320148e14
8048,3.320148e14,8.182962,261.87482,3.320148e14
8049,3.320148e14,8.183383,261.8853,3.320148e14
8050,3.320148e14,8.183793,261.89706,3.320148e14
8051,3.320148e14,8.184206,261.9092,3.320148e14
8052,3.320148e14,8.184615,261.92157,3.320148e14
8053,3.320148e14,8.185027,261.9333,3.320148e14
8054,3.320148e14,8.185434,261.94427,3.320148e14
8055,3.320148e14,8.185844,261.9548,3.320148e14
8056,3.320148e14,8.186261,261.96555,3.320148e14
8057,3.320148e14,8.186676,261.97644,3.320148e14
8058,3.320148e14,8.187095,261.98804,3.320148e14
8059,3.320148e14,8.187509,261.99985,3.320148e14
8060,3.320148e14,8.187926,262.0117,3.320148e14
8061,3.320148e14,8.188343,262.02307,3.320148e14
8062,3.320148e14,8.188764,262.03384,3.320148e14
8063,3.320148e14,8.189188,262.04428,3.320148e14
8064,3.320148e14,8.189614,262.05463,3.320148e14
8065,3.320148e14,8.190041,262.06555,3.320148e14
8066,3.320148e14,8.190463,262.07654,3.320148e14
8067,3.320148e14,8.190885,262.0877,3.320148e14
8068,3.320148e14,8.191313,262.09875,3.320148e14
8069,3.320148e14,8.19174,262.10977,3.320148e14
8070,3.320148e14,8.192169,262.1203,3.320148e14
8071,3.320148e14,8.192591,262.13077,3.320148e14
8072,3.320148e14,8.193023,262.1411,3.320148e14
8073,3.320148e14,8.193447,262.15167,3.320148e14
8074,3.320148e14,8.193881,262.16248,3.320148e14
8075,3.320148e14,8.194303,262.17383,3.320148e14
8076,3.320148e14,8.194736,262.18484,3.320148e14
8077,3.320148e14,8.195152,262.1962,3.320148e14
8078,3.320148e14,8.195592,262.2068,3.320148e14
8079,3.320148e14,8.196009,262.21793,3.320148e14
8080,3.320148e14,8.196454,262.2286,3.320148e14
8081,3.320148e14,8.196869,262.24017,3.320148e14
8082,3.320148e14,8.197309,262.2511,3.320148e14
8083,3.320148e14,8.197723,262.26315,3.320148e14
8084,3.320148e14,8.1981735,262.2742,3.320148e14
8085,3.320148e14,8.1985855,262.2863,3.320148e14
8086,3.320148e14,8.1990385,262.29675,3.320148e14
8087,3.320148e14,8.19944,262.30914,3.320148e14
8088,3.320148e14,8.199906,262.31924,3.320148e14
8089,3.320148e14,8.200295,262.3324,3.320148e14
8090,3.320148e14,8.20078,262.34204,3.320148e14
8091,3.320148e14,8.201144,262.3561,3.320148e14
8092,3.320148e14,8.201659,262.3647,3.320148e14
8093,3.320148e14,8.201986,262.38028,3.320148e14
8094,3.320148e14,8.202553,262.3867,3.320148e14
8095,3.320148e14,8.202817,262.40463,3.320148e14
8096,3.320148e14,8.2034645,262.40808,3.320148e14
8097,3.320148e14,8.203625,262.42996,3.320148e14
8098,3.320148e14,8.204403,262.42856,3.320148e14
8099,3.320148e14,8.204395,262.45685,3.320148e14
8100,3.320148e14,8.205392,262.44775,3.320148e14
8101,3.320148e14,8.205107,262.48645,3.320148e14
8102,3.320148e14,8.206459,262.46402,3.320148e14
8103,3.320148e14,8.205719,262.52014,3.320148e14
8104,3.320148e14,8.207645,262.47653,3.320148e14
8105,3.320148e14,8.20619,262.56036,3.320148e14
8106,3.320148e14,8.208966,262.48608,3.320148e14
8107,3.320148e14,8.206556,262.60696,3.320148e14
8108,3.320148e14,8.210265,262.49744,3.320148e14
8109,3.320148e14,8.20714,262.6448,3.320148e14
8110,3.320148e14,8.21104,262.5237,3.320148e14
8111,3.320148e14,8.208541,262.64365,3.320148e14
8112,3.320148e14,8.210888,262.5795,3.320148e14
8113,3.320148e14,8.210729,262.61316,3.320148e14
8114,3.320148e14,8.210491,262.65247,3.320148e14
8115,3.320148e14,8.212665,262.60092,3.320148e14
8116,3.320148e14,8.2108755,262.69934,3.320148e14
8117,3.320148e14,8.213517,262.62613,3.320148e14
8118,3.320148e14,8.212357,262.69724,3.320148e14
8119,3.320148e14,8.213431,262.68417,3.320148e14
8120,3.320148e14,8.214264,262.68176,3.320148e14
8121,3.320148e14,8.213469,262.7422,3.320148e14
8122,3.320148e14,8.215529,262.6927,3.320148e14
8123,3.320148e14,8.214424,262.7635,3.320148e14
8124,3.320148e14,8.21588,262.7359,3.320148e14
8125,3.320148e14,8.216073,262.7577,3.320148e14
8126,3.320148e14,8.216013,262.79007,3.320148e14
8127,3.320148e14,8.217516,262.76245,3.320148e14
8128,3.320148e14,8.216741,262.82178,3.320148e14
8129,3.320148e14,8.218215,262.7942,3.320148e14
8130,3.320148e14,8.218129,262.8266,3.320148e14
8131,3.320148e14,8.218509,262.8416,3.320148e14
8132,3.320148e14,8.219538,262.83194,3.320148e14
8133,3.320148e14,8.21909,262.87875,3.320148e14
8134,3.320148e14,8.22041,262.85724,3.320148e14
8135,3.320148e14,8.220229,262.8933,3.320148e14
8136,3.320148e14,8.220862,262.89832,3.320148e14
8137,3.320148e14,8.221546,262.90195,3.320148e14
8138,3.320148e14,8.221421,262.93668,3.320148e14
8139,3.320148e14,8.22255,262.9229,3.320148e14
8140,3.320148e14,8.222404,262.9585,3.320148e14
8141,3.320148e14,8.22318,262.9582,3.320148e14
8142,3.320148e14,8.223627,262.9709,3.320148e14
8143,3.320148e14,8.223763,262.99542,3.320148e14
8144,3.320148e14,8.224689,262.98965,3.320148e14
8145,3.320148e14,8.224619,263.022,3.320148e14
8146,3.320148e14,8.225438,263.0204,3.320148e14
8147,3.320148e14,8.225721,263.03925,3.320148e14
8148,3.320148e14,8.226063,263.05588,3.320148e14
8149,3.320148e14,8.226785,263.05792,3.320148e14
8150,3.320148e14,8.226843,263.08548,3.320148e14
8151,3.320148e14,8.227638,263.08453,3.320148e14
8152,3.320148e14,8.22785,263.1063,3.320148e14
8153,3.320148e14,8.228346,263.11722,3.320148e14
8154,3.320148e14,8.228902,263.1257,3.320148e14
8155,3.320148e14,8.229098,263.1481,3.320148e14
8156,3.320148e14,8.229821,263.15015,3.320148e14
8157,3.320148e14,8.230018,263.17297,3.320148e14
8158,3.320148e14,8.230599,263.18048,3.320148e14
8159,3.320148e14,8.231021,263.1942,3.320148e14
8160,3.320148e14,8.231344,263.21167,3.320148e14
8161,3.320148e14,8.231969,263.2178,3.320148e14
8162,3.320148e14,8.232201,263.23944,3.320148e14
8163,3.320148e14,8.23281,263.2462,3.320148e14
8164,3.320148e14,8.233149,263.26328,3.320148e14
8165,3.320148e14,8.233585,263.27682,3.320148e14
8166,3.320148e14,8.234108,263.28708,3.320148e14
8167,3.320148e14,8.234407,263.3062,3.320148e14
8168,3.320148e14,8.235001,263.31372,3.320148e14
8169,3.320148e14,8.2353115,263.33215,3.320148e14
8170,3.320148e14,8.235816,263.34335,3.320148e14
8171,3.320148e14,8.236253,263.357,3.320148e14
8172,3.320148e14,8.236627,263.37335,3.320148e14
8173,3.320148e14,8.237167,263.38306,3.320148e14
8174,3.320148e14,8.237487,263.40125,3.320148e14
8175,3.320148e14,8.238019,263.41147,3.320148e14
8176,3.320148e14,8.238398,263.42728,3.320148e14
8177,3.320148e14,8.238839,263.44104,3.320148e14
8178,3.320148e14,8.23932,263.4533,3.320148e14
8179,3.320148e14,8.239677,263.47028,3.320148e14
8180,3.320148e14,8.2402,263.48074,3.320148e14
8181,3.320148e14,8.24056,263.4976,3.320148e14
8182,3.320148e14,8.241047,263.5097,3.320148e14
8183,3.320148e14,8.241468,263.52426,3.320148e14
8184,3.320148e14,8.241881,263.53894,3.320148e14
8185,3.320148e14,8.242364,263.55118,3.320148e14
8186,3.320148e14,8.242735,263.5676,3.320148e14
8187,3.320148e14,8.243231,263.57956,3.320148e14
8188,3.320148e14,8.243621,263.59558,3.320148e14
8189,3.320148e14,8.244071,263.60895,3.320148e14
8190,3.320148e14,8.244511,263.623,3.320148e14
8191,3.320148e14,8.244918,263.63824,3.320148e14
8192,3.320148e14,8.245397,263.65088,3.320148e14
8193,3.320148e14,8.245786,263.66708,3.320148e14
8194,3.320148e14,8.246254,263.68002,3.320148e14
8195,3.320148e14,8.24666,263.69534,3.320148e14
8196,3.320148e14,8.247102,263.70963,3.320148e14
8197,3.320148e14,8.247544,263.72354,3.320148e14
8198,3.320148e14,8.247953,263.73917,3.320148e14
8199,3.320148e14,8.248417,263.75247,3.320148e14
8200,3.320148e14,8.248813,263.76825,3.320148e14
8201,3.320148e14,8.249271,263.78174,3.320148e14
8202,3.320148e14,8.249692,263.79715,3.320148e14
8203,3.320148e14,8.250126,263.81174,3.320148e14
8204,3.320148e14,8.250566,263.82605,3.320148e14
8205,3.320148e14,8.250977,263.84134,3.320148e14
8206,3.320148e14,8.251434,263.85532,3.320148e14
8207,3.320148e14,8.251843,263.8709,3.320148e14
8208,3.320148e14,8.252291,263.88513,3.320148e14
8209,3.320148e14,8.25271,263.90036,3.320148e14
8210,3.320148e14,8.25314,263.91528,3.320148e14
8211,3.320148e14,8.253578,263.92984,3.320148e14
8212,3.320148e14,8.253995,263.94525,3.320148e14
8213,3.320148e14,8.254441,263.9596,3.320148e14
8214,3.320148e14,8.254855,263.9752,3.320148e14
8215,3.320148e14,8.255292,263.98972,3.320148e14
8216,3.320148e14,8.255716,264.0052,3.320148e14
8217,3.320148e14,8.256148,264.02026,3.320148e14
8218,3.320148e14,8.256583,264.0351,3.320148e14
8219,3.320148e14,8.257003,264.05063,3.320148e14
8220,3.320148e14,8.257441,264.06546,3.320148e14
8221,3.320148e14,8.257858,264.0812,3.320148e14
8222,3.320148e14,8.258297,264.09598,3.320148e14
8223,3.320148e14,8.258717,264.1116,3.320148e14
8224,3.320148e14,8.2591505,264.12683,3.320148e14
8225,3.320148e14,8.259574,264.14236,3.320148e14
8226,3.320148e14,8.259998,264.15768,3.320148e14
8227,3.320148e14,8.260431,264.17294,3.320148e14
8228,3.320148e14,8.260851,264.18872,3.320148e14
8229,3.320148e14,8.261282,264.20392,3.320148e14
8230,3.320148e14,8.261701,264.21957,3.320148e14
8231,3.320148e14,8.262135,264.23502,3.320148e14
8232,3.320148e14,8.262558,264.2508,3.320148e14
8233,3.320148e14,8.262983,264.2664,3.320148e14
8234,3.320148e14,8.263411,264.28186,3.320148e14
8235,3.320148e14,8.263832,264.2977,3.320148e14
8236,3.320148e14,8.264263,264.31323,3.320148e14
8237,3.320148e14,8.264682,264.32925,3.320148e14
8238,3.320148e14,8.265111,264.34473,3.320148e14
8239,3.320148e14,8.265529,264.36084,3.320148e14
8240,3.320148e14,8.265958,264.3765,3.320148e14
8241,3.320148e14,8.266377,264.39243,3.320148e14
8242,3.320148e14,8.266804,264.40833,3.320148e14
8243,3.320148e14,8.267228,264.42426,3.320148e14
8244,3.320148e14,8.26765,264.4405,3.320148e14
8245,3.320148e14,8.268074,264.45624,3.320148e14
8246,3.320148e14,8.268489,264.4724,3.320148e14
8247,3.320148e14,8.26892,264.4883,3.320148e14
8248,3.320148e14,8.26934,264.5047,3.320148e14
8249,3.320148e14,8.269765,264.52066,3.320148e14
8250,3.320148e14,8.270179,264.53702,3.320148e14
8251,3.320148e14,8.2706,264.55307,3.320148e14
8252,3.320148e14,8.271023,264.5695,3.320148e14
8253,3.320148e14,8.271445,264.5856,3.320148e14
8254,3.320148e14,8.271865,264.602,3.320148e14
8255,3.320148e14,8.27228,264.61838,3.320148e14
8256,3.320148e14,8.272703,264.63467,3.320148e14
8257,3.320148e14,8.273124,264.65128,3.320148e14
8258,3.320148e14,8.273547,264.6677,3.320148e14
8259,3.320148e14,8.273959,264.68417,3.320148e14
8260,3.320148e14,8.274379,264.70056,3.320148e14
8261,3.320148e14,8.274798,264.71713,3.320148e14
8262,3.320148e14,8.275219,264.73376,3.320148e14
8263,3.320148e14,8.27564,264.75055,3.320148e14
8264,3.320148e14,8.276052,264.76727,3.320148e14
8265,3.320148e14,8.276469,264.7839,3.320148e14
8266,3.320148e14,8.276889,264.8005,3.320148e14
8267,3.320148e14,8.2773075,264.81735,3.320148e14
8268,3.320148e14,8.277728,264.83417,3.320148e14
8269,3.320148e14,8.278139,264.85098,3.320148e14
8270,3.320148e14,8.278554,264.86774,3.320148e14
8271,3.320148e14,8.278971,264.8847,3.320148e14
8272,3.320148e14,8.279391,264.9016,3.320148e14
8273,3.320148e14,8.279805,264.91858,3.320148e14
8274,3.320148e14,8.280221,264.93564,3.320148e14
8275,3.320148e14,8.280631,264.95264,3.320148e14
8276,3.320148e14,8.281044,264.96973,3.320148e14
8277,3.320148e14,8.281464,264.98676,3.320148e14
8278,3.320148e14,8.281875,265.0041,3.320148e14
8279,3.320148e14,8.28229,265.02103,3.320148e14
8280,3.320148e14,8.282694,265.03845,3.320148e14
8281,3.320148e14,8.283112,265.0555,3.320148e14
8282,3.3201476e14,8.28352,265.073,3.3201476e14
8283,3.3201476e14,8.283944,265.08997,3.3201476e14
8284,3.3201476e14,8.284347,265.10767,3.3201476e14
8285,3.3201476e14,8.28476,265.1247,3.3201476e14
8286,3.3201476e14,8.285164,265.14218,3.3201476e14
8287,3.3201476e14,8.285582,265.1596,3.3201476e14
8288,3.3201476e14,8.285992,265.17722,3.3201476e14
8289,3.3201476e14,8.286401,265.19476,3.3201476e14
8290,3.3201476e14,8.286809,265.21207,3.3201476e14
8291,3.3201476e14,8.287215,265.2299,3.3201476e14
8292,3.3201476e14,8.287633,265.24716,3.3201476e14
8293,3.3201476e14,8.287715,265.26593,3.3201476e14
8294,3.3201476e14,8.287888,265.2945,3.3201476e14
8295,3.3201476e14,8.288413,265.30246,3.3201476e14
8296,3.3201476e14,8.288309,265.34518,3.3201476e14
8297,3.3201476e14,8.289234,265.3307,3.3201476e14
8298,3.3201476e14,8.288693,265.38898,3.3201476e14
8299,3.3201476e14,8.2903385,265.3496,3.3201476e14
8300,3.3201476e14,8.289591,265.42657,3.3201476e14
8301,3.3201476e14,8.291716,265.36768,3.3201476e14
8302,3.3201476e14,8.290496,265.459,3.3201476e14
8303,3.3201476e14,8.292606,265.39365,3.3201476e14
8304,3.3201476e14,8.291394,265.48593,3.3201476e14
8305,3.3201476e14,8.293221,265.4356,3.3201476e14
8306,3.3201476e14,8.292376,265.51544,3.3201476e14
8307,3.3201476e14,8.293353,265.51535,3.3201476e14
8308,3.3201476e14,8.293537,265.54684,3.3201476e14
8309,3.3201476e14,8.29354,265.58035,3.3201476e14
8310,3.3201476e14,8.294682,265.56207,3.3201476e14
8311,3.3201476e14,8.294182,265.6252,3.3201476e14
8312,3.3201476e14,8.295973,265.59744,3.3201476e14
8313,3.3201476e14,8.295764,265.66394,3.3201476e14
8314,3.3201476e14,8.297401,265.64206,3.3201476e14
8315,3.3201476e14,8.297612,265.67203,3.3201476e14
8316,3.3201476e14,8.298318,265.6728,3.3201476e14
8317,3.3201476e14,8.2990265,265.6766,3.3201476e14
8318,3.3201476e14,8.299017,265.72073,3.3201476e14
8319,3.3201476e14,8.300147,265.71878,3.3201476e14
8320,3.3201476e14,8.299836,265.77682,3.3201476e14
8321,3.3201476e14,8.300924,265.76437,3.3201476e14
8322,3.3201476e14,8.300842,265.7997,3.3201476e14
8323,3.3201476e14,8.301692,265.7959,3.3201476e14
8324,3.3201476e14,8.302214,265.8142,3.3201476e14
8325,3.3201476e14,8.302716,265.84067,3.3201476e14
8326,3.3201476e14,8.303707,265.8476,3.3201476e14
8327,3.3201476e14,8.303926,265.88623,3.3201476e14
8328,3.3201476e14,8.3050585,265.87875,3.3201476e14
8329,3.3201476e14,8.305199,265.9116,3.3201476e14
8330,3.3201476e14,8.3061,265.91083,3.3201476e14
8331,3.3201476e14,8.306366,265.9423,3.3201476e14
8332,3.3201476e14,8.306926,265.9648,3.3201476e14
8333,3.3201476e14,8.307501,265.98813,3.3201476e14
8334,3.3201476e14,8.307804,266.0199,3.3201476e14
8335,3.3201476e14,8.308592,266.02615,3.3201476e14
8336,3.3201476e14,8.3088045,266.0573,3.3201476e14
8337,3.3201476e14,8.309691,266.06107,3.3201476e14
8338,3.3201476e14,8.310042,266.0931,3.3201476e14
8339,3.3201476e14,8.310852,266.1062,3.3201476e14
8340,3.3201476e14,8.31136,266.13123,3.3201476e14
8341,3.3201476e14,8.311923,266.15005,3.3201476e14
8342,3.3201476e14,8.312553,266.16388,3.3201476e14
8343,3.3201476e14,8.312941,266.18893,3.3201476e14
8344,3.3201476e14,8.3136635,266.20035,3.3201476e14
8345,3.3201476e14,8.313974,266.23114,3.3201476e14
8346,3.3201476e14,8.314679,266.24393,3.3201476e14
8347,3.3201476e14,8.315036,266.27148,3.3201476e14
8348,3.3201476e14,8.315683,266.2855,3.3201476e14
8349,3.3201476e14,8.316178,266.30627,3.3201476e14
8350,3.3201476e14,8.316741,266.32486,3.3201476e14
8351,3.3201476e14,8.317374,266.34174,3.3201476e14
8352,3.3201476e14,8.31786,266.36548,3.3201476e14
8353,3.3201476e14,8.318556,266.37927,3.3201476e14
8354,3.3201476e14,8.318986,266.40396,3.3201476e14
8355,3.3201476e14,8.319646,266.41724,3.3201476e14
8356,3.3201476e14,8.320061,266.44214,3.3201476e14
8357,3.3201476e14,8.32067,266.45923,3.3201476e14
8358,3.3201476e14,8.321149,266.4828,3.3201476e14
8359,3.3201476e14,8.321695,266.50275,3.3201476e14
8360,3.3201476e14,8.322233,266.52176,3.3201476e14
8361,3.3201476e14,8.322723,266.54312,3.3201476e14
8362,3.3201476e14,8.323333,266.55988,3.3201476e14
8363,3.3201476e14,8.323809,266.58374,3.3201476e14
8364,3.3201476e14,8.324451,266.6004,3.3201476e14
8365,3.3201476e14,8.324924,266.62436,3.3201476e14
8366,3.3201476e14,8.325542,266.641,3.3201476e14
8367,3.3201476e14,8.326029,266.6631,3.3201476e14
8368,3.3201476e14,8.3266115,266.6809,3.3201476e14
8369,3.3201476e14,8.32712,266.70245,3.3201476e14
8370,3.3201476e14,8.327649,266.72324,3.3201476e14
8371,3.3201476e14,8.32819,266.74396,3.3201476e14
8372,3.3201476e14,8.328695,266.7662,3.3201476e14
8373,3.3201476e14,8.329273,266.78467,3.3201476e14
8374,3.3201476e14,8.329764,266.8068,3.3201476e14
8375,3.3201476e14,8.330353,266.82446,3.3201476e14
8376,3.3201476e14,8.330849,266.84756,3.3201476e14
8377,3.3201476e14,8.331447,266.8663,3.3201476e14
8378,3.3201476e14,8.331948,266.88913,3.3201476e14
8379,3.3201476e14,8.332521,266.90823,3.3201476e14
8380,3.3201476e14,8.333029,266.92987,3.3201476e14
8381,3.3201476e14,8.333578,266.94992,3.3201476e14
8382,3.3201476e14,8.3341055,266.97122,3.3201476e14
8383,3.3201476e14,8.33463,266.99277,3.3201476e14
8384,3.3201476e14,8.335173,267.01352,3.3201476e14
8385,3.3201476e14,8.335686,267.0356,3.3201476e14
8386,3.3201476e14,8.336242,267.0557,3.3201476e14
8387,3.3201476e14,8.336747,267.07776,3.3201476e14
8388,3.3201476e14,8.33731,267.0974,3.3201476e14
8389,3.3201476e14,8.337821,267.12003,3.3201476e14
8390,3.3201476e14,8.338385,267.13974,3.3201476e14
8391,3.3201476e14,8.338899,267.16214,3.3201476e14
8392,3.3201476e14,8.339455,267.18246,3.3201476e14
8393,3.3201476e14,8.339965,267.20456,3.3201476e14
8394,3.3201476e14,8.340506,267.2251,3.3201476e14
8395,3.3201476e14,8.341023,267.247,3.3201476e14
8396,3.3201476e14,8.341564,267.26828,3.3201476e14
8397,3.3201476e14,8.342089,267.28986,3.3201476e14
8398,3.3201476e14,8.342616,267.31143,3.3201476e14
8399,3.3201476e14,8.34315,267.33246,3.3201476e14
8400,3.3201476e14,8.343671,267.35434,3.3201476e14
8401,3.3201476e14,8.344215,267.37518,3.3201476e14
8402,3.3201476e14,8.344729,267.39758,3.3201476e14
8403,3.3201476e14,8.34528,267.41824,3.3201476e14
8404,3.3201476e14,8.345784,267.44092,3.3201476e14
8405,3.3201476e14,8.34634,267.46152,3.3201476e14
8406,3.3201476e14,8.346838,267.4844,3.3201476e14
8407,3.3201476e14,8.347391,267.50497,3.3201476e14
8408,3.3201476e14,8.347887,267.52817,3.3201476e14
8409,3.3201476e14,8.348438,267.54895,3.3201476e14
8410,3.3201476e14,8.348936,267.57214,3.3201476e14
8411,3.3201476e14,8.349495,267.5926,3.3201476e14
8412,3.3201476e14,8.349992,267.61588,3.3201476e14
8413,3.3201476e14,8.350549,267.63654,3.3201476e14
8414,3.3201476e14,8.351042,267.6599,3.3201476e14
8415,3.3201476e14,8.3516,267.68057,3.3201476e14
8416,3.3201476e14,8.352094,267.70416,3.3201476e14
8417,3.3201476e14,8.352652,267.7249,3.3201476e14
8418,3.3201476e14,8.353136,267.7487,3.3201476e14
8419,3.3201476e14,8.353695,267.76926,3.3201476e14
8420,3.3201476e14,8.354179,267.79324,3.3201476e14
8421,3.3201476e14,8.354747,267.81357,3.3201476e14
8422,3.3201476e14,8.355226,267.83817,3.3201476e14
8423,3.3201476e14,8.355799,267.8583,3.3201476e14
8424,3.3201476e14,8.356262,267.8833,3.3201476e14
8425,3.3201476e14,8.356843,267.90286,3.3201476e14
8426,3.3201476e14,8.357298,267.9283,3.3201476e14
8427,3.3201476e14,8.357898,267.94742,3.3201476e14
8428,3.3201476e14,8.358331,267.97388,3.3201476e14
8429,3.3201476e14,8.358947,267.99216,3.3201476e14
8430,3.3201476e14,8.359358,268.02,3.3201476e14
8431,3.3201476e14,8.360003,268.03693,3.3201476e14
8432,3.3201476e14,8.360377,268.06628,3.3201476e14
8433,3.3201476e14,8.361061,268.08124,3.3201476e14
8434,3.3201476e14,8.361388,268.1129,3.3201476e14
8435,3.3201476e14,8.362136,268.12534,3.3201476e14
8436,3.3201476e14,8.36239,268.1606,3.3201476e14
8437,3.3201476e14,8.36322,268.16925,3.3201476e14
8438,3.3201476e14,8.363363,268.20938,3.3201476e14
8439,3.3201476e14,8.36432,268.21207,3.3201476e14
8440,3.3201476e14,8.364313,268.25925,3.3201476e14
8441,3.3201476e14,8.365462,268.25366,3.3201476e14
8442,3.3201476e14,8.365229,268.31152,3.3201476e14
8443,3.3201476e14,8.366636,268.29395,3.3201476e14
8444,3.3201476e14,8.366078,268.36646,3.3201476e14
8445,3.3201476e14,8.36786,268.3323,3.3201476e14
8446,3.3201476e14,8.366893,268.4244,3.3201476e14
8447,3.3201476e14,8.369118,268.3698,3.3201476e14
8448,3.3201476e14,8.367699,268.4831,3.3201476e14
8449,3.3201476e14,8.370314,268.41016,3.3201476e14
8450,3.3201476e14,8.368638,268.53516,3.3201476e14
8451,3.3201476e14,8.37129,268.45932,3.3201476e14
8452,3.3201476e14,8.369899,268.57,3.3201476e14
8453,3.3201476e14,8.371919,268.52298,3.3201476e14
8454,3.3201476e14,8.371489,268.5894,3.3201476e14
8455,3.3201476e14,8.37235,268.59692,3.3201476e14
8456,3.3201476e14,8.373148,268.6085,3.3201476e14
8457,3.3201476e14,8.372909,268.66818,3.3201476e14
8458,3.3201476e14,8.374552,268.64047,3.3201476e14
8459,3.3201476e14,8.373779,268.7242,3.3201476e14
8460,3.3201476e14,8.375552,268.68958,3.3201476e14
8461,3.3201476e14,8.375018,268.76157,3.3201476e14
8462,3.3201476e14,8.376221,268.75302,3.3201476e14
8463,3.3201476e14,8.37646,268.78934,3.3201476e14
8464,3.3201476e14,8.376813,268.82074,3.3201476e14
8465,3.3201476e14,8.377839,268.82123,3.3201476e14
8466,3.3201476e14,8.377603,268.8806,3.3201476e14
8467,3.3201476e14,8.378979,268.86472,3.3201476e14
8468,3.3201476e14,8.378683,268.9264,3.3201476e14
8469,3.3201476e14,8.379843,268.9199,3.3201476e14
8470,3.3201476e14,8.379966,268.96207,3.3201476e14
8471,3.3201476e14,8.380581,268.98135,3.3201476e14
8472,3.3201476e14,8.3812685,268.99768,3.3201476e14
8473,3.3201476e14,8.381375,269.04074,3.3201476e14
8474,3.3201476e14,8.382416,269.0401,3.3201476e14
8475,3.3201476e14,8.3823395,269.09155,3.3201476e14
8476,3.3201476e14,8.383376,269.09125,3.3201476e14
8477,3.3201476e14,8.383483,269.1343,3.3201476e14
8478,3.3201476e14,8.38421,269.14825,3.3201476e14
8479,3.3201476e14,8.384687,269.17413,3.3201476e14
8480,3.3201476e14,8.385048,269.20557,3.3201476e14
8481,3.3201476e14,8.385847,269.2166,3.3201476e14
8482,3.3201476e14,8.385985,269.2584,3.3201476e14
8483,3.3201476e14,8.386879,269.265,3.3201476e14
8484,3.3201476e14,8.387031,269.30612,3.3201476e14
8485,3.3201476e14,8.387797,269.31848,3.3201476e14
8486,3.3201476e14,8.388155,269.35007,3.3201476e14
8487,3.3201476e14,8.3886795,269.37384,3.3201476e14
8488,3.3201476e14,8.389273,269.3945,3.3201476e14
8489,3.3201476e14,8.3895855,269.428,3.3201476e14
8490,3.3201476e14,8.390329,269.44177,3.3201476e14
8491,3.3201476e14,8.3905735,269.47903,3.3201476e14
8492,3.3201476e14,8.391316,269.49252,3.3201476e14
8493,3.3201476e14,8.3916235,269.5264,3.3201476e14
8494,3.3201476e14,8.392246,269.54575,3.3201476e14
8495,3.3201476e14,8.392704,269.5731,3.3201476e14
8496,3.3201476e14,8.393172,269.59976,3.3201476e14
8497,3.3201476e14,8.393768,269.62042,3.3201476e14
8498,3.3201476e14,8.394122,269.6524,3.3201476e14
8499,3.3201476e14,8.394787,269.66995,3.3201476e14
8500,3.3201476e14,8.395114,269.70322,3.3201476e14
8501,3.3201476e14,8.39576,269.72156,3.3201476e14
8502,3.3201476e14,8.396141,269.7525,3.3201476e14
8503,3.3201476e14,8.396707,269.77457,3.3201476e14
8504,3.3201476e14,8.397181,269.80106,3.3201476e14
8505,3.3201476e14,8.397652,269.8276,3.3201476e14
8506,3.3201476e14,8.39821,269.85016,3.3201476e14
8507,3.3201476e14,8.398615,269.88034,3.3201476e14
8508,3.3201476e14,8.399219,269.90085,3.3201476e14
8509,3.3201476e14,8.399596,269.93176,3.3201476e14
8510,3.3201476e14,8.400196,269.95245,3.3201476e14
8511,3.3201476e14,8.400604,269.9823,3.3201476e14
8512,3.3201476e14,8.401156,270.00534,3.3201476e14
8513,3.3201476e14,8.401615,270.0327,3.3201476e14
8514,3.3201476e14,8.402111,270.0584,3.3201476e14
8515,3.3201476e14,8.402626,270.08328,3.3201476e14
8516,3.3201476e14,8.403073,270.11127,3.3201476e14
8517,3.3201476e14,8.403625,270.1345,3.3201476e14
8518,3.3201476e14,8.404045,270.1637,3.3201476e14
8519,3.3201476e14,8.404604,270.18643,3.3201476e14
8520,3.3201476e14,8.405028,270.21558,3.3201476e14
8521,3.3201476e14,8.405575,270.23907,3.3201476e14
8522,3.3201476e14,8.406021,270.26736,3.3201476e14
8523,3.3201476e14,8.406538,270.29245,3.3201476e14
8524,3.3201476e14,8.40701,270.31915,3.3201476e14
8525,3.3201476e14,8.407496,270.34552,3.3201476e14
8526,3.3201476e14,8.407999,270.37122,3.3201476e14
8527,3.3201476e14,8.408462,270.3989,3.3201476e14
8528,3.3201476e14,8.40898,270.4238,3.3201476e14
8529,3.3201476e14,8.409423,270.45206,3.3201476e14
8530,3.3201476e14,8.409954,270.47656,3.3201476e14
8531,3.3201476e14,8.410399,270.50507,3.3201476e14
8532,3.3201476e14,8.410926,270.52997,3.3201476e14
8533,3.3201476e14,8.411378,270.55795,3.3201476e14
8534,3.3201476e14,8.411882,270.58365,3.3201476e14
8535,3.3201476e14,8.41235,270.6111,3.3201476e14
8536,3.3201476e14,8.412841,270.63745,3.3201476e14
8537,3.3201476e14,8.413326,270.66428,3.3201476e14
8538,3.3201476e14,8.413801,270.69147,3.3201476e14
8539,3.3201476e14,8.414293,270.71768,3.3201476e14
8540,3.3201476e14,8.41476,270.74536,3.3201476e14
8541,3.3201476e14,8.415268,270.77106,3.3201476e14
8542,3.3201476e14,8.415722,270.7995,3.3201476e14
8543,3.3201476e14,8.416229,270.82507,3.3201476e14
8544,3.3201476e14,8.416679,270.85355,3.3201476e14
8545,3.3201476e14,8.4171915,270.87924,3.3201476e14
8546,3.3201476e14,8.417648,270.9075,3.3201476e14
8547,3.3201476e14,8.418153,270.93347,3.3201476e14
8548,3.3201476e14,8.4185705,270.95447,3.3201476e14
8549,3.3201476e14,8.419067,270.98254,3.3201476e14
8550,3.3201476e14,8.419524,271.01257,3.3201476e14
8551,3.3201476e14,8.419971,271.0432,3.3201476e14
8552,3.3201476e14,8.420407,271.0756,3.3201476e14
8553,3.3201476e14,8.420838,271.1095,3.3201476e14
8554,3.3201476e14,8.421293,271.14285,3.3201476e14
8555,3.3201476e14,8.421734,271.1759,3.3201476e14
8556,3.3201476e14,8.422202,271.20587,3.3201476e14
8557,3.3201476e14,8.422652,271.2356,3.3201476e14
8558,3.3201476e14,8.4231415,271.26294,3.3201476e14
8559,3.3201476e14,8.423618,271.2916,3.3201476e14
8560,3.3201476e14,8.4241295,271.31796,3.3201476e14
8561,3.3201476e14,8.424608,271.34528,3.3201476e14
8562,3.3201476e14,8.425125,271.36935,3.3201476e14
8563,3.3201476e14,8.425605,271.3949,3.3201476e14
8564,3.3201476e14,8.426136,271.4184,3.3201476e14
8565,3.3201476e14,8.4266205,271.44427,3.3201476e14
8566,3.3201476e14,8.427146,271.46872,3.3201476e14
8567,3.3201476e14,8.427618,271.49597,3.3201476e14
8568,3.3201476e14,8.428137,271.52142,3.3201476e14
8569,3.3201476e14,8.428598,271.5498,3.3201476e14
8570,3.3201476e14,8.429105,271.57654,3.3201476e14
8571,3.3201476e14,8.429555,271.60632,3.3201476e14
8572,3.3201476e14,8.430049,271.63425,3.3201476e14
8573,3.3201476e14,8.430502,271.66507,3.3201476e14
8574,3.3201476e14,8.431034,271.69394,3.3201476e14
8575,3.3201476e14,8.431518,271.72528,3.3201476e14
8576,3.3201476e14,8.43206,271.75494,3.3201476e14
8577,3.3201476e14,8.432544,271.78635,3.3201476e14
8578,3.3201476e14,8.433087,271.81448,3.3201476e14
8579,3.3201476e14,8.433566,271.84338,3.3201476e14
8580,3.3201476e14,8.434094,271.8696,3.3201476e14
8581,3.3201476e14,8.4345875,271.89963,3.3201476e14
8582,3.3201476e14,8.435144,271.9273,3.3201476e14
8583,3.3201476e14,8.435622,271.95743,3.3201476e14
8584,3.3201476e14,8.4361925,271.98105,3.3201476e14
8585,3.3201476e14,8.436644,272.0077,3.3201476e14
8586,3.3201476e14,8.437204,272.03033,3.3201476e14
8587,3.3201476e14,8.437645,272.0616,3.3201476e14
8588,3.3201476e14,8.438251,272.08704,3.3201476e14
8589,3.3201476e14,8.438677,272.11996,3.3201476e14
8590,3.3201476e14,8.439294,272.14108,3.3201476e14
8591,3.3201476e14,8.439657,272.17264,3.3201476e14
8592,3.3201476e14,8.440301,272.1916,3.3201476e14
8593,3.3201476e14,8.440611,272.22934,3.3201476e14
8594,3.3201476e14,8.441334,272.24887,3.3201476e14
8595,3.3201476e14,8.441562,272.29126,3.3201476e14
8596,3.3201476e14,8.442371,272.30338,3.3201476e14
8597,3.3201476e14,8.44247,272.3484,3.3201476e14
8598,3.3201476e14,8.443433,272.35257,3.3201476e14
8599,3.3201476e14,8.4433565,272.40833,3.3201476e14
8600,3.3201476e14,8.444552,272.40448,3.3201476e14
8601,3.3201476e14,8.444199,272.47452,3.3201476e14
8602,3.3201476e14,8.445714,272.45355,3.3201476e14
8603,3.3201476e14,8.444964,272.54056,3.3201476e14
8604,3.3201476e14,8.4469385,272.4975,3.3201476e14
8605,3.3201476e14,8.445687,272.61063,3.3201476e14
8606,3.3201476e14,8.448199,272.5441,3.3201476e14
8607,3.3201476e14,8.446447,272.68192,3.3201476e14
8608,3.3201476e14,8.449318,272.59677,3.3201476e14
8609,3.3201476e14,8.447465,272.73734,3.3201476e14
8610,3.3201476e14,8.450068,272.66345,3.3201476e14
8611,3.3201476e14,8.448947,272.7695,3.3201476e14
8612,3.3201476e14,8.450451,272.75027,3.3201476e14
8613,3.3201476e14,8.450713,272.79156,3.3201476e14
8614,3.3201476e14,8.450798,272.84216,3.3201476e14
8615,3.3201476e14,8.45231,272.82413,3.3201476e14
8616,3.3201476e14,8.451474,272.91928,3.3201476e14
8617,3.3201476e14,8.453434,272.87933,3.3201476e14
8618,3.3201476e14,8.452636,272.97205,3.3201476e14
8619,3.3201476e14,8.4540825,272.9559,3.3201476e14
8620,3.3201476e14,8.454132,273.00696,3.3201476e14
8621,3.3201476e14,8.454555,273.04083,3.3201476e14
8622,3.3201476e14,8.455596,273.04523,3.3201476e14
8623,3.3201476e14,8.45525,273.11755,3.3201476e14
8624,3.3201476e14,8.456747,273.10043,3.3201476e14
8625,3.3201476e14,8.456342,273.17487,3.3201476e14
8626,3.3201476e14,8.457542,273.17065,3.3201476e14
8627,3.3201476e14,8.4577,273.21707,3.3201476e14
8628,3.3201476e14,8.45819,273.2483,3.3201476e14
8629,3.3201476e14,8.459047,273.26202,3.3201476e14
8630,3.3201476e14,8.458966,273.3212,3.3201476e14
8631,3.3201476e14,8.460147,273.3185,3.3201476e14
8632,3.3201476e14,8.4599905,273.37997,3.3201476e14
8633,3.3201476e14,8.460979,273.3863,3.3201476e14
8634,3.3201476e14,8.461212,273.42917,3.3201476e14
8635,3.3201476e14,8.461709,273.45987,3.3201476e14
8636,3.3201476e14,8.462436,273.4792,3.3201476e14
8637,3.3201476e14,8.46253,273.52924,3.3201476e14
8638,3.3201476e14,8.463503,273.5364,3.3201476e14
8639,3.3201476e14,8.463535,273.58917,3.3201476e14
8640,3.3201476e14,8.464392,273.60208,3.3201476e14
8641,3.3201476e14,8.464674,273.6426,3.3201476e14
8642,3.3201476e14,8.465192,273.67178,3.3201476e14
8643,3.3201476e14,8.465813,273.6959,3.3201476e14
8644,3.3201476e14,8.466039,273.7392,3.3201476e14
8645,3.3201476e14,8.466847,273.7542,3.3201476e14
8646,3.3201476e14,8.466996,273.8011,3.3201476e14
8647,3.3201476e14,8.467756,273.8184,3.3201476e14
8648,3.3201476e14,8.4680605,273.85803,3.3201476e14
8649,3.3201476e14,8.468606,273.8856,3.3201476e14
8650,3.3201476e14,8.46914,273.9139,3.3201476e14
8651,3.3201476e14,8.469471,273.95197,3.3201476e14
8652,3.3201476e14,8.470162,273.9727,3.3201476e14
8653,3.3201476e14,8.470411,274.01492,3.3201476e14
8654,3.3201476e14,8.471111,274.0356,3.3201476e14
8655,3.3201476e14,8.471424,274.0745,3.3201476e14
8656,3.3201476e14,8.471993,274.10104,3.3201476e14
8657,3.3201476e14,8.472452,274.1329,3.3201476e14
8658,3.3201476e14,8.47287,274.167,3.3201476e14
8659,3.3201476e14,8.473464,274.1927,3.3201476e14
8660,3.3201476e14,8.473792,274.2313,3.3201476e14
8661,3.3201476e14,8.4744215,274.25485,3.3201476e14
8662,3.3201476e14,8.474755,274.29297,3.3201476e14
8663,3.3201476e14,8.475338,274.31918,3.3201476e14
8664,3.3201476e14,8.475758,274.35345,3.3201476e14
8665,3.3201476e14,8.476246,274.3844,3.3201476e14
8666,3.3201476e14,8.476756,274.41403,3.3201476e14
8667,3.3201476e14,8.477155,274.4492,3.3201476e14
8668,3.3201476e14,8.477725,274.476,3.3201476e14
8669,3.3201476e14,8.478094,274.51257,3.3201476e14
8670,3.3201476e14,8.478663,274.5395,3.3201476e14
8671,3.3201476e14,8.479062,274.57483,3.3201476e14
8672,3.3201476e14,8.479581,274.60403,3.3201476e14
8673,3.3201476e14,8.480036,274.6366,3.3201476e14
8674,3.3201476e14,8.480495,274.66898,3.3201476e14
8675,3.3201476e14,8.481002,274.69894,3.3201476e14
8676,3.3201476e14,8.481418,274.73346,3.3201476e14
8677,3.3201476e14,8.481954,274.762,3.3201476e14
8678,3.3201476e14,8.482358,274.79724,3.3201476e14
8679,3.3201476e14,8.482889,274.82605,3.3201476e14
8680,3.3201476e14,8.48331,274.86026,3.3201476e14
8681,3.3201476e14,8.483809,274.89062,3.3201476e14
8682,3.3201476e14,8.484267,274.9233,3.3201476e14
8683,3.3201476e14,8.48473,274.95566,3.3201476e14
8684,3.3201476e14,8.485219,274.98645,3.3201476e14
8685,3.3201476e14,8.485653,275.02036,3.3201476e14
8686,3.3201476e14,8.486164,275.05032,3.3201476e14
8687,3.3201476e14,8.486584,275.08472,3.3201476e14
8688,3.3201476e14,8.487094,275.11487,3.3201476e14
8689,3.3201476e14,8.487523,275.14886,3.3201476e14
8690,3.3201476e14,8.488016,275.17966,3.3201476e14
8691,3.3201476e14,8.488465,275.21277,3.3201476e14
8692,3.3201476e14,8.4889345,275.24487,3.3201476e14
8693,3.3201476e14,8.489404,275.27686,3.3201476e14
8694,3.3201476e14,8.489851,275.31006,3.3201476e14
8695,3.3201476e14,8.490339,275.34122,3.3201476e14
8696,3.3201476e14,8.490775,275.37524,3.3201476e14
8697,3.3201476e14,8.491268,275.40607,3.3201476e14
8698,3.3201476e14,8.491695,275.43994,3.3201476e14
8699,3.3201476e14,8.4921875,275.47134,3.3201476e14
8700,3.3201476e14,8.492626,275.50488,3.3201476e14
8701,3.3201476e14,8.493109,275.53683,3.3201476e14
8702,3.3201476e14,8.493558,275.5699,3.3201476e14
8703,3.3201476e14,8.494017,275.60245,3.3201476e14
8704,3.3201476e14,8.494482,275.635,3.3201476e14
8705,3.3201476e14,8.494933,275.6681,3.3201476e14
8706,3.3201476e14,8.49541,275.7002,3.3201476e14
8707,3.3201476e14,8.49585,275.73364,3.3201476e14
8708,3.3201476e14,8.496326,275.76566,3.3201476e14
8709,3.3201476e14,8.496766,275.7992,3.3201476e14
8710,3.3201476e14,8.497239,275.8315,3.3201476e14
8711,3.3201476e14,8.497683,275.86493,3.3201476e14
8712,3.3201476e14,8.498148,275.89737,3.3201476e14
8713,3.3201476e14,8.4986,275.93066,3.3201476e14
8714,3.3201476e14,8.499057,275.9634,3.3201476e14
8715,3.3201476e14,8.49951,275.99652,3.3201476e14
8716,3.3201476e14,8.4999695,276.02966,3.3201476e14
8717,3.3201476e14,8.500426,276.0625,3.3201476e14
8718,3.3201476e14,8.500877,276.09564,3.3201476e14
8719,3.3201476e14,8.501333,276.12863,3.3201476e14
8720,3.3201476e14,8.5017805,276.162,3.3201476e14
8721,3.3201476e14,8.502244,276.195,3.3201476e14
8722,3.3201476e14,8.50269,276.2286,3.3201476e14
8723,3.3201476e14,8.503146,276.2615,3.3201476e14
8724,3.3201476e14,8.5035925,276.29495,3.3201476e14
8725,3.3201476e14,8.504047,276.32803,3.3201476e14
8726,3.3201476e14,8.504497,276.36157,3.3201476e14
8727,3.3201476e14,8.504952,276.39496,3.3201476e14
8728,3.3201476e14,8.505399,276.42838,3.3201476e14
8729,3.3201476e14,8.505847,276.46176,3.3201476e14
8730,3.3201476e14,8.506299,276.49496,3.3201476e14
8731,3.3201476e14,8.506746,276.52878,3.3201476e14
8732,3.3201476e14,8.507201,276.56204,3.3201476e14
8733,3.3201476e14,8.507641,276.5961,3.3201476e14
8734,3.3201476e14,8.508092,276.62918,3.3201476e14
8735,3.3201476e14,8.508529,276.6632,3.3201476e14
8736,3.3201476e14,8.508991,276.6963,3.3201476e14
8737,3.3201476e14,8.509431,276.7305,3.3201476e14
8738,3.3201476e14,8.509887,276.7637,3.3201476e14
8739,3.3201476e14,8.510318,276.79813,3.3201476e14
8740,3.3201476e14,8.510775,276.83112,3.3201476e14
8741,3.3201476e14,8.511209,276.8655,3.3201476e14
8742,3.3201476e14,8.511669,276.89874,3.3201476e14
8743,3.3201476e14,8.512098,276.9334,3.3201476e14
8744,3.3201476e14,8.512556,276.9663,3.3201476e14
8745,3.3201476e14,8.512979,277.00104,3.3201476e14
8746,3.3201476e14,8.513444,277.03412,3.3201476e14
8747,3.3201476e14,8.513868,277.06918,3.3201476e14
8748,3.3201476e14,8.514333,277.1021,3.3201476e14
8749,3.3201476e14,8.5147505,277.13727,3.3201476e14
8750,3.3201476e14,8.515216,277.17004,3.3201476e14
8751,3.3201476e14,8.515634,277.20538,3.3201476e14
8752,3.3201476e14,8.5161,277.2381,3.3201476e14
8753,3.3201476e14,8.51651,277.27362,3.3201476e14
8754,3.3201476e14,8.516979,277.30637,3.3201476e14
8755,3.3201476e14,8.517384,277.34216,3.3201476e14
8756,3.3201476e14,8.517861,277.37457,3.3201476e14
8757,3.3201476e14,8.51826,277.41086,3.3201476e14
8758,3.3201476e14,8.518745,277.44293,3.3201476e14
8759,3.3201476e14,8.51913,277.47958,3.3201476e14
8760,3.3201476e14,8.519625,277.511,3.3201476e14
8761,3.3201476e14,8.519999,277.54865,3.3201476e14
8762,3.3201476e14,8.52051,277.57938,3.3201476e14
8763,3.3201476e14,8.520858,277.6181,3.3201476e14
8764,3.3201476e14,8.521394,277.64743,3.3201476e14
8765,3.3201476e14,8.521712,277.68787,3.3201476e14
8766,3.3201476e14,8.522289,277.7155,3.3201476e14
8767,3.3201476e14,8.522561,277.75812,3.3201476e14
8768,3.3201476e14,8.523188,277.78302,3.3201476e14
8769,3.3201476e14,8.523389,277.829,3.3201476e14
8770,3.3201476e14,8.524097,277.85004,3.3201476e14
8771,3.3201476e14,8.524205,277.90106,3.3201476e14
8772,3.3201476e14,8.525035,277.91617,3.3201476e14
8773,3.3201476e14,8.524989,277.97433,3.3201476e14
8774,3.3201476e14,8.525994,277.98083,3.3201476e14
8775,3.3201476e14,8.525735,278.05008,3.3201476e14
8776,3.3201476e14,8.527006,278.0438,3.3201476e14
8777,3.3201476e14,8.526426,278.12888,3.3201476e14
8778,3.3201476e14,8.528068,278.10403,3.3201476e14
8779,3.3201476e14,8.527053,278.2113,3.3201476e14
8780,3.3201476e14,8.529176,278.16306,3.3201476e14
8781,3.3201476e14,8.527655,278.2958,3.3201476e14
8782,3.3201476e14,8.530246,278.22412,3.3201476e14
8783,3.3201476e14,8.528374,278.37396,3.3201476e14
8784,3.3201476e14,8.531089,278.29495,3.3201476e14
8785,3.3201476e14,8.529444,278.4323,3.3201476e14
8786,3.3201476e14,8.53153,278.38312,3.3201476e14
8787,3.3201476e14,8.530905,278.46973,3.3201476e14
8788,3.3201476e14,8.531728,278.48535,3.3201476e14
8789,3.3201476e14,8.532463,278.50623,3.3201476e14
8790,3.3201476e14,8.532057,278.58435,3.3201476e14
8791,3.3201476e14,8.533727,278.55844,3.3201476e14
8792,3.3201476e14,8.53277,278.66345,3.3201476e14
8793,3.3201476e14,8.53452,278.63242,3.3201476e14
8794,3.3201476e14,8.533904,278.71906,3.3201476e14
8795,3.3201476e14,8.534931,278.72385,3.3201476e14
8796,3.3201476e14,8.53524,278.7648,3.3201476e14
8797,3.3201476e14,8.535318,278.81818,3.3201476e14
8798,3.3201476e14,8.53646,278.81848,3.3201476e14
8799,3.3201476e14,8.535984,278.89932,3.3201476e14
8800,3.3201476e14,8.537347,278.88797,3.3201476e14
8801,3.3201476e14,8.536996,278.96225,3.3201476e14
8802,3.3201476e14,8.537938,278.97147,3.3201476e14
8803,3.3201476e14,8.538192,279.01556,3.3201476e14
8804,3.3201476e14,8.538463,279.05905,3.3201476e14
8805,3.3201476e14,8.539313,279.07327,3.3201476e14
8806,3.3201476e14,8.539137,279.1392,3.3201476e14
8807,3.3201476e14,8.540205,279.1422,3.3201476e14
8808,3.3201476e14,8.540044,279.2066,3.3201476e14
8809,3.3201476e14,8.540877,279.22144,3.3201476e14
8810,3.3201476e14,8.541107,279.26663,3.3201476e14
8811,3.3201476e14,8.541489,279.3044,3.3201476e14
8812,3.3201476e14,8.542158,279.32785,3.3201476e14
8813,3.3201476e14,8.542197,279.38275,3.3201476e14
8814,3.3201476e14,8.543064,279.3959,3.3201476e14
8815,3.3201476e14,8.543059,279.45288,3.3201476e14
8816,3.3201476e14,8.543815,279.472,3.3201476e14
8817,3.3201476e14,8.544037,279.5176,3.3201476e14
8818,3.3201476e14,8.544491,279.55157,3.3201476e14
8819,3.3201476e14,8.545015,279.58176,3.3201476e14
8820,3.3201476e14,8.545204,279.62912,3.3201476e14
8821,3.3201476e14,8.545912,279.6505,3.3201476e14
8822,3.3201476e14,8.546017,279.7019,3.3201476e14
8823,3.3201476e14,8.546701,279.72418,3.3201476e14
8824,3.3201473e14,8.546922,279.76978,3.3201473e14
8825,3.3201473e14,8.547432,279.80087,3.3201473e14
8826,3.3201473e14,8.547853,279.83652,3.3201473e14
8827,3.3201473e14,8.548167,279.87756,3.3201473e14
8828,3.3201473e14,8.548746,279.90527,3.3201473e14
8829,3.3201473e14,8.548957,279.95157,3.3201473e14
8830,3.3201473e14,8.549574,279.97717,3.3201473e14
8831,3.3201473e14,8.549804,280.02246,3.3201473e14
8832,3.3201473e14,8.550342,280.05215,3.3201473e14
8833,3.3201473e14,8.550685,280.09177,3.3201473e14
8834,3.3201473e14,8.551095,280.12784,3.3201473e14
8835,3.3201473e14,8.551569,280.16095,3.3201473e14
8836,3.3201473e14,8.551871,280.20255,3.3201473e14
8837,3.3201473e14,8.552409,280.23218,3.3201473e14
8838,3.3201473e14,8.552679,280.2757,3.3201473e14
8839,3.3201473e14,8.553215,280.30557,3.3201473e14
8840,3.3201473e14,8.553527,280.34683,3.3201473e14
8841,3.3201473e14,8.553991,280.3802,3.3201473e14
8842,3.3201473e14,8.554382,280.41745,3.3201473e14
8843,3.3201473e14,8.554766,280.45496,3.3201473e14
8844,3.3201473e14,8.555229,280.48874,3.3201473e14
8845,3.3201473e14,8.555558,280.52917,3.3201473e14
8846,3.3201473e14,8.556051,280.56088,3.3201473e14
8847,3.3201473e14,8.556365,280.602,3.3201473e14
8848,3.3201473e14,8.556849,280.63455,3.3201473e14
8849,3.3201473e14,8.557195,280.67416,3.3201473e14
8850,3.3201473e14,8.557636,280.709,3.3201473e14
8851,3.3201473e14,8.558026,280.74597,3.3201473e14
8852,3.3201473e14,8.558416,280.78326,3.3201473e14
8853,3.3201473e14,8.558853,280.81818,3.3201473e14
8854,3.3201473e14,8.55921,280.85733,3.3201473e14
8855,3.3201473e14,8.5596695,280.89102,3.3201473e14
8856,3.3201473e14,8.560012,280.9308,3.3201473e14
8857,3.3201473e14,8.560467,280.9646,3.3201473e14
8858,3.3201473e14,8.560822,281.00372,3.3201473e14
8859,3.3201473e14,8.561257,281.0388,3.3201473e14
8860,3.3201473e14,8.561642,281.07657,3.3201473e14
8861,3.3201473e14,8.562042,281.1131,3.3201473e14
8862,3.3201473e14,8.562452,281.1493,3.3201473e14
8863,3.3201473e14,8.562828,281.18738,3.3201473e14
8864,3.3201473e14,8.563258,281.22253,3.3201473e14
8865,3.3201473e14,8.563621,281.2614,3.3201473e14
8866,3.3201473e14,8.564056,281.29626,3.3201473e14
8867,3.3201473e14,8.564418,281.33505,3.3201473e14
8868,3.3201473e14,8.56485,281.37036,3.3201473e14
8869,3.3201473e14,8.565223,281.40848,3.3201473e14
8870,3.3201473e14,8.565636,281.44464,3.3201473e14
8871,3.3201473e14,8.566026,281.48206,3.3201473e14
8872,3.3201473e14,8.56642,281.51917,3.3201473e14
8873,3.3201473e14,8.566828,281.55576,3.3201473e14
8874,3.3201473e14,8.567205,281.59354,3.3201473e14
8875,3.3201473e14,8.567619,281.6295,3.3201473e14
8876,3.3201473e14,8.567995,281.6677,3.3201473e14
8877,3.3201473e14,8.568412,281.7037,3.3201473e14
8878,3.3201473e14,8.568783,281.742,3.3201473e14
8879,3.3201473e14,8.569196,281.778,3.3201473e14
8880,3.3201473e14,8.569571,281.816,3.3201473e14
8881,3.3201473e14,8.56998,281.85245,3.3201473e14
8882,3.3201473e14,8.570368,281.8901,3.3201473e14
8883,3.3201473e14,8.570763,281.92715,3.3201473e14
8884,3.3201473e14,8.571151,281.96442,3.3201473e14
8885,3.3201473e14,8.571536,282.00168,3.3201473e14
8886,3.3201473e14,8.571937,282.0387,3.3201473e14
8887,3.3201473e14,8.572323,282.07654,3.3201473e14
8888,3.3201473e14,8.572719,282.1133,3.3201473e14
8889,3.3201473e14,8.573098,282.15106,3.3201473e14
8890,3.3201473e14,8.5735,282.18777,3.3201473e14
8891,3.3201473e14,8.573882,282.22574,3.3201473e14
8892,3.3201473e14,8.574281,282.26263,3.3201473e14
8893,3.3201473e14,8.574657,282.30054,3.3201473e14
8894,3.3201473e14,8.57505,282.33752,3.3201473e14
8895,3.3201473e14,8.575432,282.37515,3.3201473e14
8896,3.3201473e14,8.575836,282.41232,3.3201473e14
8897,3.3201473e14,8.576239,282.45004,3.3201473e14
8898,3.3201473e14,8.5766535,282.48706,3.3201473e14
8899,3.3201473e14,8.577052,282.52438,3.3201473e14
8900,3.3201473e14,8.577463,282.56158,3.3201473e14
8901,3.3201473e14,8.577869,282.59924,3.3201473e14
8902,3.3201473e14,8.578278,282.63675,3.3201473e14
8903,3.3201473e14,8.578669,282.6745,3.3201473e14
8904,3.3201473e14,8.5790615,282.71228,3.3201473e14
8905,3.3201473e14,8.579456,282.75018,3.3201473e14
8906,3.3201473e14,8.579852,282.78815,3.3201473e14
8907,3.3201473e14,8.58025,282.82565,3.3201473e14
8908,3.3201473e14,8.580645,282.86337,3.3201473e14
8909,3.3201473e14,8.581052,282.90082,3.3201473e14
8910,3.3201473e14,8.581454,282.93857,3.3201473e14
8911,3.3201473e14,8.58187,282.97568,3.3201473e14
8912,3.3201473e14,8.582267,283.01352,3.3201473e14
8913,3.3201473e14,8.58268,283.05057,3.3201473e14
8914,3.3201473e14,8.583073,283.08884,3.3201473e14
8915,3.3201473e14,8.583485,283.12585,3.3201473e14
8916,3.3201473e14,8.58387,283.16412,3.3201473e14
8917,3.3201473e14,8.584277,283.20154,3.3201473e14
8918,3.3201473e14,8.584657,283.2399,3.3201473e14
8919,3.3201473e14,8.585065,283.27707,3.3201473e14
8920,3.3201473e14,8.585448,283.31567,3.3201473e14
8921,3.3201473e14,8.58586,283.3525,3.3201473e14
8922,3.3201473e14,8.586243,283.3909,3.3201473e14
8923,3.3201473e14,8.586661,283.42776,3.3201473e14
8924,3.3201473e14,8.58704,283.46655,3.3201473e14
8925,3.3201473e14,8.587458,283.503,3.3201473e14
8926,3.3201473e14,8.587831,283.542,3.3201473e14
8927,3.3201473e14,8.588254,283.5786,3.3201473e14
8928,3.3201473e14,8.588614,283.61816,3.3201473e14
8929,3.3201473e14,8.589039,283.6541,3.3201473e14
8930,3.3201473e14,8.58939,283.69418,3.3201473e14
8931,3.3201473e14,8.58983,283.7298,3.3201473e14
8932,3.3201473e14,8.590167,283.7706,3.3201473e14
8933,3.3201473e14,8.590621,283.8051,3.3201473e14
8934,3.3201473e14,8.590937,283.847,3.3201473e14
8935,3.3201473e14,8.591419,283.88028,3.3201473e14
8936,3.3201473e14,8.591705,283.92398,3.3201473e14
8937,3.3201473e14,8.592225,283.9554,3.3201473e14
8938,3.3201473e14,8.592456,284.00128,3.3201473e14
8939,3.3201473e14,8.593031,284.03,3.3201473e14
8940,3.3201473e14,8.593194,284.07956,3.3201473e14
8941,3.3201473e14,8.593856,284.10403,3.3201473e14
8942,3.3201473e14,8.59391,284.15894,3.3201473e14
8943,3.3201473e14,8.594699,284.177,3.3201473e14
8944,3.3201473e14,8.594593,284.23996,3.3201473e14
8945,3.3201473e14,8.595577,284.2481,3.3201473e14
8946,3.3201473e14,8.595236,284.3237,3.3201473e14
8947,3.3201473e14,8.59651,284.31714,3.3201473e14
8948,3.3201473e14,8.595803,284.4109,3.3201473e14
8949,3.3201473e14,8.597503,284.3831,3.3201473e14
8950,3.3201473e14,8.596305,284.50253,3.3201473e14
8951,3.3201473e14,8.598556,284.4476,3.3201473e14
8952,3.3201473e14,8.596788,284.59628,3.3201473e14
8953,3.3201473e14,8.599539,284.51523,3.3201473e14
8954,3.3201473e14,8.597439,284.68005,3.3201473e14
8955,3.3201473e14,8.600214,284.59583,3.3201473e14
8956,3.3201473e14,8.598534,284.73788,3.3201473e14
8957,3.3201473e14,8.600419,284.69794,3.3201473e14
8958,3.3201473e14,8.600038,284.77435,3.3201473e14
8959,3.3201473e14,8.600425,284.81308,3.3201473e14
8960,3.3201473e14,8.601529,284.81598,3.3201473e14
8961,3.3201473e14,8.600701,284.91785,3.3201473e14
8962,3.3201473e14,8.602579,284.8806,3.3201473e14
8963,3.3201473e14,8.601478,284.99426,3.3201473e14
8964,3.3201473e14,8.603056,284.97058,3.3201473e14
8965,3.3201473e14,8.602701,285.0459,3.3201473e14
8966,3.3201473e14,8.603242,285.0762,3.3201473e14
8967,3.3201473e14,8.603993,285.0962,3.3201473e14
8968,3.3201473e14,8.603574,285.17563,3.3201473e14
8969,3.3201473e14,8.604971,285.1625,3.3201473e14
8970,3.3201473e14,8.604336,285.2531,3.3201473e14
8971,3.3201473e14,8.605544,285.24884,3.3201473e14
8972,3.3201473e14,8.605446,285.31143,3.3201473e14
8973,3.3201473e14,8.605901,285.34583,3.3201473e14
8974,3.3201473e14,8.6065855,285.36932,3.3201473e14
8975,3.3201473e14,8.606379,285.43793,3.3201473e14
8976,3.3201473e14,8.607476,285.43982,3.3201473e14
8977,3.3201473e14,8.607147,285.51404,3.3201473e14
8978,3.3201473e14,8.608061,285.52502,3.3201473e14
8979,3.3201473e14,8.608133,285.5784,3.3201473e14
8980,3.3201473e14,8.608511,285.61685,3.3201473e14
8981,3.3201473e14,8.609137,285.64304,3.3201473e14
8982,3.3201473e14,8.6090765,285.70383,3.3201473e14
8983,3.3201473e14,8.609962,285.71634,3.3201473e14
8984,3.3201473e14,8.609855,285.77963,3.3201473e14
8985,3.3201473e14,8.610593,285.79953,3.3201473e14
8986,3.3201473e14,8.610782,285.84753,3.3201473e14
8987,3.3201473e14,8.611141,285.887,3.3201473e14
8988,3.3201473e14,8.6117,285.9161,3.3201473e14
8989,3.3201473e14,8.611754,285.97113,3.3201473e14
8990,3.3201473e14,8.612492,285.99133,3.3201473e14
8991,3.3201473e14,8.612514,286.04776,3.3201473e14
8992,3.3201473e14,8.613144,286.07327,3.3201473e14
8993,3.3201473e14,8.613372,286.11905,3.3201473e14
8994,3.3201473e14,8.613747,286.15796,3.3201473e14
8995,3.3201473e14,8.61424,286.19064,3.3201473e14
8996,3.3201473e14,8.614396,286.24033,3.3201473e14
8997,3.3201473e14,8.615021,286.266,3.3201473e14
8998,3.3201473e14,8.615135,286.31784,3.3201473e14
8999,3.3201473e14,8.615708,286.34613,3.3201473e14
9000,3.3201473e14,8.615951,286.39166,3.3201473e14
9001,3.3201473e14,8.616351,286.4287,3.3201473e14
9002,3.3201473e14,8.616765,286.4649,3.3201473e14
9003,3.3201473e14,8.61701,286.51028,3.3201473e14
9004,3.3201473e14,8.617543,286.54083,3.3201473e14
9005,3.3201473e14,8.617731,286.58868,3.3201473e14
9006,3.3201473e14,8.618251,286.61978,3.3201473e14
9007,3.3201473e14,8.618503,286.6645,3.3201473e14
9008,3.3201473e14,8.618922,286.7006,3.3201473e14
9009,3.3201473e14,8.619293,286.73917,3.3201473e14
9010,3.3201473e14,8.619599,286.78113,3.3201473e14
9011,3.3201473e14,8.620058,286.81512,3.3201473e14
9012,3.3201473e14,8.620303,286.86035,3.3201473e14
9013,3.3201473e14,8.620784,286.89313,3.3201473e14
9014,3.3201473e14,8.621042,286.93762,3.3201473e14
9015,3.3201473e14,8.621476,286.9728,3.3201473e14
9016,3.3201473e14,8.6217985,287.0138,3.3201473e14
9017,3.3201473e14,8.622159,287.05286,3.3201473e14
9018,3.3201473e14,8.622558,287.09012,3.3201473e14
9019,3.3201473e14,8.622858,287.1324,3.3201473e14
9020,3.3201473e14,8.623295,287.1674,3.3201473e14
9021,3.3201473e14,8.623575,287.21057,3.3201473e14
9022,3.3201473e14,8.624008,287.24594,3.3201473e14
9023,3.3201473e14,8.624311,287.28806,3.3201473e14
9024,3.3201473e14,8.624704,287.3253,3.3201473e14
9025,3.3201473e14,8.625051,287.36505,3.3201473e14
9026,3.3201473e14,8.625398,287.40472,3.3201473e14
9027,3.3201473e14,8.625788,287.44226,3.3201473e14
9028,3.3201473e14,8.6261,287.4838,3.3201473e14
9029,3.3201473e14,8.626507,287.52026,3.3201473e14
9030,3.3201473e14,8.626813,287.5621,3.3201473e14
9031,3.3201473e14,8.627214,287.59882,3.3201473e14
9032,3.3201473e14,8.627538,287.63995,3.3201473e14
9033,3.3201473e14,8.627914,287.67792,3.3201473e14
9034,3.3201473e14,8.628259,287.71765,3.3201473e14
9035,3.3201473e14,8.628612,287.75693,3.3201473e14
9036,3.3201473e14,8.6289835,287.7953,3.3201473e14
9037,3.3201473e14,8.629317,287.8359,3.3201473e14
9038,3.3201473e14,8.629703,287.87357,3.3201473e14
9039,3.3201473e14,8.63002,287.9144,3.3201473e14
9040,3.3201473e14,8.630407,287.95197,3.3201473e14
9041,3.3201473e14,8.630736,287.99283,3.3201473e14
9042,3.3201473e14,8.631112,288.03098,3.3201473e14
9043,3.3201473e14,8.631447,288.07098,3.3201473e14
9044,3.3201473e14,8.631805,288.10977,3.3201473e14
9045,3.3201473e14,8.632159,288.14908,3.3201473e14
9046,3.3201473e14,8.632506,288.18893,3.3201473e14
9047,3.3201473e14,8.632873,288.22754,3.3201473e14
9048,3.3201473e14,8.6332035,288.2677,3.3201473e14
9049,3.3201473e14,8.633574,288.3059,3.3201473e14
9050,3.3201473e14,8.633907,288.34628,3.3201473e14
9051,3.3201473e14,8.634277,288.38467,3.3201473e14
9052,3.3201473e14,8.63461,288.4249,3.3201473e14
9053,3.3201473e14,8.634971,288.46356,3.3201473e14
9054,3.3201473e14,8.635311,288.50323,3.3201473e14
9055,3.3201473e14,8.63567,288.54254,3.3201473e14
9056,3.3201473e14,8.63602,288.58203,3.3201473e14
9057,3.3201473e14,8.636362,288.62128,3.3201473e14
9058,3.3201473e14,8.636717,288.6604,3.3201473e14
9059,3.3201473e14,8.637057,288.69995,3.3201473e14
9060,3.3201473e14,8.637416,288.7392,3.3201473e14
9061,3.3201473e14,8.637757,288.77908,3.3201473e14
9062,3.3201473e14,8.638111,288.81778,3.3201473e14
9063,3.3201473e14,8.638449,288.85742,3.3201473e14
9064,3.3201473e14,8.6388035,288.89642,3.3201473e14
9065,3.3201473e14,8.639149,288.9361,3.3201473e14
9066,3.3201473e14,8.639497,288.97534,3.3201473e14
9067,3.3201473e14,8.639837,289.01462,3.3201473e14
9068,3.3201473e14,8.640182,289.0541,3.3201473e14
9069,3.3201473e14,8.640535,289.09357,3.3201473e14
9070,3.3201473e14,8.640878,289.1333,3.3201473e14
9071,3.3201473e14,8.64123,289.17245,3.3201473e14
9072,3.3201473e14,8.641563,289.21234,3.3201473e14
9073,3.3201473e14,8.641916,289.25125,3.3201473e14
9074,3.3201473e14,8.642249,289.29135,3.3201473e14
9075,3.3201473e14,8.642605,289.33035,3.3201473e14
9076,3.3201473e14,8.642937,289.3705,3.3201473e14
9077,3.3201473e14,8.643292,289.40927,3.3201473e14
9078,3.3201473e14,8.6436205,289.44904,3.3201473e14
9079,3.3201473e14,8.643976,289.48828,3.3201473e14
9080,3.3201473e14,8.644311,289.52814,3.3201473e14
9081,3.3201473e14,8.64466,289.56726,3.3201473e14
9082,3.3201473e14,8.644992,289.60693,3.3201473e14
9083,3.3201473e14,8.645342,289.6461,3.3201473e14
9084,3.3201473e14,8.645682,289.68585,3.3201473e14
9085,3.3201473e14,8.646024,289.72513,3.3201473e14
9086,3.3201473e14,8.646366,289.76495,3.3201473e14
9087,3.3201473e14,8.646703,289.80438,3.3201473e14
9088,3.3201473e14,8.647041,289.84378,3.3201473e14
9089,3.3201473e14,8.64738,289.88354,3.3201473e14
9090,3.3201473e14,8.647718,289.92282,3.3201473e14
9091,3.3201473e14,8.648057,289.9625,3.3201473e14
9092,3.3201473e14,8.648399,290.00186,3.3201473e14
9093,3.3201473e14,8.648735,290.04166,3.3201473e14
9094,3.3201473e14,8.649081,290.081,3.3201473e14
9095,3.3201473e14,8.649413,290.12067,3.3201473e14
9096,3.3201473e14,8.649755,290.1601,3.3201473e14
9097,3.3201473e14,8.650091,290.1998,3.3201473e14
9098,3.3201473e14,8.650432,290.2392,3.3201473e14
9099,3.3201473e14,8.650765,290.27887,3.3201473e14
9100,3.3201473e14,8.651108,290.31836,3.3201473e14
9101,3.3201473e14,8.651443,290.35803,3.3201473e14
9102,3.3201473e14,8.651778,290.39767,3.3201473e14
9103,3.3201473e14,8.652112,290.43723,3.3201473e14
9104,3.3201473e14,8.65245,290.47662,3.3201473e14
9105,3.3201473e14,8.652787,290.51636,3.3201473e14
9106,3.3201473e14,8.653124,290.55597,3.3201473e14
9107,3.3201473e14,8.653454,290.59552,3.3201473e14
9108,3.3201473e14,8.653788,290.6348,3.3201473e14
9109,3.3201473e14,8.654126,290.6749,3.3201473e14
9110,3.3201473e14,8.654464,290.71414,3.3201473e14
9111,3.3201473e14,8.65479,290.75378,3.3201473e14
9112,3.3201473e14,8.65513,290.79324,3.3201473e14
9113,3.3201473e14,8.655454,290.833,3.3201473e14
9114,3.3201473e14,8.655798,290.8723,3.3201473e14
9115,3.3201473e14,8.656123,290.91238,3.3201473e14
9116,3.3201473e14,8.656465,290.95142,3.3201473e14
9117,3.3201473e14,8.656784,290.99167,3.3201473e14
9118,3.3201473e14,8.657132,291.03043,3.3201473e14
9119,3.3201473e14,8.657446,291.0712,3.3201473e14
9120,3.3201473e14,8.657801,291.10953,3.3201473e14
9121,3.3201473e14,8.658097,291.1505,3.3201473e14
9122,3.3201473e14,8.65847,291.18823,3.3201473e14
9123,3.3201473e14,8.658758,291.23035,3.3201473e14
9124,3.3201473e14,8.659143,291.2671,3.3201473e14
9125,3.3201473e14,8.659405,291.31018,3.3201473e14
9126,3.3201473e14,8.659813,291.34567,3.3201473e14
9127,3.3201473e14,8.660049,291.3902,3.3201473e14
9128,3.3201473e14,8.6605,291.42383,3.3201473e14
9129,3.3201473e14,8.660685,291.47076,3.3201473e14
9130,3.3201473e14,8.661193,291.50137,3.3201473e14
9131,3.3201473e14,8.661299,291.55264,3.3201473e14
9132,3.3201473e14,8.6619005,291.57785,3.3201473e14
9133,3.3201473e14,8.661888,291.63538,3.3201473e14
9134,3.3201473e14,8.662649,291.65286,3.3201473e14
9135,3.3201473e14,8.662433,291.72058,3.3201473e14
9136,3.3201473e14,8.663436,291.72528,3.3201473e14
9137,3.3201473e14,8.662912,291.80963,3.3201473e14
9138,3.3201473e14,8.664308,291.79425,3.3201473e14
9139,3.3201473e14,8.663298,291.90402,3.3201473e14
9140,3.3201473e14,8.665278,291.859,3.3201473e14
9141,3.3201473e14,8.663588,292.00504,3.3201473e14
9142,3.3201473e14,8.6663,291.92233,3.3201473e14
9143,3.3201473e14,8.663905,292.1051,3.3201473e14
9144,3.3201473e14,8.667113,291.99512,3.3201473e14
9145,3.3201473e14,8.664638,292.17966,3.3201473e14
9146,3.3201473e14,8.667315,292.09357,3.3201473e14
9147,3.3201473e14,8.666063,292.21298,3.3201473e14
9148,3.3201473e14,8.666994,292.22034,3.3201473e14
9149,3.3201473e14,8.667741,292.2393,3.3201473e14
9150,3.3201473e14,8.666858,292.3445,3.3201473e14
9151,3.3201473e14,8.668924,292.29495,3.3201473e14
9152,3.3201473e14,8.667439,292.42917,3.3201473e14
9153,3.3201473e14,8.669256,292.38928,3.3201473e14
9154,3.3201473e14,8.6687155,292.47293,3.3201473e14
9155,3.3201473e14,8.669119,292.50824,3.3201473e14
9156,3.3201473e14,8.670072,292.5159,3.3201473e14
9157,3.3201473e14,8.669264,292.61545,3.3201473e14
9158,3.3201473e14,8.67088,292.58722,3.3201473e14
9159,3.3201473e14,8.670074,292.68555,3.3201473e14
9160,3.3201473e14,8.671089,292.68808,3.3201473e14
9161,3.3201473e14,8.671302,292.7336,3.3201473e14
9162,3.3201473e14,8.671203,292.79608,3.3201473e14
9163,3.3201473e14,8.6723385,292.7935,3.3201473e14
9164,3.3201473e14,8.671716,292.88266,3.3201473e14
9165,3.3201473e14,8.672867,292.87845,3.3201473e14
9166,3.3201473e14,8.672688,292.94418,3.3201473e14
9167,3.3201473e14,8.673084,292.97974,3.3201473e14
9168,3.3201473e14,8.673721,293.00284,3.3201473e14
9169,3.3201473e14,8.673433,293.07434,3.3201473e14
9170,3.3201473e14,8.674445,293.0776,3.3201473e14
9171,3.3201473e14,8.674169,293.14865,3.3201473e14
9172,3.3201473e14,8.674845,293.1691,3.3201473e14
9173,3.3201473e14,8.675114,293.21143,3.3201473e14
9174,3.3201473e14,8.675195,293.26398,3.3201473e14
9175,3.3201473e14,8.675961,293.28015,3.3201473e14
9176,3.3201473e14,8.675776,293.34668,3.3201473e14
9177,3.3201473e14,8.676535,293.36298,3.3201473e14
9178,3.3201473e14,8.676587,293.41687,3.3201473e14
9179,3.3201473e14,8.676948,293.454,3.3201473e14
9180,3.3201473e14,8.67743,293.48495,3.3201473e14
9181,3.3201473e14,8.677431,293.54156,3.3201473e14
9182,3.3201473e14,8.67812,293.56192,3.3201473e14
9183,3.3201473e14,8.678104,293.6189,3.3201473e14
9184,3.3201473e14,8.678632,293.6474,3.3201473e14
9185,3.3201473e14,8.678895,293.68958,3.3201473e14
9186,3.3201473e14,8.67911,293.73505,3.3201473e14
9187,3.3201473e14,8.679653,293.763,3.3201473e14
9188,3.3201473e14,8.679696,293.8169,3.3201473e14
9189,3.3201473e14,8.680262,293.8431,3.3201473e14
9190,3.3201473e14,8.680401,293.8923,3.3201473e14
9191,3.3201473e14,8.680785,293.92856,3.3201473e14
9192,3.3201473e14,8.681149,293.96558,3.3201473e14
9193,3.3201473e14,8.681319,294.01266,3.3201473e14
9194,3.3201473e14,8.681828,294.0423,3.3201473e14
9195,3.3201473e14,8.681949,294.0923,3.3201473e14
9196,3.3201473e14,8.682413,294.12387,3.3201473e14
9197,3.3201473e14,8.682651,294.16757,3.3201473e14
9198,3.3201473e14,8.682959,294.20737,3.3201473e14
9199,3.3201473e14,8.683351,294.243,3.3201473e14
9200,3.3201473e14,8.6835375,294.2894,3.3201473e14
9201,3.3201473e14,8.683997,294.3214,3.3201473e14
9202,3.3201473e14,8.684177,294.3676,3.3201473e14
9203,3.3201473e14,8.684576,294.40262,3.3201473e14
9204,3.3201473e14,8.684862,294.444,3.3201473e14
9205,3.3201473e14,8.685143,294.4851,3.3201473e14
9206,3.3201473e14,8.685526,294.52087,3.3201473e14
9207,3.3201473e14,8.685736,294.56583,3.3201473e14
9208,3.3201473e14,8.686151,294.60004,3.3201473e14
9209,3.3201473e14,8.68638,294.64395,3.3201473e14
9210,3.3201473e14,8.686742,294.68106,3.3201473e14
9211,3.3201473e14,8.687044,294.72098,3.3201473e14
9212,3.3201473e14,8.687323,294.76215,3.3201473e14
9213,3.3201473e14,8.687694,294.7986,3.3201473e14
9214,3.3201473e14,8.68793,294.84238,3.3201473e14
9215,3.3201473e14,8.688314,294.87796,3.3201473e14
9216,3.3201473e14,8.688562,294.92062,3.3201473e14
9217,3.3201473e14,8.688909,294.95847,3.3201473e14
9218,3.3201473e14,8.689212,294.99847,3.3201473e14
9219,3.3201473e14,8.6895,295.03903,3.3201473e14
9220,3.3201473e14,8.689847,295.07654,3.3201473e14
9221,3.3201473e14,8.690103,295.11887,3.3201473e14
9222,3.3201473e14,8.690465,295.15564,3.3201473e14
9223,3.3201473e14,8.690728,295.19757,3.3201473e14
9224,3.3201473e14,8.691066,295.23575,3.3201473e14
9225,3.3201473e14,8.691363,295.27576,3.3201473e14
9226,3.3201473e14,8.691659,295.31577,3.3201473e14
9227,3.3201473e14,8.691996,295.35403,3.3201473e14
9228,3.3201473e14,8.692271,295.3955,3.3201473e14
9229,3.3201473e14,8.692614,295.43314,3.3201473e14
9230,3.3201473e14,8.692884,295.47455,3.3201473e14
9231,3.3201473e14,8.693215,295.51282,3.3201473e14
9232,3.3201473e14,8.693507,295.55295,3.3201473e14
9233,3.3201473e14,8.693814,295.5924,3.3201473e14
9234,3.3201473e14,8.694132,295.63153,3.3201473e14
9235,3.3201473e14,8.694415,295.6721,3.3201473e14
9236,3.3201473e14,8.694744,295.71042,3.3201473e14
9237,3.3201473e14,8.695023,295.75128,3.3201473e14
9238,3.3201473e14,8.695353,295.78964,3.3201473e14
9239,3.3201473e14,8.695643,295.8299,3.3201473e14
9240,3.3201473e14,8.695951,295.86908,3.3201473e14
9241,3.3201473e14,8.696259,295.90872,3.3201473e14
9242,3.3201473e14,8.696553,295.94864,3.3201473e14
9243,3.3201473e14,8.696871,295.9874,3.3201473e14
9244,3.3201473e14,8.697159,296.02753,3.3201473e14
9245,3.3201473e14,8.697478,296.0666,3.3201473e14
9246,3.3201473e14,8.697769,296.1066,3.3201473e14
9247,3.3201473e14,8.698079,296.14566,3.3201473e14
9248,3.3201473e14,8.698378,296.1853,3.3201473e14
9249,3.3201473e14,8.698681,296.22504,3.3201473e14
9250,3.3201473e14,8.698988,296.2642,3.3201473e14
9251,3.3201473e14,8.699281,296.30432,3.3201473e14
9252,3.3201473e14,8.699594,296.34277,3.3201473e14
9253,3.3201473e14,8.699882,296.38324,3.3201473e14
9254,3.3201473e14,8.700197,296.42197,3.3201473e14
9255,3.3201473e14,8.700487,296.46222,3.3201473e14
9256,3.3201473e14,8.700797,296.50122,3.3201473e14
9257,3.3201473e14,8.701093,296.54083,3.3201473e14
9258,3.3201473e14,8.701395,296.58008,3.3201473e14
9259,3.3201473e14,8.701703,296.6196,3.3201473e14
9260,3.3201473e14,8.701997,296.65933,3.3201473e14
9261,3.3201473e14,8.702301,296.69824,3.3201473e14
9262,3.3201473e14,8.702589,296.7382,3.3201473e14
9263,3.3201473e14,8.7029,296.7773,3.3201473e14
9264,3.3201473e14,8.703195,296.8171,3.3201473e14
9265,3.3201473e14,8.703499,296.8562,3.3201473e14
9266,3.3201473e14,8.70379,296.8957,3.3201473e14
9267,3.3201473e14,8.704088,296.93503,3.3201473e14
9268,3.3201473e14,8.704391,296.97464,3.3201473e14
9269,3.3201473e14,8.70469,297.01404,3.3201473e14
9270,3.3201473e14,8.704991,297.05325,3.3201473e14
9271,3.3201473e14,8.705285,297.09293,3.3201473e14
9272,3.3201473e14,8.705585,297.1323,3.3201473e14
9273,3.3201473e14,8.70588,297.1716,3.3201473e14
9274,3.3201473e14,8.706181,297.21082,3.3201473e14
9275,3.3201473e14,8.706482,297.2504,3.3201473e14
9276,3.3201473e14,8.706779,297.29,3.3201473e14
9277,3.3201473e14,8.70707,297.32898,3.3201473e14
9278,3.3201473e14,8.707368,297.36853,3.3201473e14
9279,3.3201473e14,8.707669,297.4078,3.3201473e14
9280,3.3201473e14,8.707964,297.44757,3.3201473e14
9281,3.3201473e14,8.708258,297.4866,3.3201473e14
9282,3.3201473e14,8.708551,297.5259,3.3201473e14
9283,3.3201473e14,8.708857,297.56512,3.3201473e14
9284,3.3201473e14,8.709149,297.60477,3.3201473e14
9285,3.3201473e14,8.709445,297.64386,3.3201473e14
9286,3.3201473e14,8.709738,297.68335,3.3201473e14
9287,3.3201473e14,8.710033,297.7225,3.3201473e14
9288,3.3201473e14,8.710328,297.762,3.3201473e14
9289,3.3201473e14,8.710624,297.80136,3.3201473e14
9290,3.3201473e14,8.7109165,297.8405,3.3201473e14
9291,3.3201473e14,8.711213,297.87997,3.3201473e14
9292,3.3201473e14,8.71151,297.91885,3.3201473e14
9293,3.3201473e14,8.711798,297.95862,3.3201473e14
9294,3.3201473e14,8.712101,297.99768,3.3201473e14
9295,3.3201473e14,8.712381,298.03723,3.3201473e14
9296,3.3201473e14,8.712684,298.07587,3.3201473e14
9297,3.3201473e14,8.712968,298.1156,3.3201473e14
9298,3.3201473e14,8.713275,298.15463,3.3201473e14
9299,3.3201473e14,8.713556,298.1941,3.3201473e14
9300,3.3201473e14,8.713854,298.2331,3.3201473e14
9301,3.3201473e14,8.71414,298.2727,3.3201473e14
9302,3.3201473e14,8.714438,298.31192,3.3201473e14
9303,3.3201473e14,8.714733,298.35098,3.3201473e14
9304,3.3201473e14,8.715026,298.39044,3.3201473e14
9305,3.3201473e14,8.715321,298.42938,3.3201473e14
9306,3.3201473e14,8.715604,298.46878,3.3201473e14
9307,3.3201473e14,8.715902,298.50766,3.3201473e14
9308,3.3201473e14,8.71619,298.5474,3.3201473e14
9309,3.3201473e14,8.71649,298.58612,3.3201473e14
9310,3.3201473e14,8.716767,298.62555,3.3201473e14
9311,3.3201473e14,8.717062,298.66446,3.3201473e14
9312,3.3201473e14,8.717353,298.70404,3.3201473e14
9313,3.3201473e14,8.7176485,298.7431,3.3201473e14
9314,3.3201473e14,8.717936,298.78223,3.3201473e14
9315,3.3201473e14,8.718222,298.8212,3.3201473e14
9316,3.3201473e14,8.718514,298.8606,3.3201473e14
9317,3.3201473e14,8.718807,298.89975,3.3201473e14
9318,3.3201473e14,8.719096,298.93863,3.3201473e14
9319,3.3201473e14,8.719383,298.97794,3.3201473e14
9320,3.3201473e14,8.719677,299.017,3.3201473e14
9321,3.3201473e14,8.719961,299.05637,3.3201473e14
9322,3.3201473e14,8.720254,299.0952,3.3201473e14
9323,3.3201473e14,8.720538,299.1345,3.3201473e14
9324,3.3201473e14,8.720834,299.17346,3.3201473e14
9325,3.3201473e14,8.721114,299.21298,3.3201473e14
9326,3.3201473e14,8.721407,299.25146,3.3201473e14
9327,3.3201473e14,8.721685,299.29105,3.3201473e14
9328,3.3201473e14,8.721986,299.3296,3.3201473e14
9329,3.3201473e14,8.722262,299.36935,3.3201473e14
9330,3.3201473e14,8.722565,299.40762,3.3201473e14
9331,3.3201473e14,8.722831,299.44748,3.3201473e14
9332,3.3201473e14,8.723142,299.48535,3.3201473e14
9333,3.3201473e14,8.723407,299.52597,3.3201473e14
9334,3.3201473e14,8.723723,299.5634,3.3201473e14
9335,3.3201473e14,8.7239685,299.60422,3.3201473e14
9336,3.3201473e14,8.7242985,299.64105,3.3201473e14
9337,3.3201473e14,8.724536,299.68274,3.3201473e14
9338,3.3201473e14,8.72488,299.71878,3.3201473e14
9339,3.3201473e14,8.725099,299.7612,3.3201473e14
9340,3.3201473e14,8.725463,299.79614,3.3201473e14
9341,3.3201473e14,8.725658,299.8398,3.3201473e14
9342,3.3201473e14,8.726052,299.8733,3.3201473e14
9343,3.3201473e14,8.7262125,299.91882,3.3201473e14
9344,3.3201473e14,8.726642,299.95004,3.3201473e14
9345,3.3201473e14,8.726757,299.9982,3.3201473e14
9346,3.3201473e14,8.727242,300.0263,3.3201473e14
9347,3.3201473e14,8.727291,300.07803,3.3201473e14
9348,3.3201473e14,8.727861,300.10168,3.3201473e14
9349,3.3201473e14,8.727803,300.15894,3.3201473e14
9350,3.3201473e14,8.728502,300.17593,3.3201473e14
9351,3.3201473e14,8.728283,300.24142,3.3201473e14
9352,3.3201473e14,8.729176,300.24823,3.3201473e14
9353,3.3201473e14,8.728722,300.32663,3.3201473e14
9354,3.3201473e14,8.729892,300.31863,3.3201473e14
9355,3.3201473e14,8.729096,300.41498,3.3201473e14
9356,3.3201473e14,8.730673,300.3859,3.3201473e14
9357,3.3201473e14,8.729421,300.5073,3.3201473e14
9358,3.3201473e14,8.731507,300.45142,3.3201473e14
9359,3.3201473e14,8.729722,300.60114,3.3201473e14
9360,3.3201473e14,8.732277,300.5197,3.3201473e14
9361,3.3201473e14,8.730164,300.6866,3.3201473e14
9362,3.3201473e14,8.732787,300.59985,3.3201473e14
9363,3.3201473e14,8.730988,300.7484,3.3201473e14
9364,3.3201473e14,8.732865,300.70004,3.3201473e14
9365,3.3201473e14,8.7322,300.78818,3.3201473e14
9366,3.3201466e14,8.732719,300.81427,3.3201466e14
9367,3.3201466e14,8.733468,300.82928,3.3201466e14
9368,3.3201466e14,8.732761,300.92233,3.3201466e14
9369,3.3201466e14,8.734388,300.8896,3.3201466e14
9370,3.3201466e14,8.733219,301.00604,3.3201466e14
9371,3.3201466e14,8.734806,300.97415,3.3201466e14
9372,3.3201466e14,8.7341175,301.0641,3.3201466e14
9373,3.3201466e14,8.734872,301.0766,3.3201466e14
9374,3.3201466e14,8.73518,301.11374,3.3201466e14
9375,3.3201466e14,8.734963,301.1792,3.3201466e14
9376,3.3201466e14,8.736069,301.1744,3.3201466e14
9377,3.3201466e14,8.735386,301.2652,3.3201466e14
9378,3.3201466e14,8.7366,301.25354,3.3201466e14
9379,3.3201466e14,8.736151,301.33066,3.3201466e14
9380,3.3201466e14,8.736849,301.34677,3.3201466e14
9381,3.3201466e14,8.737079,301.38828,3.3201466e14
9382,3.3201466e14,8.73708,301.44214,3.3201466e14
9383,3.3201466e14,8.737885,301.45245,3.3201466e14
9384,3.3201466e14,8.737494,301.52695,3.3201466e14
9385,3.3201466e14,8.738431,301.53015,3.3201466e14
9386,3.3201466e14,8.738168,301.59763,3.3201466e14
9387,3.3201466e14,8.73878,301.61792,3.3201466e14
9388,3.3201466e14,8.738967,301.66144,3.3201466e14
9389,3.3201466e14,8.7390995,301.70813,3.3201466e14
9390,3.3201466e14,8.739711,301.72852,3.3201466e14
9391,3.3201466e14,8.739546,301.79108,3.3201466e14
9392,3.3201466e14,8.740299,301.8045,3.3201466e14
9393,3.3201466e14,8.74017,301.86478,3.3201466e14
9394,3.3201466e14,8.740728,301.8881,3.3201466e14
9395,3.3201466e14,8.740884,301.933,3.3201466e14
9396,3.3201466e14,8.741117,301.97424,3.3201466e14
9397,3.3201466e14,8.741581,302.00262,3.3201466e14
9398,3.3201466e14,8.741571,302.0566,3.3201466e14
9399,3.3201466e14,8.742174,302.07758,3.3201466e14
9400,3.3201466e14,8.74214,302.13272,3.3201466e14
9401,3.3201466e14,8.742665,302.158,3.3201466e14
9402,3.3201466e14,8.742795,302.2043,3.3201466e14
9403,3.3201466e14,8.74311,302.24097,3.3201466e14
9404,3.3201466e14,8.743455,302.2755,3.3201466e14
9405,3.3201466e14,8.743575,302.32233,3.3201466e14
9406,3.3201466e14,8.744066,302.3495,3.3201466e14
9407,3.3201466e14,8.74412,302.40005,3.3201466e14
9408,3.3201466e14,8.744598,302.42755,3.3201466e14
9409,3.3201466e14,8.744717,302.47418,3.3201466e14
9410,3.3201466e14,8.745076,302.50812,3.3201466e14
9411,3.3201466e14,8.745343,302.547,3.3201466e14
9412,3.3201466e14,8.745561,302.5884,3.3201466e14
9413,3.3201466e14,8.745945,302.62106,3.3201466e14
9414,3.3201466e14,8.746076,302.66708,3.3201466e14
9415,3.3201466e14,8.7465,302.69708,3.3201466e14
9416,3.3201466e14,8.746637,302.74286,3.3201466e14
9417,3.3201466e14,8.747025,302.7754,3.3201466e14
9418,3.3201466e14,8.747232,302.8172,3.3201466e14
9419,3.3201466e14,8.747521,302.8545,3.3201466e14
9420,3.3201466e14,8.747824,302.89136,3.3201466e14
9421,3.3201466e14,8.748032,302.93314,3.3201466e14
9422,3.3201466e14,8.748395,302.9666,3.3201466e14
9423,3.3201466e14,8.748566,303.0104,3.3201466e14
9424,3.3201466e14,8.7489395,303.04297,3.3201466e14
9425,3.3201466e14,8.749126,303.08603,3.3201466e14
9426,3.3201466e14,8.749466,303.12088,3.3201466e14
9427,3.3201466e14,8.749702,303.16092,3.3201466e14
9428,3.3201466e14,8.749982,303.1988,3.3201466e14
9429,3.3201466e14,8.75028,303.23596,3.3201466e14
9430,3.3201466e14,8.750507,303.27643,3.3201466e14
9431,3.3201466e14,8.750837,303.3116,3.3201466e14
9432,3.3201466e14,8.751044,303.35318,3.3201466e14
9433,3.3201466e14,8.751381,303.3878,3.3201466e14
9434,3.3201466e14,8.7515955,303.42902,3.3201466e14
9435,3.3201466e14,8.751913,303.4648,3.3201466e14
9436,3.3201466e14,8.752154,303.50455,3.3201466e14
9437,3.3201466e14,8.752438,303.5421,3.3201466e14
9438,3.3201466e14,8.752713,303.58,3.3201466e14
9439,3.3201466e14,8.752966,303.61887,3.3201466e14
9440,3.3201466e14,8.75327,303.65564,3.3201466e14
9441,3.3201466e14,8.753504,303.69556,3.3201466e14
9442,3.3201466e14,8.753814,303.73145,3.3201466e14
9443,3.3201466e14,8.754048,303.77158,3.3201466e14
9444,3.3201466e14,8.754352,303.80792,3.3201466e14
9445,3.3201466e14,8.754597,303.84723,3.3201466e14
9446,3.3201466e14,8.754886,303.88412,3.3201466e14
9447,3.3201466e14,8.755146,303.92294,3.3201466e14
9448,3.3201466e14,8.75542,303.96097,3.3201466e14
9449,3.3201466e14,8.755692,303.99838,3.3201466e14
9450,3.3201466e14,8.755951,304.03723,3.3201466e14
9451,3.3201466e14,8.756237,304.07422,3.3201466e14
9452,3.3201466e14,8.756488,304.11346,3.3201466e14
9453,3.3201466e14,8.756781,304.1501,3.3201466e14
9454,3.3201466e14,8.757025,304.18912,3.3201466e14
9455,3.3201466e14,8.7573185,304.22604,3.3201466e14
9456,3.3201466e14,8.757572,304.2649,3.3201466e14
9457,3.3201466e14,8.757853,304.302,3.3201466e14
9458,3.3201466e14,8.758113,304.34027,3.3201466e14
9459,3.3201466e14,8.758385,304.37805,3.3201466e14
9460,3.3201466e14,8.7586565,304.4158,3.3201466e14
9461,3.3201466e14,8.758916,304.4543,3.3201466e14
9462,3.3201466e14,8.759193,304.49124,3.3201466e14
9463,3.3201466e14,8.759449,304.52988,3.3201466e14
9464,3.3201466e14,8.759738,304.56702,3.3201466e14
9465,3.3201466e14,8.759988,304.60544,3.3201466e14
9466,3.3201466e14,8.760271,304.64243,3.3201466e14
9467,3.3201466e14,8.760528,304.68082,3.3201466e14
9468,3.320147e14,8.760803,304.71802,3.320147e14
9469,3.320147e14,8.761062,304.75638,3.320147e14
9470,3.320147e14,8.761333,304.7938,3.320147e14
9471,3.320147e14,8.761595,304.8316,3.320147e14
9472,3.320147e14,8.761862,304.86926,3.320147e14
9473,3.320147e14,8.762139,304.90695,3.320147e14
9474,3.320147e14,8.762398,304.94495,3.320147e14
9475,3.320147e14,8.762667,304.9821,3.320147e14
9476,3.320147e14,8.762926,305.02005,3.320147e14
9477,3.320147e14,8.763206,305.0574,3.320147e14
9478,3.320147e14,8.763465,305.0955,3.320147e14
9479,3.320147e14,8.763739,305.1326,3.320147e14
9480,3.320147e14,8.76399,305.1706,3.320147e14
9481,3.320147e14,8.764262,305.20792,3.320147e14
9482,3.320147e14,8.76453,305.24597,3.320147e14
9483,3.320147e14,8.764798,305.28317,3.320147e14
9484,3.320147e14,8.765058,305.321,3.320147e14
9485,3.320147e14,8.765327,305.35828,3.320147e14
9486,3.320147e14,8.765592,305.39624,3.320147e14
9487,3.320147e14,8.765861,305.43347,3.320147e14
9488,3.320147e14,8.766123,305.47128,3.320147e14
9489,3.320147e14,8.766389,305.50848,3.320147e14
9490,3.320147e14,8.76665,305.5464,3.320147e14
9491,3.320147e14,8.766923,305.58356,3.320147e14
9492,3.320147e14,8.76718,305.62137,3.320147e14
9493,3.320147e14,8.767448,305.65848,3.320147e14
9494,3.320147e14,8.767708,305.6964,3.320147e14
9495,3.320147e14,8.767982,305.73352,3.320147e14
9496,3.320147e14,8.768235,305.77106,3.320147e14
9497,3.320147e14,8.768512,305.80817,3.320147e14
9498,3.320147e14,8.7687645,305.84628,3.320147e14
9499,3.320147e14,8.769034,305.88315,3.320147e14
9500,3.320147e14,8.769291,305.92084,3.320147e14
9501,3.320147e14,8.769562,305.95795,3.320147e14
9502,3.320147e14,8.769818,305.99573,3.320147e14
9503,3.320147e14,8.770088,306.03265,3.320147e14
9504,3.320147e14,8.770342,306.07037,3.320147e14
9505,3.320147e14,8.770617,306.10724,3.320147e14
9506,3.320147e14,8.770866,306.1451,3.320147e14
9507,3.320147e14,8.771143,306.18155,3.320147e14
9508,3.320147e14,8.771391,306.21994,3.320147e14
9509,3.320147e14,8.7716675,306.2562,3.320147e14
9510,3.320147e14,8.771907,306.29465,3.320147e14
9511,3.320147e14,8.772201,306.33044,3.320147e14
9512,3.320147e14,8.772433,306.36966,3.320147e14
9513,3.320147e14,8.772731,306.40475,3.320147e14
9514,3.320147e14,8.7729435,306.4444,3.320147e14
9515,3.320147e14,8.773266,306.47836,3.320147e14
9516,3.320147e14,8.773463,306.51932,3.320147e14
9517,3.320147e14,8.7738085,306.55215,3.320147e14
9518,3.320147e14,8.773971,306.59464,3.320147e14
9519,3.320147e14,8.774344,306.62555,3.320147e14
9520,3.320147e14,8.774464,306.6703,3.320147e14
9521,3.320147e14,8.774902,306.69794,3.320147e14
9522,3.320147e14,8.774957,306.74664,3.320147e14
9523,3.320147e14,8.775474,306.76996,3.320147e14
9524,3.320147e14,8.775411,306.82425,3.320147e14
9525,3.320147e14,8.776062,306.84015,3.320147e14
9526,3.320147e14,8.775844,306.90344,3.320147e14
9527,3.320147e14,8.776708,306.90857,3.320147e14
9528,3.320147e14,8.776222,306.98566,3.320147e14
9529,3.320147e14,8.777391,306.97354,3.320147e14
9530,3.320147e14,8.776526,307.07208,3.320147e14
9531,3.320147e14,8.778177,307.03528,3.320147e14
9532,3.320147e14,8.7767515,307.16425,3.320147e14
9533,3.320147e14,8.779006,307.09415,3.320147e14
9534,3.320147e14,8.776935,307.25848,3.320147e14
9535,3.320147e14,8.779783,307.1567,3.320147e14
9536,3.320147e14,8.77733,307.341,3.320147e14
9537,3.320147e14,8.780173,307.23608,3.320147e14
9538,3.320147e14,8.778238,307.38956,3.320147e14
9539,3.320147e14,8.779998,307.3426,3.320147e14
9540,3.320147e14,8.779625,307.4132,3.320147e14
9541,3.320147e14,8.779656,307.46323,3.320147e14
9542,3.320147e14,8.780919,307.44724,3.320147e14
9543,3.320147e14,8.77969,307.56653,3.320147e14
9544,3.320147e14,8.78163,307.51175,3.320147e14
9545,3.320147e14,8.78036,307.63065,3.320147e14
9546,3.320147e14,8.781693,307.6082,3.320147e14
9547,3.320147e14,8.781489,307.66925,3.320147e14
9548,3.320147e14,8.781522,307.71777,3.320147e14
9549,3.320147e14,8.782537,307.71405,3.320147e14
9550,3.320147e14,8.781703,307.8111,3.320147e14
9551,3.320147e14,8.783125,307.78445,3.320147e14
9552,3.320147e14,8.782411,307.87317,3.320147e14
9553,3.320147e14,8.783243,307.8775,3.320147e14
9554,3.320147e14,8.783411,307.9197,3.320147e14
9555,3.320147e14,8.783321,307.97574,3.320147e14
9556,3.320147e14,8.784265,307.9752,3.320147e14
9557,3.320147e14,8.783692,308.0573,3.320147e14
9558,3.320147e14,8.784718,308.05154,3.320147e14
9559,3.320147e14,8.784418,308.118,3.320147e14
9560,3.320147e14,8.784898,308.1423,3.320147e14
9561,3.320147e14,8.78527,308.17288,3.320147e14
9562,3.320147e14,8.785121,308.2318,3.320147e14
9563,3.320147e14,8.78594,308.23718,3.320147e14
9564,3.320147e14,8.785608,308.30618,3.320147e14
9565,3.320147e14,8.786354,308.3162,3.320147e14
9566,3.320147e14,8.786331,308.36777,3.320147e14
9567,3.320147e14,8.786624,308.40222,3.320147e14
9568,3.320147e14,8.787075,308.42825,3.320147e14
9569,3.320147e14,8.786977,308.4843,3.320147e14
9570,3.320147e14,8.787665,308.49762,3.320147e14
9571,3.320147e14,8.7875185,308.55576,3.320147e14
9572,3.320147e14,8.78806,308.57654,3.320147e14
9573,3.320147e14,8.788185,308.62018,3.320147e14
9574,3.320147e14,8.78839,308.65918,3.320147e14
9575,3.320147e14,8.7888365,308.68512,3.320147e14
9576,3.320147e14,8.788813,308.73724,3.320147e14
9577,3.320147e14,8.789379,308.75684,3.320147e14
9578,3.320147e14,8.789368,308.8075,3.320147e14
9579,3.320147e14,8.789799,308.83417,3.320147e14
9580,3.320147e14,8.790003,308.87363,3.320147e14
9581,3.320147e14,8.790202,308.91348,3.320147e14
9582,3.320147e14,8.790611,308.94125,3.320147e14
9583,3.320147e14,8.790653,308.98917,3.320147e14
9584,3.320147e14,8.791126,309.01367,3.320147e14
9585,3.320147e14,8.791198,309.06018,3.320147e14
9586,3.320147e14,8.791571,309.0899,3.320147e14
9587,3.320147e14,8.79179,309.1281,3.320147e14
9588,3.320147e14,8.792001,309.16684,3.320147e14
9589,3.320147e14,8.792364,309.19724,3.320147e14
9590,3.320147e14,8.792471,309.24133,3.320147e14
9591,3.320147e14,8.792881,309.26898,3.320147e14
9592,3.320147e14,8.793003,309.3125,3.320147e14
9593,3.320147e14,8.793348,309.34378,3.320147e14
9594,3.320147e14,8.793563,309.3818,3.320147e14
9595,3.320147e14,8.793796,309.41904,3.320147e14
9596,3.320147e14,8.794118,309.4517,3.320147e14
9597,3.320147e14,8.794273,309.49313,3.320147e14
9598,3.320147e14,8.79463,309.52316,3.320147e14
9599,3.320147e14,8.794788,309.56473,3.320147e14
9600,3.320147e14,8.795117,309.59686,3.320147e14
9601,3.320147e14,8.79533,309.63486,3.320147e14
9602,3.320147e14,8.795582,309.67096,3.320147e14
9603,3.320147e14,8.795869,309.70505,3.320147e14
9604,3.320147e14,8.796066,309.74426,3.320147e14
9605,3.320147e14,8.796393,309.77637,3.320147e14
9606,3.320147e14,8.796569,309.81635,3.320147e14
9607,3.320147e14,8.796886,309.84903,3.320147e14
9608,3.320147e14,8.7970915,309.88727,3.320147e14
9609,3.320147e14,8.797367,309.92206,3.320147e14
9610,3.320147e14,8.797629,309.95786,3.320147e14
9611,3.320147e14,8.797852,309.99503,3.320147e14
9612,3.320147e14,8.798141,310.02893,3.320147e14
9613,3.320147e14,8.798344,310.06738,3.320147e14
9614,3.320147e14,8.798647,310.10052,3.320147e14
9615,3.320147e14,8.7988615,310.1388,3.320147e14
9616,3.320147e14,8.799142,310.17313,3.320147e14
9617,3.320147e14,8.799374,310.20966,3.320147e14
9618,3.320147e14,8.799625,310.24557,3.320147e14
9619,3.320147e14,8.799896,310.28052,3.320147e14
9620,3.320147e14,8.800126,310.31778,3.320147e14
9621,3.320147e14,8.800408,310.35178,3.320147e14
9622,3.320147e14,8.800621,310.38947,3.320147e14
9623,3.320147e14,8.800905,310.42322,3.320147e14
9624,3.320147e14,8.80113,310.46088,3.320147e14
9625,3.320147e14,8.801404,310.4953,3.320147e14
9626,3.320147e14,8.801641,310.5318,3.320147e14
9627,3.320147e14,8.801892,310.56714,3.320147e14
9628,3.320147e14,8.802146,310.6028,3.320147e14
9629,3.320147e14,8.802391,310.63885,3.320147e14
9630,3.320147e14,8.802657,310.67386,3.320147e14
9631,3.320147e14,8.802891,310.71036,3.320147e14
9632,3.320147e14,8.803153,310.74496,3.320147e14
9633,3.320147e14,8.8033905,310.78156,3.320147e14
9634,3.320147e14,8.803654,310.81644,3.320147e14
9635,3.320147e14,8.8039,310.85248,3.320147e14
9636,3.320147e14,8.804154,310.8876,3.320147e14
9637,3.320147e14,8.804401,310.92343,3.320147e14
9638,3.320147e14,8.80465,310.9589,3.320147e14
9639,3.320147e14,8.804904,310.99417,3.320147e14
9640,3.320147e14,8.805147,311.0299,3.320147e14
9641,3.320147e14,8.805404,311.0651,3.320147e14
9642,3.320147e14,8.805642,311.101,3.320147e14
9643,3.320147e14,8.805901,311.13583,3.320147e14
9644,3.320147e14,8.806141,311.1717,3.320147e14
9645,3.320147e14,8.806401,311.2066,3.320147e14
9646,3.320147e14,8.806643,311.24255,3.320147e14
9647,3.320147e14,8.806895,311.27756,3.320147e14
9648,3.320147e14,8.807138,311.31305,3.320147e14
9649,3.320147e14,8.807392,311.3482,3.320147e14
9650,3.320147e14,8.80764,311.384,3.320147e14
9651,3.320147e14,8.807891,311.41898,3.320147e14
9652,3.320147e14,8.808135,311.4544,3.320147e14
9653,3.320147e14,8.808387,311.48956,3.320147e14
9654,3.320147e14,8.808636,311.5251,3.320147e14
9655,3.320147e14,8.8088875,311.56012,3.320147e14
9656,3.320147e14,8.809132,311.59543,3.320147e14
9657,3.320147e14,8.809379,311.6307,3.320147e14
9658,3.320147e14,8.809628,311.66608,3.320147e14
9659,3.320147e14,8.809876,311.701,3.320147e14
9660,3.320147e14,8.810124,311.7361,3.320147e14
9661,3.320147e14,8.810375,311.77155,3.320147e14
9662,3.320147e14,8.810622,311.80652,3.320147e14
9663,3.320147e14,8.810864,311.84164,3.320147e14
9664,3.320147e14,8.811114,311.87668,3.320147e14
9665,3.320147e14,8.81136,311.91214,3.320147e14
9666,3.320147e14,8.81161,311.94702,3.320147e14
9667,3.320147e14,8.811852,311.9821,3.320147e14
9668,3.320147e14,8.812106,312.01697,3.320147e14
9669,3.320147e14,8.812354,312.0525,3.320147e14
9670,3.320147e14,8.8126,312.08716,3.320147e14
9671,3.320147e14,8.812841,312.12222,3.320147e14
9672,3.320147e14,8.813092,312.15732,3.320147e14
9673,3.320147e14,8.813338,312.19238,3.320147e14
9674,3.320147e14,8.813588,312.22717,3.320147e14
9675,3.320147e14,8.813833,312.26224,3.320147e14
9676,3.320147e14,8.814073,312.29715,3.320147e14
9677,3.320147e14,8.81432,312.33218,3.320147e14
9678,3.320147e14,8.8145685,312.36697,3.320147e14
9679,3.320147e14,8.8148155,312.40204,3.320147e14
9680,3.320147e14,8.81506,312.43677,3.320147e14
9681,3.320147e14,8.815306,312.4719,3.320147e14
9682,3.320147e14,8.815555,312.50644,3.320147e14
9683,3.320147e14,8.815796,312.54156,3.320147e14
9684,3.320147e14,8.8160515,312.576,3.320147e14
9685,3.320147e14,8.81629,312.61124,3.320147e14
9686,3.320147e14,8.816544,312.64542,3.320147e14
9687,3.320147e14,8.816777,312.68082,3.320147e14
9688,3.320147e14,8.817034,312.71527,3.320147e14
9689,3.320147e14,8.817266,312.75052,3.320147e14
9690,3.320147e14,8.817523,312.78473,3.320147e14
9691,3.320147e14,8.8177595,312.8198,3.320147e14
9692,3.320147e14,8.818016,312.85422,3.320147e14
9693,3.320147e14,8.818253,312.88934,3.320147e14
9694,3.320147e14,8.818504,312.92358,3.320147e14
9695,3.320147e14,8.818742,312.95853,3.320147e14
9696,3.320147e14,8.818996,312.99286,3.320147e14
9697,3.320147e14,8.81924,313.02774,3.320147e14
9698,3.320147e14,8.819487,313.06232,3.320147e14
9699,3.320147e14,8.819725,313.09665,3.320147e14
9700,3.320147e14,8.819974,313.13168,3.320147e14
9701,3.320147e14,8.820221,313.1659,3.320147e14
9702,3.320147e14,8.820452,313.2009,3.320147e14
9703,3.320147e14,8.820709,313.2348,3.320147e14
9704,3.320147e14,8.820939,313.27036,3.320147e14
9705,3.320147e14,8.821204,313.3035,3.320147e14
9706,3.320147e14,8.8214245,313.33926,3.320147e14
9707,3.320147e14,8.821698,313.37222,3.320147e14
9708,3.320147e14,8.821906,313.40857,3.320147e14
9709,3.320147e14,8.822187,313.44083,3.320147e14
9710,3.320147e14,8.822382,313.478,3.320147e14
9711,3.320147e14,8.822686,313.5093,3.320147e14
9712,3.320147e14,8.822866,313.54742,3.320147e14
9713,3.320147e14,8.823185,313.57724,3.320147e14
9714,3.320147e14,8.8233385,313.61682,3.320147e14
9715,3.320147e14,8.82369,313.6452,3.320147e14
9716,3.320147e14,8.823798,313.68668,3.320147e14
9717,3.320147e14,8.824201,313.71262,3.320147e14
9718,3.320147e14,8.824257,313.75705,3.320147e14
9719,3.320147e14,8.824725,313.77908,3.320147e14
9720,3.320147e14,8.8246975,313.82816,3.320147e14
9721,3.320147e14,8.825268,313.84457,3.320147e14
9722,3.320147e14,8.825113,313.90076,3.320147e14
9723,3.320147e14,8.825842,313.9084,3.320147e14
9724,3.320147e14,8.825494,313.97528,3.320147e14
9725,3.320147e14,8.826459,313.97012,3.320147e14
9726,3.320147e14,8.825816,314.05304,3.320147e14
9727,3.320147e14,8.827134,314.02847,3.320147e14
9728,3.320147e14,8.8260765,314.13538,3.320147e14
9729,3.320147e14,8.8278885,314.08386,3.320147e14
9730,3.320147e14,8.826259,314.22162,3.320147e14
9731,3.320147e14,8.828661,314.1383,3.320147e14
9732,3.320147e14,8.826486,314.30637,3.320147e14
9733,3.320147e14,8.829278,314.20026,3.320147e14
9734,3.320147e14,8.826999,314.37253,3.320147e14
9735,3.320147e14,8.829459,314.282,3.320147e14
9736,3.320147e14,8.828009,314.4074,3.320147e14
9737,3.320147e14,8.829214,314.38672,3.320147e14
9738,3.320147e14,8.82931,314.42932,3.320147e14
9739,3.320147e14,8.828965,314.4962,3.320147e14
9740,3.320147e14,8.830389,314.46622,3.320147e14
9741,3.320147e14,8.829134,314.5843,3.320147e14
9742,3.320147e14,8.830924,314.53195,3.320147e14
9743,3.320147e14,8.829835,314.63812,3.320147e14
9744,3.320147e14,8.830932,314.62354,3.320147e14
9745,3.320147e14,8.8308735,314.67355,3.320147e14
9746,3.320147e14,8.830824,314.72333,3.320147e14
9747,3.320147e14,8.831804,314.71677,3.320147e14
9748,3.320147e14,8.831024,314.80722,3.320147e14
9749,3.320147e14,8.832333,314.78192,3.320147e14
9750,3.320147e14,8.831675,314.86487,3.320147e14
9751,3.320147e14,8.832487,314.86646,3.320147e14
9752,3.320147e14,8.832574,314.90903,3.320147e14
9753,3.320147e14,8.832572,314.9562,3.320147e14
9754,3.320147e14,8.833368,314.9593,3.320147e14
9755,3.320147e14,8.83288,315.03375,3.320147e14
9756,3.320147e14,8.833854,315.02652,3.320147e14
9757,3.320147e14,8.833492,315.09317,3.320147e14
9758,3.320147e14,8.834086,315.10718,3.320147e14
9759,3.320147e14,8.834256,315.1444,3.320147e14
9760,3.320147e14,8.834287,315.1899,3.320147e14
9761,3.320147e14,8.834942,315.20062,3.320147e14
9762,3.320147e14,8.834663,315.26315,3.320147e14
9763,3.320147e14,8.835416,315.26813,3.320147e14
9764,3.320147e14,8.835252,315.3242,3.320147e14
9765,3.320147e14,8.835724,315.34488,3.320147e14
9766,3.320147e14,8.835937,315.3799,3.320147e14
9767,3.320147e14,8.836017,315.4223,3.320147e14
9768,3.320147e14,8.8365555,315.43958,3.320147e14
9769,3.320147e14,8.8364315,315.4934,3.320147e14
9770,3.320147e14,8.837028,315.50702,3.320147e14
9771,3.320147e14,8.836976,315.5564,3.320147e14
9772,3.320147e14,8.837388,315.5805,3.320147e14
9773,3.320147e14,8.837595,315.61584,3.320147e14
9774,3.320147e14,8.83774,315.65424,3.320147e14
9775,3.320147e14,8.838173,315.6773,3.320147e14
9776,3.320147e14,8.838167,315.72437,3.320147e14
9777,3.320147e14,8.838657,315.7434,3.320147e14
9778,3.320147e14,8.838688,315.7888,3.320147e14
9779,3.320147e14,8.839068,315.81418,3.320147e14
9780,3.320147e14,8.839255,315.8504,3.320147e14
9781,3.320147e14,8.839456,315.88574,3.320147e14
9782,3.320147e14,8.839802,315.9129,3.320147e14
9783,3.320147e14,8.839884,315.9552,3.320147e14
9784,3.320147e14,8.840298,315.97864,3.320147e14
9785,3.320147e14,8.840371,316.0209,3.320147e14
9786,3.320147e14,8.840736,316.0472,3.320147e14
9787,3.320147e14,8.840904,316.08438,3.320147e14
9788,3.320147e14,8.841161,316.11676,3.320147e14
9789,3.320147e14,8.841439,316.1475,3.320147e14
9790,3.320147e14,8.841591,316.1857,3.320147e14
9791,3.320147e14,8.841946,316.2122,3.320147e14
9792,3.320147e14,8.842064,316.25238,3.320147e14
9793,3.320147e14,8.842415,316.2792,3.320147e14
9794,3.320147e14,8.8425665,316.31705,3.320147e14
9795,3.320147e14,8.842851,316.34717,3.320147e14
9796,3.320147e14,8.843079,316.381,3.320147e14
9797,3.320147e14,8.843294,316.4156,3.320147e14
9798,3.320147e14,8.843587,316.44534,3.320147e14
9799,3.320147e14,8.843745,316.48254,3.320147e14
9800,3.320147e14,8.844069,316.51105,3.320147e14
9801,3.320147e14,8.844232,316.54825,3.320147e14
9802,3.320147e14,8.844532,316.57767,3.320147e14
9803,3.320147e14,8.8447275,316.6128,3.320147e14
9804,3.320147e14,8.844982,316.64493,3.320147e14
9805,3.320147e14,8.845228,316.67725,3.320147e14
9806,3.320147e14,8.845438,316.71188,3.320147e14
9807,3.320147e14,8.845723,316.74225,3.320147e14
9808,3.320147e14,8.845902,316.7783,3.320147e14
9809,3.320147e14,8.84619,316.80786,3.320147e14
9810,3.320147e14,8.846376,316.84344,3.320147e14
9811,3.320147e14,8.846659,316.8741,3.320147e14
9812,3.320147e14,8.846871,316.90833,3.320147e14
9813,3.320147e14,8.8471155,316.94052,3.320147e14
9814,3.320147e14,8.847355,316.97284,3.320147e14
9815,3.320147e14,8.847573,317.0066,3.320147e14
9816,3.320147e14,8.847845,317.0377,3.320147e14
9817,3.320147e14,8.848048,317.07248,3.320147e14
9818,3.320147e14,8.848311,317.10297,3.320147e14
9819,3.320147e14,8.848512,317.13745,3.320147e14
9820,3.320147e14,8.848777,317.16876,3.320147e14
9821,3.320147e14,8.848997,317.20242,3.320147e14
9822,3.320147e14,8.849242,317.23456,3.320147e14
9823,3.320147e14,8.849476,317.267,3.320147e14
9824,3.320147e14,8.849704,317.3003,3.320147e14
9825,3.320147e14,8.849959,317.33167,3.320147e14
9826,3.320147e14,8.850172,317.36542,3.320147e14
9827,3.320147e14,8.850438,317.3965,3.320147e14
9828,3.320147e14,8.850648,317.43066,3.320147e14
9829,3.320147e14,8.8509,317.46173,3.320147e14
9830,3.320147e14,8.851114,317.49536,3.320147e14
9831,3.320147e14,8.851372,317.52698,3.320147e14
9832,3.320147e14,8.851598,317.56018,3.320147e14
9833,3.320147e14,8.851834,317.5922,3.320147e14
9834,3.320147e14,8.852065,317.62463,3.320147e14
9835,3.320147e14,8.852302,317.65723,3.320147e14
9836,3.320147e14,8.852549,317.68918,3.320147e14
9837,3.320147e14,8.852774,317.7222,3.320147e14
9838,3.320147e14,8.853019,317.75366,3.320147e14
9839,3.320147e14,8.853238,317.78693,3.320147e14
9840,3.320147e14,8.853489,317.8184,3.320147e14
9841,3.320147e14,8.853713,317.85153,3.320147e14
9842,3.320147e14,8.85396,317.88315,3.320147e14
9843,3.320147e14,8.854183,317.9159,3.320147e14
9844,3.320147e14,8.85442,317.94754,3.320147e14
9845,3.320147e14,8.854652,317.98026,3.320147e14
9846,3.320147e14,8.854893,318.01227,3.320147e14
9847,3.320147e14,8.855125,318.04434,3.320147e14
9848,3.320147e14,8.855359,318.07684,3.320147e14
9849,3.320147e14,8.8555975,318.1087,3.320147e14
9850,3.320147e14,8.855826,318.14117,3.320147e14
9851,3.320147e14,8.856069,318.1728,3.320147e14
9852,3.320147e14,8.856294,318.2054,3.320147e14
9853,3.320147e14,8.856539,318.23703,3.320147e14
9854,3.320147e14,8.856762,318.26965,3.320147e14
9855,3.320147e14,8.857007,318.30115,3.320147e14
9856,3.320147e14,8.85723,318.3338,3.320147e14
9857,3.320147e14,8.857471,318.3652,3.320147e14
9858,3.320147e14,8.857698,318.3977,3.320147e14
9859,3.320147e14,8.857941,318.42926,3.320147e14
9860,3.320147e14,8.85817,318.4616,3.320147e14
9861,3.320147e14,8.858411,318.49326,3.320147e14
9862,3.320147e14,8.858637,318.52563,3.320147e14
9863,3.320147e14,8.858873,318.55698,3.320147e14
9864,3.320147e14,8.8591,318.58926,3.320147e14
9865,3.320147e14,8.859348,318.621,3.320147e14
9866,3.320147e14,8.859567,318.65292,3.320147e14
9867,3.320147e14,8.859808,318.68436,3.320147e14
9868,3.320147e14,8.860038,318.71667,3.320147e14
9869,3.320147e14,8.860277,318.74808,3.320147e14
9870,3.320147e14,8.860504,318.78015,3.320147e14
9871,3.320147e14,8.860742,318.81174,3.320147e14
9872,3.320147e14,8.8609705,318.8437,3.320147e14
9873,3.320147e14,8.861202,318.8754,3.320147e14
9874,3.320147e14,8.861437,318.90707,3.320147e14
9875,3.320147e14,8.861667,318.93878,3.320147e14
9876,3.320147e14,8.861905,318.97028,3.320147e14
9877,3.320147e14,8.862133,319.00223,3.320147e14
9878,3.320147e14,8.8623705,319.03363,3.320147e14
9879,3.320147e14,8.8625965,319.06567,3.320147e14
9880,3.320147e14,8.862834,319.09668,3.320147e14
9881,3.320147e14,8.86306,319.1289,3.320147e14
9882,3.320147e14,8.863303,319.15982,3.320147e14
9883,3.320147e14,8.863522,319.1919,3.320147e14
9884,3.320147e14,8.863767,319.2227,3.320147e14
9885,3.320147e14,8.863987,319.25522,3.320147e14
9886,3.320147e14,8.864233,319.28583,3.320147e14
9887,3.320147e14,8.864445,319.3182,3.320147e14
9888,3.320147e14,8.864698,319.34863,3.320147e14
9889,3.320147e14,8.864914,319.3813,3.320147e14
9890,3.320147e14,8.8651705,319.41144,3.320147e14
9891,3.320147e14,8.865373,319.44458,3.320147e14
9892,3.320147e14,8.865636,319.4741,3.320147e14
9893,3.320147e14,8.865827,319.5076,3.320147e14
9894,3.320147e14,8.866111,319.5362,3.320147e14
9895,3.320147e14,8.866288,319.57074,3.320147e14
9896,3.320147e14,8.866586,319.59842,3.320147e14
9897,3.320147e14,8.866733,319.634,3.320147e14
9898,3.320147e14,8.867055,319.66037,3.320147e14
9899,3.320147e14,8.867179,319.69794,3.320147e14
9900,3.320147e14,8.867542,319.72192,3.320147e14
9901,3.320147e14,8.867611,319.76215,3.320147e14
9902,3.320147e14,8.868033,319.78238,3.320147e14
9903,3.320147e14,8.868035,319.8266,3.320147e14
9904,3.320147e14,8.868553,319.8421,3.320147e14
9905,3.320147e14,8.868442,319.89267,3.320147e14
9906,3.320147e14,8.869088,319.90042,3.320147e14
9907,3.320147e14,8.8688,319.96033,3.320147e14
9908,3.3201466e14,8.869663,319.9562,3.3201466e14
9909,3.3201466e14,8.8691225,320.03128,3.3201466e14
9910,3.3201466e14,8.870306,320.00964,3.3201466e14
9911,3.3201466e14,8.869361,320.1063,3.3201466e14
9912,3.3201466e14,8.871013,320.05893,3.3201466e14
9913,3.3201466e14,8.869537,320.1866,3.3201466e14
9914,3.3201466e14,8.871781,320.1059,3.3201466e14
9915,3.3201466e14,8.869697,320.26794,3.3201466e14
9916,3.3201466e14,8.872462,320.15732,3.3201466e14
9917,3.3201466e14,8.870053,320.33646,3.3201466e14
9918,3.3201466e14,8.87278,320.22607,3.3201466e14
9919,3.3201466e14,8.870907,320.37256,3.3201466e14
9920,3.3201466e14,8.872575,320.3208,3.3201466e14
9921,3.3201466e14,8.872179,320.38577,3.3201466e14
9922,3.3201466e14,8.87221,320.42838,3.3201466e14
9923,3.3201466e14,8.873373,320.40823,3.3201466e14
9924,3.3201466e14,8.872199,320.5195,3.3201466e14
9925,3.3201466e14,8.874046,320.45935,3.3201466e14
9926,3.3201466e14,8.872758,320.57477,3.3201466e14
9927,3.3201466e14,8.874109,320.54108,3.3201466e14
9928,3.3201466e14,8.873762,320.60327,3.3201466e14
9929,3.3201466e14,8.87393,320.63754,3.3201466e14
9930,3.3201466e14,8.874757,320.63495,3.3201466e14
9931,3.3201466e14,8.874004,320.72134,3.3201466e14
9932,3.3201466e14,8.875352,320.68918,3.3201466e14
9933,3.3201466e14,8.874564,320.77646,3.3201466e14
9934,3.3201466e14,8.875511,320.76605,3.3201466e14
9935,3.3201466e14,8.875447,320.81317,3.3201466e14
9936,3.3201466e14,8.875532,320.85214,3.3201466e14
9937,3.3201466e14,8.87627,320.8538,3.3201466e14
9938,3.3201466e14,8.875765,320.92636,3.3201466e14
9939,3.3201466e14,8.876779,320.91278,3.3201466e14
9940,3.3201466e14,8.876334,320.98062,3.3201466e14
9941,3.3201466e14,8.876978,320.9875,3.3201466e14
9942,3.3201466e14,8.8770895,321.02432,3.3201466e14
9943,3.3201466e14,8.877123,321.06573,3.3201466e14
9944,3.3201466e14,8.877782,321.07254,3.3201466e14
9945,3.3201466e14,8.877464,321.13388,3.3201466e14
9946,3.3201466e14,8.878238,321.1334,3.3201466e14
9947,3.3201466e14,8.8780365,321.1883,3.3201466e14
9948,3.3201466e14,8.87851,321.2048,3.3201466e14
9949,3.3201466e14,8.878715,321.23633,3.3201466e14
9950,3.3201466e14,8.878766,321.27698,3.3201466e14
9951,3.3201466e14,8.879326,321.28912,3.3201466e14
9952,3.3201466e14,8.879156,321.34186,3.3201466e14
9953,3.3201466e14,8.879758,321.35074,3.3201466e14
9954,3.3201466e14,8.879696,321.3977,3.3201466e14
9955,3.3201466e14,8.880082,321.41913,3.3201466e14
9956,3.3201466e14,8.880305,321.44977,3.3201466e14
9957,3.3201466e14,8.880404,321.48743,3.3201466e14
9958,3.3201466e14,8.880865,321.5048,3.3201466e14
9959,3.3201466e14,8.880817,321.55063,3.3201466e14
9960,3.3201466e14,8.881314,321.56577,3.3201466e14
9961,3.3201466e14,8.881335,321.60767,3.3201466e14
9962,3.3201466e14,8.881683,321.63144,3.3201466e14
9963,3.3201466e14,8.881894,321.66214,3.3201466e14
9964,3.3201466e14,8.882042,321.69717,3.3201466e14
9965,3.3201466e14,8.882426,321.71875,3.3201466e14
9966,3.3201466e14,8.882459,321.75937,3.3201466e14
9967,3.3201466e14,8.882877,321.779,3.3201466e14
9968,3.3201466e14,8.882954,321.8179,3.3201466e14
9969,3.3201466e14,8.883275,321.84222,3.3201466e14
9970,3.3201466e14,8.883479,321.8741,3.3201466e14
9971,3.3201466e14,8.88367,321.90607,3.3201466e14
9972,3.3201466e14,8.883984,321.93076,3.3201466e14
9973,3.3201466e14,8.8840885,321.96802,3.3201466e14
9974,3.3201466e14,8.884452,321.99054,3.3201466e14
9975,3.3201466e14,8.884554,322.02737,3.3201466e14
9976,3.3201466e14,8.8848715,322.05203,3.3201466e14
9977,3.3201466e14,8.885053,322.08493,3.3201466e14
9978,3.3201466e14,8.885286,322.11462,3.3201466e14
9979,3.3201466e14,8.885553,322.14227,3.3201466e14
9980,3.3201466e14,8.885704,322.17618,3.3201466e14
9981,3.3201466e14,8.88602,322.20114,3.3201466e14
9982,3.3201466e14,8.886156,322.23615,3.3201466e14
9983,3.3201466e14,8.886461,322.26144,3.3201466e14
9984,3.3201466e14,8.886632,322.29465,3.3201466e14
9985,3.3201466e14,8.886891,322.3228,3.3201466e14
9986,3.3201466e14,8.887114,322.35248,3.3201466e14
9987,3.3201466e14,8.887318,322.3838,3.3201466e14
9988,3.3201466e14,8.887589,322.41095,3.3201466e14
9989,3.3201466e14,8.887757,322.44385,3.3201466e14
9990,3.3201466e14,8.888048,322.4704,3.3201466e14
9991,3.3201466e14,8.888219,322.50314,3.3201466e14
9992,3.3201466e14,8.888485,322.5303,3.3201466e14
9993,3.3201466e14,8.888685,322.56168,3.3201466e14
9994,3.3201466e14,8.888925,322.5908,3.3201466e14
9995,3.3201466e14,8.889154,322.62003,3.3201466e14
9996,3.3201466e14,8.889361,322.6508,3.3201466e14
9997,3.3201466e14,8.889619,322.6787,3.3201466e14
9998,3.3201466e14,8.889809,322.71036,3.3201466e14
9999,3.3201466e14,8.890075,322.73776,3.3201466e14
10000,3.3201466e14,8.890267,322.76895,3.3201466e14
10001,3.3201466e14,8.732719,300.81427,3.3201466e14
